-- phpMyAdmin SQL Dump
-- version 5.2.0
-- https://www.phpmyadmin.net/
--
-- Host: 127.0.0.1
-- Generation Time: Jan 18, 2024 at 10:16 AM
-- Server version: 10.4.25-MariaDB
-- PHP Version: 8.1.10

SET SQL_MODE = "NO_AUTO_VALUE_ON_ZERO";
START TRANSACTION;
SET time_zone = "+00:00";


/*!40101 SET @OLD_CHARACTER_SET_CLIENT=@@CHARACTER_SET_CLIENT */;
/*!40101 SET @OLD_CHARACTER_SET_RESULTS=@@CHARACTER_SET_RESULTS */;
/*!40101 SET @OLD_COLLATION_CONNECTION=@@COLLATION_CONNECTION */;
/*!40101 SET NAMES utf8mb4 */;

--
-- Database: `open`
--

-- --------------------------------------------------------

--
-- Table structure for table `academic_syllabus`
--

CREATE TABLE `academic_syllabus` (
  `id` int(11) NOT NULL,
  `academic_syllabus_code` longtext CHARACTER SET utf8 COLLATE utf8_unicode_ci NOT NULL,
  `title` longtext CHARACTER SET utf8 COLLATE utf8_unicode_ci NOT NULL,
  `class_id` int(11) NOT NULL,
  `subject_id` int(11) NOT NULL,
  `description` longtext CHARACTER SET utf8 COLLATE utf8_unicode_ci NOT NULL,
  `uploader_type` longtext CHARACTER SET utf8 COLLATE utf8_unicode_ci NOT NULL,
  `uploader_id` longtext CHARACTER SET utf8 COLLATE utf8_unicode_ci NOT NULL,
  `session` longtext CHARACTER SET utf8 COLLATE utf8_unicode_ci NOT NULL,
  `timestamp` int(11) NOT NULL,
  `file_name` longtext CHARACTER SET utf8 COLLATE utf8_unicode_ci NOT NULL
) ENGINE=MyISAM DEFAULT CHARSET=latin1;

--
-- Dumping data for table `academic_syllabus`
--

INSERT INTO `academic_syllabus` (`id`, `academic_syllabus_code`, `title`, `class_id`, `subject_id`, `description`, `uploader_type`, `uploader_id`, `session`, `timestamp`, `file_name`) VALUES
(4, 'c92aa3b', 'swegft', 2, 4, 'sdfgvhgj', 'admin', '1', '2019-2020', 1701157021, 'index.html'),
(5, 'ad5997a', 'esrdthyuj', 2, 4, 'wedtghyui', 'admin', '1', '2019-2020', 1702487540, 'customer-support.png');

-- --------------------------------------------------------

--
-- Table structure for table `activity`
--

CREATE TABLE `activity` (
  `activity_id` int(11) NOT NULL,
  `name` longtext CHARACTER SET utf8 COLLATE utf8_unicode_ci NOT NULL,
  `colour` longtext CHARACTER SET utf8 COLLATE utf8_unicode_ci NOT NULL,
  `icon` longtext CHARACTER SET utf8 COLLATE utf8_unicode_ci NOT NULL,
  `club_id` int(11) NOT NULL,
  `description` longtext CHARACTER SET utf8 COLLATE utf8_unicode_ci NOT NULL,
  `date` longtext CHARACTER SET utf8 COLLATE utf8_unicode_ci NOT NULL
) ENGINE=MyISAM DEFAULT CHARSET=latin1;

-- --------------------------------------------------------

--
-- Table structure for table `admin`
--

CREATE TABLE `admin` (
  `admin_id` int(11) NOT NULL,
  `name` longtext COLLATE utf8_unicode_ci NOT NULL,
  `email` longtext COLLATE utf8_unicode_ci NOT NULL,
  `phone` longtext COLLATE utf8_unicode_ci NOT NULL,
  `password` longtext COLLATE utf8_unicode_ci NOT NULL,
  `userfile` varchar(255) COLLATE utf8_unicode_ci NOT NULL,
  `level` longtext COLLATE utf8_unicode_ci NOT NULL,
  `login_status` longtext COLLATE utf8_unicode_ci NOT NULL
) ENGINE=InnoDB DEFAULT CHARSET=utf8 COLLATE=utf8_unicode_ci;

--
-- Dumping data for table `admin`
--

INSERT INTO `admin` (`admin_id`, `name`, `email`, `phone`, `password`, `userfile`, `level`, `login_status`) VALUES
(1, 'Administrator', 'admin@admin.com', '07133445656', 'f865b53623b121fd34ee5426c792e5c33af8c227', 'passport-photo.jpeg', '1', '1'),
(16, 'ankita', 'ankita@gmail.com', '9890987678', 'da54e6c92368d10baaca171faf8dad325c3542d3', '', '2', '0'),
(17, 'sudipa', 'sudipa@gmail.com', '8765432123', '42e6ea9c6e89fbac7d5fe72df4fbeabde334da9c', '', '2', '1');

-- --------------------------------------------------------

--
-- Table structure for table `admin_role`
--

CREATE TABLE `admin_role` (
  `admin_role_id` int(11) NOT NULL,
  `admin_id` int(11) NOT NULL,
  `dashboard` int(11) NOT NULL,
  `manage_academics` int(11) NOT NULL,
  `manage_employee` int(11) NOT NULL,
  `manage_meeting` int(11) NOT NULL,
  `manage_recorded_lecture` int(11) NOT NULL,
  `manage_student` int(11) NOT NULL,
  `manage_attendance` int(11) NOT NULL,
  `download_page` int(11) NOT NULL,
  `manage_parent` int(11) NOT NULL,
  `manage_alumni` int(11) NOT NULL,
  `manage_quiz` int(11) NOT NULL
) ENGINE=MyISAM DEFAULT CHARSET=latin1;

--
-- Dumping data for table `admin_role`
--

INSERT INTO `admin_role` (`admin_role_id`, `admin_id`, `dashboard`, `manage_academics`, `manage_employee`, `manage_meeting`, `manage_recorded_lecture`, `manage_student`, `manage_attendance`, `download_page`, `manage_parent`, `manage_alumni`, `manage_quiz`) VALUES
(4, 1, 1, 1, 1, 1, 1, 1, 1, 1, 1, 1, 1),
(7, 9, 1, 1, 1, 0, 0, 1, 1, 0, 0, 0, 0),
(8, 1, 1, 1, 1, 1, 0, 1, 1, 1, 1, 1, 1),
(9, 10, 1, 1, 1, 0, 0, 1, 1, 1, 1, 1, 0),
(10, 11, 1, 1, 0, 0, 0, 0, 0, 0, 0, 0, 0),
(11, 15, 0, 0, 0, 0, 0, 0, 0, 0, 0, 0, 0),
(12, 16, 1, 0, 0, 0, 0, 0, 0, 0, 0, 0, 0),
(13, 17, 0, 0, 0, 0, 0, 0, 0, 0, 0, 0, 1);

-- --------------------------------------------------------

--
-- Table structure for table `announcement`
--

CREATE TABLE `announcement` (
  `id` int(11) NOT NULL,
  `title` varchar(255) NOT NULL,
  `announcement_img` varchar(255) NOT NULL,
  `created_date` datetime NOT NULL DEFAULT current_timestamp()
) ENGINE=InnoDB DEFAULT CHARSET=utf8mb4;

--
-- Dumping data for table `announcement`
--

INSERT INTO `announcement` (`id`, `title`, `announcement_img`, `created_date`) VALUES
(8, 'JEET/NEET Test Series', '1702101097815841.jpg', '2024-01-16 14:06:34');

-- --------------------------------------------------------

--
-- Table structure for table `assignment`
--

CREATE TABLE `assignment` (
  `assignment_id` int(11) NOT NULL,
  `name` longtext CHARACTER SET utf8 COLLATE utf8_unicode_ci NOT NULL,
  `subject_id` int(11) NOT NULL,
  `class_id` int(11) NOT NULL,
  `teacher_id` int(11) NOT NULL,
  `description` longtext CHARACTER SET utf8 COLLATE utf8_unicode_ci NOT NULL,
  `file_name` longtext CHARACTER SET utf8 COLLATE utf8_unicode_ci NOT NULL,
  `file_type` longtext CHARACTER SET utf8 COLLATE utf8_unicode_ci NOT NULL,
  `timestamp` longtext CHARACTER SET utf8 COLLATE utf8_unicode_ci NOT NULL
) ENGINE=MyISAM DEFAULT CHARSET=latin1;

--
-- Dumping data for table `assignment`
--

INSERT INTO `assignment` (`assignment_id`, `name`, `subject_id`, `class_id`, `teacher_id`, `description`, `file_name`, `file_type`, `timestamp`) VALUES
(1, 'Assignment for Nursery One', 4, 2, 1, 'DESC', 'invoice.docx', 'pdf', '2018-08-19');

-- --------------------------------------------------------

--
-- Table structure for table `attendance`
--

CREATE TABLE `attendance` (
  `attendance_id` int(11) NOT NULL,
  `status` int(11) NOT NULL COMMENT '0 undefined , 1 present , 2  absent, 3 holiday, 4 half day, 5 late',
  `student_id` int(11) NOT NULL,
  `date` date NOT NULL,
  `session` longtext CHARACTER SET utf8 COLLATE utf8_unicode_ci NOT NULL
) ENGINE=InnoDB DEFAULT CHARSET=latin1;

--
-- Dumping data for table `attendance`
--

INSERT INTO `attendance` (`attendance_id`, `status`, `student_id`, `date`, `session`) VALUES
(39, 1, 45, '2019-12-20', ''),
(40, 1, 45, '2019-12-22', ''),
(41, 1, 45, '2021-12-02', ''),
(42, 2, 45, '2021-12-03', ''),
(43, 4, 45, '2023-11-28', ''),
(44, 0, 45, '2024-01-12', '');

-- --------------------------------------------------------

--
-- Table structure for table `bank`
--

CREATE TABLE `bank` (
  `bank_id` int(11) NOT NULL,
  `account_holder_name` longtext CHARACTER SET utf8 COLLATE utf8_unicode_ci NOT NULL,
  `account_number` longtext CHARACTER SET utf8 COLLATE utf8_unicode_ci NOT NULL,
  `bank_name` longtext CHARACTER SET utf8 COLLATE utf8_unicode_ci NOT NULL,
  `branch` longtext CHARACTER SET utf8 COLLATE utf8_unicode_ci NOT NULL
) ENGINE=MyISAM DEFAULT CHARSET=latin1;

--
-- Dumping data for table `bank`
--

INSERT INTO `bank` (`bank_id`, `account_holder_name`, `account_number`, `bank_name`, `branch`) VALUES
(2, 'Udemy Instructor', '1234567', 'Payoneer or paypal', 'USA'),
(3, 'Udemy Instructor', '1234567', 'Payoneer or paypal', 'USA'),
(4, 'Udemy Instructor', '1234567', 'Payoneer or paypal', 'USA'),
(5, 'ANKITA', '88765443212345', 'BOI', 'Reshimbag'),
(6, 'ASDFGH', 'SDFGH', 'SDXFCG', 'XDFDGH');

-- --------------------------------------------------------

--
-- Table structure for table `book`
--

CREATE TABLE `book` (
  `book_id` int(11) NOT NULL,
  `name` longtext CHARACTER SET utf8 COLLATE utf8_unicode_ci NOT NULL,
  `description` longtext CHARACTER SET utf8 COLLATE utf8_unicode_ci NOT NULL,
  `author_id` int(11) NOT NULL,
  `publisher_id` int(11) NOT NULL,
  `book_category_id` int(11) NOT NULL,
  `isbn` longtext CHARACTER SET utf8 COLLATE utf8_unicode_ci NOT NULL,
  `edition` longtext CHARACTER SET utf8 COLLATE utf8_unicode_ci NOT NULL,
  `subject_id` int(11) NOT NULL,
  `quantity` longtext CHARACTER SET utf8 COLLATE utf8_unicode_ci NOT NULL,
  `timestamp` int(11) NOT NULL,
  `class_id` int(11) NOT NULL,
  `status` varchar(255) CHARACTER SET utf8 COLLATE utf8_unicode_ci NOT NULL,
  `price` varchar(255) CHARACTER SET utf8 COLLATE utf8_unicode_ci NOT NULL
) ENGINE=MyISAM DEFAULT CHARSET=latin1;

--
-- Dumping data for table `book`
--

INSERT INTO `book` (`book_id`, `name`, `description`, `author_id`, `publisher_id`, `book_category_id`, `isbn`, `edition`, `subject_id`, `quantity`, `timestamp`, `class_id`, `status`, `price`) VALUES
(1, 'Advance Java.', 'This is the newly released book by Sheg', 2, 1, 2, 'DS34FD', '1st', 0, '1', 1576951200, 2, '1', '200'),
(2, 'Python', 'Python', 2, 1, 2, 'DS34FD', '1st', 4, '2', 1574186400, 2, '2', '500');

-- --------------------------------------------------------

--
-- Table structure for table `book_category`
--

CREATE TABLE `book_category` (
  `book_category_id` int(11) NOT NULL,
  `name` longtext CHARACTER SET utf8 COLLATE utf8_unicode_ci NOT NULL,
  `description` longtext CHARACTER SET utf8 COLLATE utf8_unicode_ci NOT NULL
) ENGINE=MyISAM DEFAULT CHARSET=latin1;

--
-- Dumping data for table `book_category`
--

INSERT INTO `book_category` (`book_category_id`, `name`, `description`) VALUES
(2, 'Non fictional.', 'This is another non-fictional book');

-- --------------------------------------------------------

--
-- Table structure for table `circular`
--

CREATE TABLE `circular` (
  `circular_id` int(11) NOT NULL,
  `title` longtext CHARACTER SET utf8 COLLATE utf8_unicode_ci NOT NULL,
  `reference` longtext CHARACTER SET utf8 COLLATE utf8_unicode_ci NOT NULL,
  `content` longtext CHARACTER SET utf8 COLLATE utf8_unicode_ci NOT NULL,
  `date` longtext CHARACTER SET utf8 COLLATE utf8_unicode_ci NOT NULL
) ENGINE=MyISAM DEFAULT CHARSET=latin1;

--
-- Dumping data for table `circular`
--

INSERT INTO `circular` (`circular_id`, `title`, `reference`, `content`, `date`) VALUES
(2, 'Meeting for all the members of the school', 'DF46SFGH', 'This is for all the teaching staff. Ensure you are all present.', '2018-08-24');

-- --------------------------------------------------------

--
-- Table structure for table `ci_sessions`
--

CREATE TABLE `ci_sessions` (
  `id` varchar(40) COLLATE utf8_unicode_ci NOT NULL,
  `ip_address` varchar(45) COLLATE utf8_unicode_ci NOT NULL,
  `timestamp` int(10) UNSIGNED NOT NULL DEFAULT 0,
  `data` blob NOT NULL
) ENGINE=InnoDB DEFAULT CHARSET=utf8 COLLATE=utf8_unicode_ci;

--
-- Dumping data for table `ci_sessions`
--

INSERT INTO `ci_sessions` (`id`, `ip_address`, `timestamp`, `data`) VALUES
('012d0ckl5ga9cb301uk2eh5btv7152f2', '::1', 1704304325, 0x5f5f63695f6c6173745f726567656e65726174657c693a313730343330343332353b6c6f67696e5f747970657c733a353a2261646d696e223b61646d696e5f6c6f67696e7c733a313a2231223b61646d696e5f69647c733a313a2231223b6c6f67696e5f757365725f69647c733a313a2231223b6e616d657c733a31333a2241646d696e6973747261746f72223b666c6173685f6d6573736167657c733a31303a2244617461204164646564223b5f5f63695f766172737c613a313a7b733a31333a22666c6173685f6d657373616765223b733a333a226f6c64223b7d),
('0dmfh4ao3rsnq8h3rd7342ndbesnt4vs', '::1', 1704370776, 0x5f5f63695f6c6173745f726567656e65726174657c693a313730343337303737363b6c6f67696e5f747970657c733a353a2261646d696e223b61646d696e5f6c6f67696e7c733a313a2231223b61646d696e5f69647c733a313a2231223b6c6f67696e5f757365725f69647c733a313a2231223b6e616d657c733a31333a2241646d696e6973747261746f72223b666c6173685f6d6573736167657c733a32333a2244617461205361766564205375636365737366756c6c79223b5f5f63695f766172737c613a313a7b733a31333a22666c6173685f6d657373616765223b733a333a226f6c64223b7d),
('0t9vi6e3n359etpeo98ij364u34pjnbn', '::1', 1703612258, 0x5f5f63695f6c6173745f726567656e65726174657c693a313730333631323139303b6c6f67696e5f747970657c733a353a2261646d696e223b61646d696e5f6c6f67696e7c733a313a2231223b61646d696e5f69647c733a313a2231223b6c6f67696e5f757365725f69647c733a313a2231223b6e616d657c733a31333a2241646d696e6973747261746f72223b666c6173685f6d6573736167657c733a31383a225375636365737366756c6c79204c6f67696e223b5f5f63695f766172737c613a313a7b733a31333a22666c6173685f6d657373616765223b733a333a226f6c64223b7d),
('0v8gnuieh36566u27c8vdaob1rpsojnm', '::1', 1703854098, 0x5f5f63695f6c6173745f726567656e65726174657c693a313730333835343037373b6c6f67696e5f747970657c733a353a2261646d696e223b61646d696e5f6c6f67696e7c733a313a2231223b61646d696e5f69647c733a313a2231223b6c6f67696e5f757365725f69647c733a313a2231223b6e616d657c733a31333a2241646d696e6973747261746f72223b666c6173685f6d6573736167657c733a32353a22446174612044656c65746564205375636365737366756c6c79223b5f5f63695f766172737c613a313a7b733a31333a22666c6173685f6d657373616765223b733a333a226f6c64223b7d),
('14cbhg9mfqsd8grc88rifgh8ao3s7dbi', '::1', 1703265905, 0x5f5f63695f6c6173745f726567656e65726174657c693a313730333236353930353b6c6f67696e5f747970657c733a353a2261646d696e223b61646d696e5f6c6f67696e7c733a313a2231223b61646d696e5f69647c733a313a2231223b6c6f67696e5f757365725f69647c733a313a2231223b6e616d657c733a31333a2241646d696e6973747261746f72223b666c6173685f6d6573736167657c733a31383a225375636365737366756c6c79204c6f67696e223b5f5f63695f766172737c613a313a7b733a31333a22666c6173685f6d657373616765223b733a333a226f6c64223b7d),
('1auq5d95fg7f01j9vjakotke3n55drs7', '::1', 1704302673, 0x5f5f63695f6c6173745f726567656e65726174657c693a313730343330323637333b6c6f67696e5f747970657c733a353a2261646d696e223b61646d696e5f6c6f67696e7c733a313a2231223b61646d696e5f69647c733a313a2231223b6c6f67696e5f757365725f69647c733a313a2231223b6e616d657c733a31333a2241646d696e6973747261746f72223b666c6173685f6d6573736167657c733a31383a225375636365737366756c6c79204c6f67696e223b5f5f63695f766172737c613a313a7b733a31333a22666c6173685f6d657373616765223b733a333a226f6c64223b7d),
('1g0vceaeu9049mk2s20qvdgmg2c3tb7u', '::1', 1703321959, 0x5f5f63695f6c6173745f726567656e65726174657c693a313730333332313935393b6572726f725f6d6573736167657c733a32333a2257726f6e6720456d61696c204f722050617373776f7264223b5f5f63695f766172737c613a323a7b733a31333a226572726f725f6d657373616765223b733a333a226f6c64223b733a31333a22666c6173685f6d657373616765223b733a333a226f6c64223b7d6c6f67696e5f747970657c733a353a2261646d696e223b61646d696e5f6c6f67696e7c733a313a2231223b61646d696e5f69647c733a313a2231223b6c6f67696e5f757365725f69647c733a313a2231223b6e616d657c733a31333a2241646d696e6973747261746f72223b666c6173685f6d6573736167657c733a31383a225375636365737366756c6c79204c6f67696e223b),
('1gm7ug0t6a2cbv0a4r2296vjo4if4b0r', '::1', 1703266178, 0x5f5f63695f6c6173745f726567656e65726174657c693a313730333236353930353b6c6f67696e5f747970657c733a353a2261646d696e223b61646d696e5f6c6f67696e7c733a313a2231223b61646d696e5f69647c733a313a2231223b6c6f67696e5f757365725f69647c733a313a2231223b6e616d657c733a31333a2241646d696e6973747261746f72223b666c6173685f6d6573736167657c733a31383a225375636365737366756c6c79204c6f67696e223b5f5f63695f766172737c613a313a7b733a31333a22666c6173685f6d657373616765223b733a333a226f6c64223b7d),
('1kispf2rme8897sbd8fluu7e4v67djuo', '::1', 1703316668, 0x5f5f63695f6c6173745f726567656e65726174657c693a313730333331363636383b6c6f67696e5f747970657c733a353a2261646d696e223b61646d696e5f6c6f67696e7c733a313a2231223b61646d696e5f69647c733a313a2231223b6c6f67696e5f757365725f69647c733a313a2231223b6e616d657c733a31333a2241646d696e6973747261746f72223b666c6173685f6d6573736167657c733a31383a225375636365737366756c6c79204c6f67696e223b5f5f63695f766172737c613a313a7b733a31333a22666c6173685f6d657373616765223b733a333a226f6c64223b7d),
('2cbel1p715d48br6qlomumeuceo0vseu', '::1', 1704948345, 0x5f5f63695f6c6173745f726567656e65726174657c693a313730343934383239333b6c6f67696e5f747970657c733a353a2261646d696e223b61646d696e5f6c6f67696e7c733a313a2231223b61646d696e5f69647c733a313a2231223b6c6f67696e5f757365725f69647c733a313a2231223b6e616d657c733a31333a2241646d696e6973747261746f72223b666c6173685f6d6573736167657c733a32333a2244617461205361766564205375636365737366756c6c79223b5f5f63695f766172737c613a313a7b733a31333a22666c6173685f6d657373616765223b733a333a226f6c64223b7d),
('2e2e6lhf9jdp1kh8knt5n652fhrcgs62', '::1', 1704020240, 0x5f5f63695f6c6173745f726567656e65726174657c693a313730343032303234303b6572726f725f6d6573736167657c733a32333a2257726f6e6720456d61696c204f722050617373776f7264223b5f5f63695f766172737c613a323a7b733a31333a226572726f725f6d657373616765223b733a333a226f6c64223b733a31333a22666c6173685f6d657373616765223b733a333a226f6c64223b7d6c6f67696e5f747970657c733a353a2261646d696e223b61646d696e5f6c6f67696e7c733a313a2231223b61646d696e5f69647c733a313a2231223b6c6f67696e5f757365725f69647c733a313a2231223b6e616d657c733a31333a2241646d696e6973747261746f72223b666c6173685f6d6573736167657c733a31383a225375636365737366756c6c79204c6f67696e223b),
('2ftjubr0uogegf5vkkatb6mvaieb94vh', '::1', 1703436898, 0x5f5f63695f6c6173745f726567656e65726174657c693a313730333433363839383b6c6f67696e5f747970657c733a353a2261646d696e223b61646d696e5f6c6f67696e7c733a313a2231223b61646d696e5f69647c733a313a2231223b6c6f67696e5f757365725f69647c733a313a2231223b6e616d657c733a31333a2241646d696e6973747261746f72223b666c6173685f6d6573736167657c733a32353a22446174612055706461746564205375636365737366756c6c79223b5f5f63695f766172737c613a313a7b733a31333a22666c6173685f6d657373616765223b733a333a226f6c64223b7d),
('2iop3bc4k8sr1muaeot5evqtppdolki7', '::1', 1703325699, 0x5f5f63695f6c6173745f726567656e65726174657c693a313730333332353433303b6572726f725f6d6573736167657c733a32333a2257726f6e6720456d61696c204f722050617373776f7264223b5f5f63695f766172737c613a323a7b733a31333a226572726f725f6d657373616765223b733a333a226f6c64223b733a31333a22666c6173685f6d657373616765223b733a333a226f6c64223b7d6c6f67696e5f747970657c733a353a2261646d696e223b61646d696e5f6c6f67696e7c733a313a2231223b61646d696e5f69647c733a313a2231223b6c6f67696e5f757365725f69647c733a313a2231223b6e616d657c733a31333a2241646d696e6973747261746f72223b666c6173685f6d6573736167657c733a32333a225175697a204164646564205375636365737366756c6c79223b),
('3f1sp64jn9iiclr1r8du6rj62s74es4e', '::1', 1703265493, 0x5f5f63695f6c6173745f726567656e65726174657c693a313730333236353439333b6c6f67696e5f747970657c733a353a2261646d696e223b61646d696e5f6c6f67696e7c733a313a2231223b61646d696e5f69647c733a313a2231223b6c6f67696e5f757365725f69647c733a313a2231223b6e616d657c733a31333a2241646d696e6973747261746f72223b666c6173685f6d6573736167657c733a31383a225375636365737366756c6c79204c6f67696e223b5f5f63695f766172737c613a313a7b733a31333a22666c6173685f6d657373616765223b733a333a226f6c64223b7d),
('46pfo6frh8rbimvou4qk2rn1i0himkbv', '::1', 1704215360, 0x5f5f63695f6c6173745f726567656e65726174657c693a313730343231353336303b6c6f67696e5f747970657c733a353a2261646d696e223b61646d696e5f6c6f67696e7c733a313a2231223b61646d696e5f69647c733a313a2231223b6c6f67696e5f757365725f69647c733a313a2231223b6e616d657c733a31333a2241646d696e6973747261746f72223b666c6173685f6d6573736167657c733a31383a225375636365737366756c6c79204c6f67696e223b5f5f63695f766172737c613a313a7b733a31333a22666c6173685f6d657373616765223b733a333a226f6c64223b7d),
('4i9ct6gmcc9ju26t9put5cp4hq9uqjok', '::1', 1705394296, 0x5f5f63695f6c6173745f726567656e65726174657c693a313730353339343130313b6c6f67696e5f747970657c733a353a2261646d696e223b61646d696e5f6c6f67696e7c733a313a2231223b61646d696e5f69647c733a313a2231223b6c6f67696e5f757365725f69647c733a313a2231223b6e616d657c733a31333a2241646d696e6973747261746f72223b666c6173685f6d6573736167657c733a31303a2244617461204164646564223b5f5f63695f766172737c613a313a7b733a31333a22666c6173685f6d657373616765223b733a333a226f6c64223b7d),
('4k7s07gf0do59gfkfdi2fr2jg9vm4c2h', '::1', 1704371447, 0x5f5f63695f6c6173745f726567656e65726174657c693a313730343337313434373b6c6f67696e5f747970657c733a353a2261646d696e223b61646d696e5f6c6f67696e7c733a313a2231223b61646d696e5f69647c733a313a2231223b6c6f67696e5f757365725f69647c733a313a2231223b6e616d657c733a31333a2241646d696e6973747261746f72223b666c6173685f6d6573736167657c733a32353a22446174612044656c65746564205375636365737366756c6c79223b5f5f63695f766172737c613a313a7b733a31333a22666c6173685f6d657373616765223b733a333a226f6c64223b7d),
('4qgd8v3ekfm0mhm794311kuk694vo859', '::1', 1703178585, 0x5f5f63695f6c6173745f726567656e65726174657c693a313730333137383538353b6c6f67696e5f747970657c733a353a2261646d696e223b61646d696e5f6c6f67696e7c733a313a2231223b61646d696e5f69647c733a313a2231223b6c6f67696e5f757365725f69647c733a313a2231223b6e616d657c733a31333a2241646d696e6973747261746f72223b666c6173685f6d6573736167657c733a31383a225375636365737366756c6c79204c6f67696e223b5f5f63695f766172737c613a313a7b733a31333a22666c6173685f6d657373616765223b733a333a226f6c64223b7d),
('4qgpndi4pvsa36qbb4v1kc4vu2m5pa80', '::1', 1703437483, 0x5f5f63695f6c6173745f726567656e65726174657c693a313730333433373438333b6c6f67696e5f747970657c733a353a2261646d696e223b61646d696e5f6c6f67696e7c733a313a2231223b61646d696e5f69647c733a313a2231223b6c6f67696e5f757365725f69647c733a313a2231223b6e616d657c733a31333a2241646d696e6973747261746f72223b666c6173685f6d6573736167657c733a32353a22446174612055706461746564205375636365737366756c6c79223b5f5f63695f766172737c613a313a7b733a31333a22666c6173685f6d657373616765223b733a333a226f6c64223b7d),
('4rvfonka0q6dtq96vuq04oko90goi2op', '::1', 1703439032, 0x5f5f63695f6c6173745f726567656e65726174657c693a313730333433393030323b6c6f67696e5f747970657c733a353a2261646d696e223b61646d696e5f6c6f67696e7c733a313a2231223b61646d696e5f69647c733a313a2231223b6c6f67696e5f757365725f69647c733a313a2231223b6e616d657c733a31333a2241646d696e6973747261746f72223b666c6173685f6d6573736167657c733a31383a225375636365737366756c6c79204c6f67696e223b5f5f63695f766172737c613a313a7b733a31333a22666c6173685f6d657373616765223b733a333a226f6c64223b7d),
('540oa2cpp1si0l8rq3n0ub4qo0o5jf9a', '::1', 1703178889, 0x5f5f63695f6c6173745f726567656e65726174657c693a313730333137383838393b6c6f67696e5f747970657c733a353a2261646d696e223b61646d696e5f6c6f67696e7c733a313a2231223b61646d696e5f69647c733a313a2231223b6c6f67696e5f757365725f69647c733a313a2231223b6e616d657c733a31333a2241646d696e6973747261746f72223b666c6173685f6d6573736167657c733a31383a225375636365737366756c6c79204c6f67696e223b5f5f63695f766172737c613a313a7b733a31333a22666c6173685f6d657373616765223b733a333a226f6c64223b7d),
('56kb7i4tmeulvh1mikorq7bog68g3obe', '::1', 1704975588, 0x5f5f63695f6c6173745f726567656e65726174657c693a313730343937353538373b6c6f67696e5f747970657c733a373a2274656163686572223b746561636865725f6c6f67696e7c733a313a2231223b746561636865725f69647c733a313a2233223b6c6f67696e5f757365725f69647c733a313a2233223b6e616d657c733a343a22416d6974223b666c6173685f6d6573736167657c733a31383a225375636365737366756c6c79204c6f67696e223b5f5f63695f766172737c613a313a7b733a31333a22666c6173685f6d657373616765223b733a333a226f6c64223b7d),
('5alsamj08tcj1927usp98vt7pr8383vj', '::1', 1703243823, 0x5f5f63695f6c6173745f726567656e65726174657c693a313730333234333830383b6c6f67696e5f747970657c733a353a2261646d696e223b61646d696e5f6c6f67696e7c733a313a2231223b61646d696e5f69647c733a313a2231223b6c6f67696e5f757365725f69647c733a313a2231223b6e616d657c733a31333a2241646d696e6973747261746f72223b666c6173685f6d6573736167657c733a31383a225375636365737366756c6c79204c6f67696e223b5f5f63695f766172737c613a313a7b733a31333a22666c6173685f6d657373616765223b733a333a226f6c64223b7d),
('5d1kb6psvja84tfgjdvakk6qqt07o1o5', '::1', 1703575392, 0x5f5f63695f6c6173745f726567656e65726174657c693a313730333537353232303b6c6f67696e5f747970657c733a353a2261646d696e223b61646d696e5f6c6f67696e7c733a313a2231223b61646d696e5f69647c733a313a2231223b6c6f67696e5f757365725f69647c733a313a2231223b6e616d657c733a31333a2241646d696e6973747261746f72223b666c6173685f6d6573736167657c733a32353a22446174612044656c65746564205375636365737366756c6c79223b5f5f63695f766172737c613a313a7b733a31333a22666c6173685f6d657373616765223b733a333a226f6c64223b7d),
('5dbc7fe1vvtaajkimcrbeiea86rtrtp2', '::1', 1703575220, 0x5f5f63695f6c6173745f726567656e65726174657c693a313730333537353232303b6c6f67696e5f747970657c733a353a2261646d696e223b61646d696e5f6c6f67696e7c733a313a2231223b61646d696e5f69647c733a313a2231223b6c6f67696e5f757365725f69647c733a313a2231223b6e616d657c733a31333a2241646d696e6973747261746f72223b666c6173685f6d6573736167657c733a32353a22446174612044656c65746564205375636365737366756c6c79223b5f5f63695f766172737c613a313a7b733a31333a22666c6173685f6d657373616765223b733a333a226f6c64223b7d),
('5igd2djjjtimqtu889ute10ivhr6pd0m', '::1', 1704019918, 0x5f5f63695f6c6173745f726567656e65726174657c693a313730343031393931383b6572726f725f6d6573736167657c733a32333a2257726f6e6720456d61696c204f722050617373776f7264223b5f5f63695f766172737c613a323a7b733a31333a226572726f725f6d657373616765223b733a333a226f6c64223b733a31333a22666c6173685f6d657373616765223b733a333a226f6c64223b7d6c6f67696e5f747970657c733a353a2261646d696e223b61646d696e5f6c6f67696e7c733a313a2231223b61646d696e5f69647c733a313a2231223b6c6f67696e5f757365725f69647c733a313a2231223b6e616d657c733a31333a2241646d696e6973747261746f72223b666c6173685f6d6573736167657c733a31383a225375636365737366756c6c79204c6f67696e223b),
('5k9b3ua0ltf1j8jb5bvfl6igavt0g7rt', '::1', 1704019435, 0x5f5f63695f6c6173745f726567656e65726174657c693a313730343031393339373b6c6f67696e5f747970657c733a353a2261646d696e223b61646d696e5f6c6f67696e7c733a313a2231223b61646d696e5f69647c733a313a2231223b6c6f67696e5f757365725f69647c733a313a2231223b6e616d657c733a31333a2241646d696e6973747261746f72223b666c6173685f6d6573736167657c733a32353a22446174612055706461746564205375636365737366756c6c79223b5f5f63695f766172737c613a313a7b733a31333a22666c6173685f6d657373616765223b733a333a226f6c64223b7d),
('5s3soifdj6vidld9nkp5gpmqa3v02d3k', '::1', 1703315868, 0x5f5f63695f6c6173745f726567656e65726174657c693a313730333331353836383b6c6f67696e5f747970657c733a353a2261646d696e223b61646d696e5f6c6f67696e7c733a313a2231223b61646d696e5f69647c733a313a2231223b6c6f67696e5f757365725f69647c733a313a2231223b6e616d657c733a31333a2241646d696e6973747261746f72223b666c6173685f6d6573736167657c733a31383a225375636365737366756c6c79204c6f67696e223b5f5f63695f766172737c613a313a7b733a31333a22666c6173685f6d657373616765223b733a333a226f6c64223b7d),
('5skaumpk0eeirbekosfsnaubf5009e8n', '::1', 1704020807, 0x5f5f63695f6c6173745f726567656e65726174657c693a313730343032303830373b6572726f725f6d6573736167657c733a32333a2257726f6e6720456d61696c204f722050617373776f7264223b5f5f63695f766172737c613a323a7b733a31333a226572726f725f6d657373616765223b733a333a226f6c64223b733a31333a22666c6173685f6d657373616765223b733a333a226f6c64223b7d6c6f67696e5f747970657c733a353a2261646d696e223b61646d696e5f6c6f67696e7c733a313a2231223b61646d696e5f69647c733a313a2231223b6c6f67696e5f757365725f69647c733a313a2231223b6e616d657c733a31333a2241646d696e6973747261746f72223b666c6173685f6d6573736167657c733a32353a22446174612055706461746564205375636365737366756c6c79223b),
('6866he2lhjj5f8h7p0uohi9ep964una4', '::1', 1704950155, 0x5f5f63695f6c6173745f726567656e65726174657c693a313730343935303135353b6c6f67696e5f747970657c733a353a2261646d696e223b61646d696e5f6c6f67696e7c733a313a2231223b61646d696e5f69647c733a313a2231223b6c6f67696e5f757365725f69647c733a313a2231223b6e616d657c733a31333a2241646d696e6973747261746f72223b666c6173685f6d6573736167657c733a32353a22446174612055706461746564205375636365737366756c6c79223b5f5f63695f766172737c613a313a7b733a31333a22666c6173685f6d657373616765223b733a333a226f6c64223b7d),
('68oe7k5mrd7cg21dsa29a199g7sbe7od', '::1', 1703438225, 0x5f5f63695f6c6173745f726567656e65726174657c693a313730333433383232353b6c6f67696e5f747970657c733a353a2261646d696e223b61646d696e5f6c6f67696e7c733a313a2231223b61646d696e5f69647c733a313a2231223b6c6f67696e5f757365725f69647c733a313a2231223b6e616d657c733a31333a2241646d696e6973747261746f72223b666c6173685f6d6573736167657c733a32353a22446174612055706461746564205375636365737366756c6c79223b5f5f63695f766172737c613a313a7b733a31333a22666c6173685f6d657373616765223b733a333a226f6c64223b7d),
('6banngpiud6fals4b1ba0cetj45td8d2', '::1', 1705562589, 0x5f5f63695f6c6173745f726567656e65726174657c693a313730353536323538393b),
('7d7n0dv44uoq98rstnk8n51p8c4lfvls', '::1', 1704019397, 0x5f5f63695f6c6173745f726567656e65726174657c693a313730343031393339373b6c6f67696e5f747970657c733a353a2261646d696e223b61646d696e5f6c6f67696e7c733a313a2231223b61646d696e5f69647c733a313a2231223b6c6f67696e5f757365725f69647c733a313a2231223b6e616d657c733a31333a2241646d696e6973747261746f72223b666c6173685f6d6573736167657c733a32353a22446174612055706461746564205375636365737366756c6c79223b5f5f63695f766172737c613a313a7b733a31333a22666c6173685f6d657373616765223b733a333a226f6c64223b7d),
('7ggehmq4u6p7i72okv7epf5jtku0spkb', '::1', 1703576821, 0x5f5f63695f6c6173745f726567656e65726174657c693a313730333537363832313b6c6f67696e5f747970657c733a353a2261646d696e223b61646d696e5f6c6f67696e7c733a313a2231223b61646d696e5f69647c733a313a2231223b6c6f67696e5f757365725f69647c733a313a2231223b6e616d657c733a31333a2241646d696e6973747261746f72223b666c6173685f6d6573736167657c733a31383a225375636365737366756c6c79204c6f67696e223b5f5f63695f766172737c613a313a7b733a31333a22666c6173685f6d657373616765223b733a333a226f6c64223b7d),
('7h54344l1cdun7pf3vpmeqdb8sg8555h', '::1', 1704966532, 0x5f5f63695f6c6173745f726567656e65726174657c693a313730343936363530363b6c6f67696e5f747970657c733a373a2274656163686572223b746561636865725f6c6f67696e7c733a313a2231223b746561636865725f69647c733a313a2231223b6c6f67696e5f757365725f69647c733a313a2231223b6e616d657c733a31353a2254657374696e672054656163686572223b666c6173685f6d6573736167657c733a31383a225375636365737366756c6c79204c6f67696e223b5f5f63695f766172737c613a313a7b733a31333a22666c6173685f6d657373616765223b733a333a226f6c64223b7d),
('7r757qu6t8at62mo8q30gq8a181kof5o', '::1', 1704018639, 0x5f5f63695f6c6173745f726567656e65726174657c693a313730343031383633393b6c6f67696e5f747970657c733a353a2261646d696e223b61646d696e5f6c6f67696e7c733a313a2231223b61646d696e5f69647c733a313a2231223b6c6f67696e5f757365725f69647c733a313a2231223b6e616d657c733a31333a2241646d696e6973747261746f72223b666c6173685f6d6573736167657c733a31383a225375636365737366756c6c79204c6f67696e223b5f5f63695f766172737c613a313a7b733a31333a22666c6173685f6d657373616765223b733a333a226f6c64223b7d),
('84rqafamcgl4ji5q0mg6n9on85feo8pd', '::1', 1703317809, 0x5f5f63695f6c6173745f726567656e65726174657c693a313730333331373830393b6572726f725f6d6573736167657c733a32333a2257726f6e6720456d61696c204f722050617373776f7264223b5f5f63695f766172737c613a323a7b733a31333a226572726f725f6d657373616765223b733a333a226f6c64223b733a31333a22666c6173685f6d657373616765223b733a333a226f6c64223b7d6c6f67696e5f747970657c733a353a2261646d696e223b61646d696e5f6c6f67696e7c733a313a2231223b61646d696e5f69647c733a313a2231223b6c6f67696e5f757365725f69647c733a313a2231223b6e616d657c733a31333a2241646d696e6973747261746f72223b666c6173685f6d6573736167657c733a31383a225375636365737366756c6c79204c6f67696e223b),
('8ckk5hadpop6c5evpvg9i5306odlss89', '::1', 1705391232, 0x5f5f63695f6c6173745f726567656e65726174657c693a313730353339303938393b6c6f67696e5f747970657c733a353a2261646d696e223b61646d696e5f6c6f67696e7c733a313a2231223b61646d696e5f69647c733a313a2231223b6c6f67696e5f757365725f69647c733a313a2231223b6e616d657c733a31333a2241646d696e6973747261746f72223b666c6173685f6d6573736167657c733a31343a22536c696465722055706461746564223b5f5f63695f766172737c613a313a7b733a31333a22666c6173685f6d657373616765223b733a333a226f6c64223b7d),
('8o2io4iacm30l95q1gqhqimdddla5vki', '::1', 1703678860, 0x5f5f63695f6c6173745f726567656e65726174657c693a313730333637383836303b6c6f67696e5f747970657c733a353a2261646d696e223b61646d696e5f6c6f67696e7c733a313a2231223b61646d696e5f69647c733a313a2231223b6c6f67696e5f757365725f69647c733a313a2231223b6e616d657c733a31333a2241646d696e6973747261746f72223b666c6173685f6d6573736167657c733a31383a225375636365737366756c6c79204c6f67696e223b5f5f63695f766172737c613a313a7b733a31333a22666c6173685f6d657373616765223b733a333a226f6c64223b7d),
('8tucjvcvp1f0h79fnfd8nrtkvb9ffh34', '::1', 1704966424, 0x5f5f63695f6c6173745f726567656e65726174657c693a313730343936363432343b6c6f67696e5f747970657c733a373a2273747564656e74223b73747564656e745f6c6f67696e7c733a313a2231223b73747564656e745f69647c733a323a223435223b6c6f67696e5f757365725f69647c733a323a223435223b6e616d657c733a31353a2254657374696e672053747564656e74223b666c6173685f6d6573736167657c733a31383a225375636365737366756c6c79204c6f67696e223b5f5f63695f766172737c613a313a7b733a31333a22666c6173685f6d657373616765223b733a333a226f6c64223b7d),
('8uptgmfdpbeaq64gou6if3m3626mdbn7', '::1', 1705058044, 0x5f5f63695f6c6173745f726567656e65726174657c693a313730353035383034343b6572726f725f6d6573736167657c733a32333a2257726f6e6720456d61696c204f722050617373776f7264223b5f5f63695f766172737c613a323a7b733a31333a226572726f725f6d657373616765223b733a333a226f6c64223b733a31333a22666c6173685f6d657373616765223b733a333a226f6c64223b7d6c6f67696e5f747970657c733a373a2274656163686572223b746561636865725f6c6f67696e7c733a313a2231223b746561636865725f69647c733a313a2233223b6c6f67696e5f757365725f69647c733a313a2233223b6e616d657c733a343a22416d6974223b666c6173685f6d6573736167657c733a31383a225375636365737366756c6c79204c6f67696e223b),
('8va4jgf7624iim91mh8bmr65knpgog9k', '::1', 1703323490, 0x5f5f63695f6c6173745f726567656e65726174657c693a313730333332333439303b6572726f725f6d6573736167657c733a32333a2257726f6e6720456d61696c204f722050617373776f7264223b5f5f63695f766172737c613a323a7b733a31333a226572726f725f6d657373616765223b733a333a226f6c64223b733a31333a22666c6173685f6d657373616765223b733a333a226f6c64223b7d6c6f67696e5f747970657c733a353a2261646d696e223b61646d696e5f6c6f67696e7c733a313a2231223b61646d696e5f69647c733a313a2231223b6c6f67696e5f757365725f69647c733a313a2231223b6e616d657c733a31333a2241646d696e6973747261746f72223b666c6173685f6d6573736167657c733a32333a225175697a204164646564205375636365737366756c6c79223b),
('903e73g0l3v0jl5aimu9f1j34e7oko43', '::1', 1705062263, 0x5f5f63695f6c6173745f726567656e65726174657c693a313730353036323231383b6c6f67696e5f747970657c733a353a2261646d696e223b61646d696e5f6c6f67696e7c733a313a2231223b61646d696e5f69647c733a313a2231223b6c6f67696e5f757365725f69647c733a313a2231223b6e616d657c733a31333a2241646d696e6973747261746f72223b666c6173685f6d6573736167657c733a31383a225375636365737366756c6c79204c6f67696e223b5f5f63695f766172737c613a313a7b733a31333a22666c6173685f6d657373616765223b733a333a226f6c64223b7d),
('96gqa1q9ro5ifsviufmsau3o3vj6a6re', '::1', 1703871117, 0x5f5f63695f6c6173745f726567656e65726174657c693a313730333837313131373b6c6f67696e5f747970657c733a353a2261646d696e223b61646d696e5f6c6f67696e7c733a313a2231223b61646d696e5f69647c733a313a2231223b6c6f67696e5f757365725f69647c733a313a2231223b6e616d657c733a31333a2241646d696e6973747261746f72223b666c6173685f6d6573736167657c733a31383a225375636365737366756c6c79204c6f67696e223b5f5f63695f766172737c613a313a7b733a31333a22666c6173685f6d657373616765223b733a333a226f6c64223b7d),
('9d8riv3fi1icbjkr6pqi0cjhn94d3qhd', '::1', 1704371989, 0x5f5f63695f6c6173745f726567656e65726174657c693a313730343337313938393b6c6f67696e5f747970657c733a353a2261646d696e223b61646d696e5f6c6f67696e7c733a313a2231223b61646d696e5f69647c733a313a2231223b6c6f67696e5f757365725f69647c733a313a2231223b6e616d657c733a31333a2241646d696e6973747261746f72223b666c6173685f6d6573736167657c733a32353a22446174612044656c65746564205375636365737366756c6c79223b5f5f63695f766172737c613a313a7b733a31333a22666c6173685f6d657373616765223b733a333a226f6c64223b7d),
('9emjvkr6dc0r6p3utbpdndjl8bljddr3', '::1', 1704021141, 0x5f5f63695f6c6173745f726567656e65726174657c693a313730343032313037323b6c6f67696e5f747970657c733a373a2273747564656e74223b73747564656e745f6c6f67696e7c733a313a2231223b73747564656e745f69647c733a323a223435223b6c6f67696e5f757365725f69647c733a323a223435223b6e616d657c733a31353a2254657374696e672053747564656e74223b666c6173685f6d6573736167657c733a31383a225375636365737366756c6c79204c6f67696e223b5f5f63695f766172737c613a313a7b733a31333a22666c6173685f6d657373616765223b733a333a226f6c64223b7d),
('9ghnp62g8apiufpeseiku0n86pg9fg2u', '::1', 1703436595, 0x5f5f63695f6c6173745f726567656e65726174657c693a313730333433363539353b6c6f67696e5f747970657c733a353a2261646d696e223b61646d696e5f6c6f67696e7c733a313a2231223b61646d696e5f69647c733a313a2231223b6c6f67696e5f757365725f69647c733a313a2231223b6e616d657c733a31333a2241646d696e6973747261746f72223b666c6173685f6d6573736167657c733a32353a22446174612055706461746564205375636365737366756c6c79223b5f5f63695f766172737c613a313a7b733a31333a22666c6173685f6d657373616765223b733a333a226f6c64223b7d),
('9qj468let74cbgoco4h8hda9f3u0ur4p', '::1', 1704302988, 0x5f5f63695f6c6173745f726567656e65726174657c693a313730343330323938383b6c6f67696e5f747970657c733a353a2261646d696e223b61646d696e5f6c6f67696e7c733a313a2231223b61646d696e5f69647c733a313a2231223b6c6f67696e5f757365725f69647c733a313a2231223b6e616d657c733a31333a2241646d696e6973747261746f72223b666c6173685f6d6573736167657c733a31383a225375636365737366756c6c79204c6f67696e223b5f5f63695f766172737c613a313a7b733a31333a22666c6173685f6d657373616765223b733a333a226f6c64223b7d),
('9rdb92seugvjk8jipl6i0pdnka6hnngb', '::1', 1704951304, 0x5f5f63695f6c6173745f726567656e65726174657c693a313730343935313330343b6572726f725f6d6573736167657c733a32333a2257726f6e6720456d61696c204f722050617373776f7264223b5f5f63695f766172737c613a313a7b733a31333a226572726f725f6d657373616765223b733a333a226f6c64223b7d),
('a4au2h6p81tinftgnto6p18okogpsih7', '::1', 1705562590, 0x5f5f63695f6c6173745f726567656e65726174657c693a313730353536323538393b6c6f67696e5f747970657c733a353a2261646d696e223b61646d696e5f6c6f67696e7c733a313a2231223b61646d696e5f69647c733a313a2231223b6c6f67696e5f757365725f69647c733a313a2231223b6e616d657c733a31333a2241646d696e6973747261746f72223b666c6173685f6d6573736167657c733a31383a225375636365737366756c6c79204c6f67696e223b5f5f63695f766172737c613a313a7b733a31333a22666c6173685f6d657373616765223b733a333a226f6c64223b7d),
('a724okkc1jsras099m174fsql51kgqp1', '::1', 1703243808, 0x5f5f63695f6c6173745f726567656e65726174657c693a313730333234333830383b),
('a7gnqframbttbuvpatr25mgg0psftd98', '::1', 1703784428, 0x5f5f63695f6c6173745f726567656e65726174657c693a313730333738343432383b6c6f67696e5f747970657c733a353a2261646d696e223b61646d696e5f6c6f67696e7c733a313a2231223b61646d696e5f69647c733a313a2231223b6c6f67696e5f757365725f69647c733a313a2231223b6e616d657c733a31333a2241646d696e6973747261746f72223b666c6173685f6d6573736167657c733a31383a225375636365737366756c6c79204c6f67696e223b5f5f63695f766172737c613a313a7b733a31333a22666c6173685f6d657373616765223b733a333a226f6c64223b7d),
('aas55mu0hqu3so3h6etrtp69e1itkn97', '::1', 1705563591, 0x5f5f63695f6c6173745f726567656e65726174657c693a313730353536333339393b6c6f67696e5f747970657c733a373a2273747564656e74223b73747564656e745f6c6f67696e7c733a313a2231223b73747564656e745f69647c733a323a223436223b6c6f67696e5f757365725f69647c733a323a223436223b6e616d657c733a31393a2253756469706120537761727570204d61697479223b666c6173685f6d6573736167657c733a31383a225375636365737366756c6c79204c6f67696e223b5f5f63695f766172737c613a313a7b733a31333a22666c6173685f6d657373616765223b733a333a226f6c64223b7d),
('abverb7j14tc0orq1c6ulkv91h7n4vqf', '::1', 1703679605, 0x5f5f63695f6c6173745f726567656e65726174657c693a313730333637393630353b6c6f67696e5f747970657c733a353a2261646d696e223b61646d696e5f6c6f67696e7c733a313a2231223b61646d696e5f69647c733a313a2231223b6c6f67696e5f757365725f69647c733a313a2231223b6e616d657c733a31333a2241646d696e6973747261746f72223b666c6173685f6d6573736167657c733a32333a2244617461205361766564205375636365737366756c6c79223b5f5f63695f766172737c613a313a7b733a31333a22666c6173685f6d657373616765223b733a333a226f6c64223b7d),
('b264ibigil3fkvpatal1aba5t2vs3o1m', '::1', 1704950019, 0x5f5f63695f6c6173745f726567656e65726174657c693a313730343935303031393b6572726f725f6d6573736167657c733a32333a2257726f6e6720456d61696c204f722050617373776f7264223b5f5f63695f766172737c613a313a7b733a31333a226572726f725f6d657373616765223b733a333a226f6c64223b7d),
('b6gqf76s03ln6ba5ck855lntalc0tbes', '::1', 1703577715, 0x5f5f63695f6c6173745f726567656e65726174657c693a313730333537373634303b6c6f67696e5f747970657c733a353a2261646d696e223b61646d696e5f6c6f67696e7c733a313a2231223b61646d696e5f69647c733a313a2231223b6c6f67696e5f757365725f69647c733a313a2231223b6e616d657c733a31333a2241646d696e6973747261746f72223b666c6173685f6d6573736167657c733a31383a225375636365737366756c6c79204c6f67696e223b5f5f63695f766172737c613a313a7b733a31333a22666c6173685f6d657373616765223b733a333a226f6c64223b7d),
('b9s93bcu3qp8o1ceo63iqpkp4ur92gvc', '::1', 1705563062, 0x5f5f63695f6c6173745f726567656e65726174657c693a313730353536333036323b6572726f725f6d6573736167657c733a32333a2257726f6e6720456d61696c204f722050617373776f7264223b5f5f63695f766172737c613a323a7b733a31333a226572726f725f6d657373616765223b733a333a226f6c64223b733a31333a22666c6173685f6d657373616765223b733a333a226f6c64223b7d6c6f67696e5f747970657c733a353a2261646d696e223b61646d696e5f6c6f67696e7c733a313a2231223b61646d696e5f69647c733a313a2231223b6c6f67696e5f757365725f69647c733a313a2231223b6e616d657c733a31333a2241646d696e6973747261746f72223b666c6173685f6d6573736167657c733a32333a2244617461205361766564205375636365737366756c6c79223b),
('bb3lta3m4vjhntmbh0bf6tc475m8hfff', '::1', 1703315427, 0x5f5f63695f6c6173745f726567656e65726174657c693a313730333331353432373b6c6f67696e5f747970657c733a353a2261646d696e223b61646d696e5f6c6f67696e7c733a313a2231223b61646d696e5f69647c733a313a2231223b6c6f67696e5f757365725f69647c733a313a2231223b6e616d657c733a31333a2241646d696e6973747261746f72223b666c6173685f6d6573736167657c733a31383a225375636365737366756c6c79204c6f67696e223b5f5f63695f766172737c613a313a7b733a31333a22666c6173685f6d657373616765223b733a333a226f6c64223b7d),
('c5jh3h125608q9tmfhpm3qoiq6kfg2ra', '::1', 1703853743, 0x5f5f63695f6c6173745f726567656e65726174657c693a313730333835333734333b6c6f67696e5f747970657c733a353a2261646d696e223b61646d696e5f6c6f67696e7c733a313a2231223b61646d696e5f69647c733a313a2231223b6c6f67696e5f757365725f69647c733a313a2231223b6e616d657c733a31333a2241646d696e6973747261746f72223b666c6173685f6d6573736167657c733a32333a2244617461205361766564205375636365737366756c6c79223b5f5f63695f766172737c613a313a7b733a31333a22666c6173685f6d657373616765223b733a333a226f6c64223b7d),
('c6pb4li2nsftj5ij86kin4f9jkcunsq7', '::1', 1703610887, 0x5f5f63695f6c6173745f726567656e65726174657c693a313730333631303838373b6c6f67696e5f747970657c733a353a2261646d696e223b61646d696e5f6c6f67696e7c733a313a2231223b61646d696e5f69647c733a313a2231223b6c6f67696e5f757365725f69647c733a313a2231223b6e616d657c733a31333a2241646d696e6973747261746f72223b666c6173685f6d6573736167657c733a31383a225375636365737366756c6c79204c6f67696e223b5f5f63695f766172737c613a313a7b733a31333a22666c6173685f6d657373616765223b733a333a226f6c64223b7d),
('cak97pe1n0cbthterj1d1duc0kcqhbmb', '::1', 1705563528, 0x5f5f63695f6c6173745f726567656e65726174657c693a313730353536333430363b6572726f725f6d6573736167657c733a32333a2257726f6e6720456d61696c204f722050617373776f7264223b5f5f63695f766172737c613a323a7b733a31333a226572726f725f6d657373616765223b733a333a226f6c64223b733a31333a22666c6173685f6d657373616765223b733a333a226f6c64223b7d6c6f67696e5f747970657c733a353a2261646d696e223b61646d696e5f6c6f67696e7c733a313a2231223b61646d696e5f69647c733a313a2231223b6c6f67696e5f757365725f69647c733a313a2231223b6e616d657c733a31333a2241646d696e6973747261746f72223b666c6173685f6d6573736167657c733a32333a2244617461205361766564205375636365737366756c6c79223b),
('chgcbrr69ipd43t9c551s3sbbbm1bcdm', '::1', 1703611877, 0x5f5f63695f6c6173745f726567656e65726174657c693a313730333631313837373b6c6f67696e5f747970657c733a353a2261646d696e223b61646d696e5f6c6f67696e7c733a313a2231223b61646d696e5f69647c733a313a2231223b6c6f67696e5f757365725f69647c733a313a2231223b6e616d657c733a31333a2241646d696e6973747261746f72223b666c6173685f6d6573736167657c733a31383a225375636365737366756c6c79204c6f67696e223b5f5f63695f766172737c613a313a7b733a31333a22666c6173685f6d657373616765223b733a333a226f6c64223b7d),
('cpoqc7ml97akg3mbmjb8989f43mdgm63', '::1', 1703316925, 0x5f5f63695f6c6173745f726567656e65726174657c693a313730333331363636383b6c6f67696e5f747970657c733a353a2261646d696e223b61646d696e5f6c6f67696e7c733a313a2231223b61646d696e5f69647c733a313a2231223b6c6f67696e5f757365725f69647c733a313a2231223b6e616d657c733a31333a2241646d696e6973747261746f72223b666c6173685f6d6573736167657c733a32333a225175697a204164646564205375636365737366756c6c79223b5f5f63695f766172737c613a313a7b733a31333a22666c6173685f6d657373616765223b733a333a226f6c64223b7d),
('d1bsank876h7u4e8lnfa41icjt8r971k', '::1', 1703316117, 0x5f5f63695f6c6173745f726567656e65726174657c693a313730333331353937303b6c6f67696e5f747970657c733a353a2261646d696e223b61646d696e5f6c6f67696e7c733a313a2231223b61646d696e5f69647c733a313a2231223b6c6f67696e5f757365725f69647c733a313a2231223b6e616d657c733a31333a2241646d696e6973747261746f72223b666c6173685f6d6573736167657c733a32333a225175697a204164646564205375636365737366756c6c79223b5f5f63695f766172737c613a313a7b733a31333a22666c6173685f6d657373616765223b733a333a226f6c64223b7d),
('da3ftdo31mgtrajg15c82llhe6f7f9af', '::1', 1704304675, 0x5f5f63695f6c6173745f726567656e65726174657c693a313730343330343637353b6c6f67696e5f747970657c733a353a2261646d696e223b61646d696e5f6c6f67696e7c733a313a2231223b61646d696e5f69647c733a313a2231223b6c6f67696e5f757365725f69647c733a313a2231223b6e616d657c733a31333a2241646d696e6973747261746f72223b666c6173685f6d6573736167657c733a31303a2244617461204164646564223b5f5f63695f766172737c613a313a7b733a31333a22666c6173685f6d657373616765223b733a333a226f6c64223b7d),
('dbjv4a4q8n7db1mcbajilscqlun4537v', '::1', 1703264476, 0x5f5f63695f6c6173745f726567656e65726174657c693a313730333236343437363b6c6f67696e5f747970657c733a353a2261646d696e223b61646d696e5f6c6f67696e7c733a313a2231223b61646d696e5f69647c733a313a2231223b6c6f67696e5f757365725f69647c733a313a2231223b6e616d657c733a31333a2241646d696e6973747261746f72223b666c6173685f6d6573736167657c733a31383a225375636365737366756c6c79204c6f67696e223b5f5f63695f766172737c613a313a7b733a31333a22666c6173685f6d657373616765223b733a333a226f6c64223b7d),
('dedim6gk9dhr9ojc95bifss1qcq15hq7', '::1', 1704303392, 0x5f5f63695f6c6173745f726567656e65726174657c693a313730343330333339323b6c6f67696e5f747970657c733a353a2261646d696e223b61646d696e5f6c6f67696e7c733a313a2231223b61646d696e5f69647c733a313a2231223b6c6f67696e5f757365725f69647c733a313a2231223b6e616d657c733a31333a2241646d696e6973747261746f72223b666c6173685f6d6573736167657c733a31303a2244617461204164646564223b5f5f63695f766172737c613a313a7b733a31333a22666c6173685f6d657373616765223b733a333a226f6c64223b7d),
('dfgl9tr61og6abpppriu6cdaefk0e9c9', '::1', 1705403506, 0x5f5f63695f6c6173745f726567656e65726174657c693a313730353430333432353b6c6f67696e5f747970657c733a353a2261646d696e223b61646d696e5f6c6f67696e7c733a313a2231223b61646d696e5f69647c733a313a2231223b6c6f67696e5f757365725f69647c733a313a2231223b6e616d657c733a31333a2241646d696e6973747261746f72223b666c6173685f6d6573736167657c733a31383a225375636365737366756c6c79204c6f67696e223b5f5f63695f766172737c613a313a7b733a31333a22666c6173685f6d657373616765223b733a333a226f6c64223b7d),
('dgmjhb5iosr38d0rm4h28p5ceipvn01f', '::1', 1704371090, 0x5f5f63695f6c6173745f726567656e65726174657c693a313730343337313039303b6c6f67696e5f747970657c733a353a2261646d696e223b61646d696e5f6c6f67696e7c733a313a2231223b61646d696e5f69647c733a313a2231223b6c6f67696e5f757365725f69647c733a313a2231223b6e616d657c733a31333a2241646d696e6973747261746f72223b666c6173685f6d6573736167657c733a32353a22446174612044656c65746564205375636365737366756c6c79223b5f5f63695f766172737c613a313a7b733a31333a22666c6173685f6d657373616765223b733a333a226f6c64223b7d),
('dj11et0jgjbdgrf9j73t9gjl2obeaqb5', '::1', 1705058199, 0x5f5f63695f6c6173745f726567656e65726174657c693a313730353035383135383b6c6f67696e5f747970657c733a373a2273747564656e74223b73747564656e745f6c6f67696e7c733a313a2231223b73747564656e745f69647c733a323a223435223b6c6f67696e5f757365725f69647c733a323a223435223b6e616d657c733a31353a2254657374696e672053747564656e74223b666c6173685f6d6573736167657c733a31383a225375636365737366756c6c79204c6f67696e223b5f5f63695f766172737c613a313a7b733a31333a22666c6173685f6d657373616765223b733a333a226f6c64223b7d),
('e63b1usd018dk0ep6dldnka13jrl668a', '::1', 1704975587, 0x5f5f63695f6c6173745f726567656e65726174657c693a313730343937353538373b6c6f67696e5f747970657c733a373a2274656163686572223b746561636865725f6c6f67696e7c733a313a2231223b746561636865725f69647c733a313a2233223b6c6f67696e5f757365725f69647c733a313a2233223b6e616d657c733a343a22416d6974223b666c6173685f6d6573736167657c733a31383a225375636365737366756c6c79204c6f67696e223b5f5f63695f766172737c613a313a7b733a31333a22666c6173685f6d657373616765223b733a333a226f6c64223b7d),
('eieakiae2p49ltilvuv46nvdtkns7vr6', '::1', 1703438409, 0x5f5f63695f6c6173745f726567656e65726174657c693a313730333433383232353b6c6f67696e5f747970657c733a353a2261646d696e223b61646d696e5f6c6f67696e7c733a313a2231223b61646d696e5f69647c733a313a2231223b6c6f67696e5f757365725f69647c733a313a2231223b6e616d657c733a31333a2241646d696e6973747261746f72223b666c6173685f6d6573736167657c733a32353a22446174612055706461746564205375636365737366756c6c79223b5f5f63695f766172737c613a313a7b733a31333a22666c6173685f6d657373616765223b733a333a226f6c64223b7d),
('emrdd9p68gc66567jsoce476f44t4gr6', '::1', 1704647117, 0x5f5f63695f6c6173745f726567656e65726174657c693a313730343634373030313b6c6f67696e5f747970657c733a353a2261646d696e223b61646d696e5f6c6f67696e7c733a313a2231223b61646d696e5f69647c733a313a2231223b6c6f67696e5f757365725f69647c733a313a2231223b6e616d657c733a31333a2241646d696e6973747261746f72223b666c6173685f6d6573736167657c733a31383a225375636365737366756c6c79204c6f67696e223b5f5f63695f766172737c613a313a7b733a31333a22666c6173685f6d657373616765223b733a333a226f6c64223b7d),
('f3mg1hfv38foiv17i78vfqa6bccjaj7h', '::1', 1703577176, 0x5f5f63695f6c6173745f726567656e65726174657c693a313730333537373137363b6c6f67696e5f747970657c733a353a2261646d696e223b61646d696e5f6c6f67696e7c733a313a2231223b61646d696e5f69647c733a313a2231223b6c6f67696e5f757365725f69647c733a313a2231223b6e616d657c733a31333a2241646d696e6973747261746f72223b666c6173685f6d6573736167657c733a31383a225375636365737366756c6c79204c6f67696e223b5f5f63695f766172737c613a313a7b733a31333a22666c6173685f6d657373616765223b733a333a226f6c64223b7d),
('fda4v5o05h0t2id8qkvbov57cd9q3sv1', '::1', 1703326297, 0x5f5f63695f6c6173745f726567656e65726174657c693a313730333332363239373b6c6f67696e5f747970657c733a353a2261646d696e223b61646d696e5f6c6f67696e7c733a313a2231223b61646d696e5f69647c733a313a2231223b6c6f67696e5f757365725f69647c733a313a2231223b6e616d657c733a31333a2241646d696e6973747261746f72223b666c6173685f6d6573736167657c733a31383a225375636365737366756c6c79204c6f67696e223b5f5f63695f766172737c613a313a7b733a31333a22666c6173685f6d657373616765223b733a333a226f6c64223b7d),
('ffabrd7cs8rg721lqhk4oab9m1o3kio5', '::1', 1703678503, 0x5f5f63695f6c6173745f726567656e65726174657c693a313730333637383530333b6c6f67696e5f747970657c733a353a2261646d696e223b61646d696e5f6c6f67696e7c733a313a2231223b61646d696e5f69647c733a313a2231223b6c6f67696e5f757365725f69647c733a313a2231223b6e616d657c733a31333a2241646d696e6973747261746f72223b666c6173685f6d6573736167657c733a31383a225375636365737366756c6c79204c6f67696e223b5f5f63695f766172737c613a313a7b733a31333a22666c6173685f6d657373616765223b733a333a226f6c64223b7d),
('fg03uq3gjothlvkfc0r4e2ged7ja1eie', '::1', 1704951465, 0x5f5f63695f6c6173745f726567656e65726174657c693a313730343935313435373b6c6f67696e5f747970657c733a353a2261646d696e223b61646d696e5f6c6f67696e7c733a313a2231223b61646d696e5f69647c733a323a223137223b6c6f67696e5f757365725f69647c733a323a223137223b6e616d657c733a363a22737564697061223b666c6173685f6d6573736167657c733a31383a225375636365737366756c6c79204c6f67696e223b5f5f63695f766172737c613a313a7b733a31333a22666c6173685f6d657373616765223b733a333a226f6c64223b7d),
('flkan2d6ijek5vk5vlg5f0l8e47u89gk', '::1', 1704218121, 0x5f5f63695f6c6173745f726567656e65726174657c693a313730343231383132313b6c6f67696e5f747970657c733a353a2261646d696e223b61646d696e5f6c6f67696e7c733a313a2231223b61646d696e5f69647c733a313a2231223b6c6f67696e5f757365725f69647c733a313a2231223b6e616d657c733a31333a2241646d696e6973747261746f72223b666c6173685f6d6573736167657c733a32353a22446174612044656c65746564205375636365737366756c6c79223b5f5f63695f766172737c613a313a7b733a31333a22666c6173685f6d657373616765223b733a333a226f6c64223b7d),
('ft08r0ih9fm0lfcvuuceon9bsknr0ofu', '::1', 1703317809, 0x5f5f63695f6c6173745f726567656e65726174657c693a313730333331373830393b6572726f725f6d6573736167657c733a32333a2257726f6e6720456d61696c204f722050617373776f7264223b5f5f63695f766172737c613a323a7b733a31333a226572726f725f6d657373616765223b733a333a226f6c64223b733a31333a22666c6173685f6d657373616765223b733a333a226f6c64223b7d6c6f67696e5f747970657c733a353a2261646d696e223b61646d696e5f6c6f67696e7c733a313a2231223b61646d696e5f69647c733a313a2231223b6c6f67696e5f757365725f69647c733a313a2231223b6e616d657c733a31333a2241646d696e6973747261746f72223b666c6173685f6d6573736167657c733a31383a225375636365737366756c6c79204c6f67696e223b),
('fu0efbkrsinm0cqkqpq24228nvsrctcn', '::1', 1703322334, 0x5f5f63695f6c6173745f726567656e65726174657c693a313730333332323333343b6572726f725f6d6573736167657c733a32333a2257726f6e6720456d61696c204f722050617373776f7264223b5f5f63695f766172737c613a323a7b733a31333a226572726f725f6d657373616765223b733a333a226f6c64223b733a31333a22666c6173685f6d657373616765223b733a333a226f6c64223b7d6c6f67696e5f747970657c733a353a2261646d696e223b61646d696e5f6c6f67696e7c733a313a2231223b61646d696e5f69647c733a313a2231223b6c6f67696e5f757365725f69647c733a313a2231223b6e616d657c733a31333a2241646d696e6973747261746f72223b666c6173685f6d6573736167657c733a31383a225375636365737366756c6c79204c6f67696e223b),
('g491ofv37cjp44h6kpk2d945t0epcpag', '::1', 1703785664, 0x5f5f63695f6c6173745f726567656e65726174657c693a313730333738353636323b6c6f67696e5f747970657c733a353a2261646d696e223b61646d696e5f6c6f67696e7c733a313a2231223b61646d696e5f69647c733a313a2231223b6c6f67696e5f757365725f69647c733a313a2231223b6e616d657c733a31333a2241646d696e6973747261746f72223b666c6173685f6d6573736167657c733a32333a225175697a204164646564205375636365737366756c6c79223b5f5f63695f766172737c613a313a7b733a31333a22666c6173685f6d657373616765223b733a333a226f6c64223b7d),
('g4freaa29p5n8igbfs86vevhjuc6ng7s', '::1', 1704302273, 0x5f5f63695f6c6173745f726567656e65726174657c693a313730343330323237333b6c6f67696e5f747970657c733a353a2261646d696e223b61646d696e5f6c6f67696e7c733a313a2231223b61646d696e5f69647c733a313a2231223b6c6f67696e5f757365725f69647c733a313a2231223b6e616d657c733a31333a2241646d696e6973747261746f72223b666c6173685f6d6573736167657c733a31383a225375636365737366756c6c79204c6f67696e223b5f5f63695f766172737c613a313a7b733a31333a22666c6173685f6d657373616765223b733a333a226f6c64223b7d),
('g5rgsp4vgtvc6ij8rreo2ggdg8p8r6au', '::1', 1704949454, 0x5f5f63695f6c6173745f726567656e65726174657c693a313730343934393435343b6c6f67696e5f747970657c733a353a2261646d696e223b61646d696e5f6c6f67696e7c733a313a2231223b61646d696e5f69647c733a313a2231223b6c6f67696e5f757365725f69647c733a313a2231223b6e616d657c733a31333a2241646d696e6973747261746f72223b666c6173685f6d6573736167657c733a32353a22446174612055706461746564205375636365737366756c6c79223b5f5f63695f766172737c613a313a7b733a31333a22666c6173685f6d657373616765223b733a333a226f6c64223b7d),
('g6p0o4ndtdkj74hik6f7v95b5kmh32rn', '::1', 1703179897, 0x5f5f63695f6c6173745f726567656e65726174657c693a313730333137393839373b6c6f67696e5f747970657c733a353a2261646d696e223b61646d696e5f6c6f67696e7c733a313a2231223b61646d696e5f69647c733a313a2231223b6c6f67696e5f757365725f69647c733a313a2231223b6e616d657c733a31333a2241646d696e6973747261746f72223b666c6173685f6d6573736167657c733a31383a225375636365737366756c6c79204c6f67696e223b5f5f63695f766172737c613a313a7b733a31333a22666c6173685f6d657373616765223b733a333a226f6c64223b7d),
('gac94bdn1cse7b53ii610hvta534b4sa', '::1', 1703679174, 0x5f5f63695f6c6173745f726567656e65726174657c693a313730333637393137343b6c6f67696e5f747970657c733a353a2261646d696e223b61646d696e5f6c6f67696e7c733a313a2231223b61646d696e5f69647c733a313a2231223b6c6f67696e5f757365725f69647c733a313a2231223b6e616d657c733a31333a2241646d696e6973747261746f72223b666c6173685f6d6573736167657c733a32333a2244617461205361766564205375636365737366756c6c79223b5f5f63695f766172737c613a313a7b733a31333a22666c6173685f6d657373616765223b733a333a226f6c64223b7d),
('gglqc5pmnljlam3mkpsl9d7adtibog5m', '::1', 1703681053, 0x5f5f63695f6c6173745f726567656e65726174657c693a313730333638313035333b6c6f67696e5f747970657c733a353a2261646d696e223b61646d696e5f6c6f67696e7c733a313a2231223b61646d696e5f69647c733a313a2231223b6c6f67696e5f757365725f69647c733a313a2231223b6e616d657c733a31333a2241646d696e6973747261746f72223b666c6173685f6d6573736167657c733a32333a2244617461205361766564205375636365737366756c6c79223b5f5f63695f766172737c613a313a7b733a31333a22666c6173685f6d657373616765223b733a333a226f6c64223b7d),
('gjltu4i9464m1cvpgmqhavfp2o4jqe9c', '::1', 1703322972, 0x5f5f63695f6c6173745f726567656e65726174657c693a313730333332323937323b6572726f725f6d6573736167657c733a32333a2257726f6e6720456d61696c204f722050617373776f7264223b5f5f63695f766172737c613a323a7b733a31333a226572726f725f6d657373616765223b733a333a226f6c64223b733a31333a22666c6173685f6d657373616765223b733a333a226f6c64223b7d6c6f67696e5f747970657c733a353a2261646d696e223b61646d696e5f6c6f67696e7c733a313a2231223b61646d696e5f69647c733a313a2231223b6c6f67696e5f757365725f69647c733a313a2231223b6e616d657c733a31333a2241646d696e6973747261746f72223b666c6173685f6d6573736167657c733a32333a225175697a204164646564205375636365737366756c6c79223b),
('gl34ap5kigvlo27fhihq55dcakkhlfvp', '::1', 1704372514, 0x5f5f63695f6c6173745f726567656e65726174657c693a313730343337323431373b6c6f67696e5f747970657c733a353a2261646d696e223b61646d696e5f6c6f67696e7c733a313a2231223b61646d696e5f69647c733a313a2231223b6c6f67696e5f757365725f69647c733a313a2231223b6e616d657c733a31333a2241646d696e6973747261746f72223b666c6173685f6d6573736167657c733a31383a225375636365737366756c6c79204c6f67696e223b5f5f63695f766172737c613a313a7b733a31333a22666c6173685f6d657373616765223b733a333a226f6c64223b7d),
('gtourrehrn91l01s2hrkaeru26956pne', '::1', 1703575890, 0x5f5f63695f6c6173745f726567656e65726174657c693a313730333537353839303b6c6f67696e5f747970657c733a353a2261646d696e223b61646d696e5f6c6f67696e7c733a313a2231223b61646d696e5f69647c733a313a2231223b6c6f67696e5f757365725f69647c733a313a2231223b6e616d657c733a31333a2241646d696e6973747261746f72223b666c6173685f6d6573736167657c733a31383a225375636365737366756c6c79204c6f67696e223b5f5f63695f766172737c613a313a7b733a31333a22666c6173685f6d657373616765223b733a333a226f6c64223b7d),
('h17ou6npu3ca05dnths02t7n6qnq8tb9', '::1', 1703873550, 0x5f5f63695f6c6173745f726567656e65726174657c693a313730333837333430303b6c6f67696e5f747970657c733a353a2261646d696e223b61646d696e5f6c6f67696e7c733a313a2231223b61646d696e5f69647c733a313a2231223b6c6f67696e5f757365725f69647c733a313a2231223b6e616d657c733a31333a2241646d696e6973747261746f72223b666c6173685f6d6573736167657c733a31383a225375636365737366756c6c79204c6f67696e223b5f5f63695f766172737c613a313a7b733a31333a22666c6173685f6d657373616765223b733a333a226f6c64223b7d),
('h2mjeidvptb81dtj51en63olpavub93r', '::1', 1704021028, 0x5f5f63695f6c6173745f726567656e65726174657c693a313730343032303834313b6c6f67696e5f747970657c733a353a2261646d696e223b61646d696e5f6c6f67696e7c733a313a2231223b61646d696e5f69647c733a313a2239223b6c6f67696e5f757365725f69647c733a313a2239223b6e616d657c733a31363a225564656d7920496e7374727563746f72223b666c6173685f6d6573736167657c733a31383a225375636365737366756c6c79204c6f67696e223b5f5f63695f766172737c613a313a7b733a31333a22666c6173685f6d657373616765223b733a333a226f6c64223b7d),
('h50mbeoo2l5fiqe7sdbtojstae1o7i92', '::1', 1703612190, 0x5f5f63695f6c6173745f726567656e65726174657c693a313730333631323139303b6c6f67696e5f747970657c733a353a2261646d696e223b61646d696e5f6c6f67696e7c733a313a2231223b61646d696e5f69647c733a313a2231223b6c6f67696e5f757365725f69647c733a313a2231223b6e616d657c733a31333a2241646d696e6973747261746f72223b666c6173685f6d6573736167657c733a31383a225375636365737366756c6c79204c6f67696e223b5f5f63695f766172737c613a313a7b733a31333a22666c6173685f6d657373616765223b733a333a226f6c64223b7d),
('h61v952q9ih4h6qnu1hc3kafj7mnn625', '::1', 1703873400, 0x5f5f63695f6c6173745f726567656e65726174657c693a313730333837333430303b6c6f67696e5f747970657c733a353a2261646d696e223b61646d696e5f6c6f67696e7c733a313a2231223b61646d696e5f69647c733a313a2231223b6c6f67696e5f757365725f69647c733a313a2231223b6e616d657c733a31333a2241646d696e6973747261746f72223b666c6173685f6d6573736167657c733a31383a225375636365737366756c6c79204c6f67696e223b5f5f63695f766172737c613a313a7b733a31333a22666c6173685f6d657373616765223b733a333a226f6c64223b7d),
('h6e2lh6a4j76qv7s1cahvvsu0s6k8uoa', '::1', 1703326493, 0x5f5f63695f6c6173745f726567656e65726174657c693a313730333332363239373b6c6f67696e5f747970657c733a353a2261646d696e223b61646d696e5f6c6f67696e7c733a313a2231223b61646d696e5f69647c733a313a2231223b6c6f67696e5f757365725f69647c733a313a2231223b6e616d657c733a31333a2241646d696e6973747261746f72223b666c6173685f6d6573736167657c733a32353a22446174612055706461746564205375636365737366756c6c79223b5f5f63695f766172737c613a313a7b733a31333a22666c6173685f6d657373616765223b733a333a226f6c64223b7d);
INSERT INTO `ci_sessions` (`id`, `ip_address`, `timestamp`, `data`) VALUES
('hirk6cdd4id6j4go1n667972dfnjoo9e', '::1', 1704370322, 0x5f5f63695f6c6173745f726567656e65726174657c693a313730343337303332323b6c6f67696e5f747970657c733a353a2261646d696e223b61646d696e5f6c6f67696e7c733a313a2231223b61646d696e5f69647c733a313a2231223b6c6f67696e5f757365725f69647c733a313a2231223b6e616d657c733a31333a2241646d696e6973747261746f72223b666c6173685f6d6573736167657c733a31383a225375636365737366756c6c79204c6f67696e223b5f5f63695f766172737c613a313a7b733a31333a22666c6173685f6d657373616765223b733a333a226f6c64223b7d),
('hiv7p0a9uj34mniuf38bnfcdr0e8hnoc', '::1', 1703853289, 0x5f5f63695f6c6173745f726567656e65726174657c693a313730333835333238393b6c6f67696e5f747970657c733a353a2261646d696e223b61646d696e5f6c6f67696e7c733a313a2231223b61646d696e5f69647c733a313a2231223b6c6f67696e5f757365725f69647c733a313a2231223b6e616d657c733a31333a2241646d696e6973747261746f72223b666c6173685f6d6573736167657c733a32333a2244617461205361766564205375636365737366756c6c79223b5f5f63695f766172737c613a313a7b733a31333a22666c6173685f6d657373616765223b733a333a226f6c64223b7d),
('hrtcf9i85g6u9mrg09tt01kqiuadvrrv', '::1', 1704304811, 0x5f5f63695f6c6173745f726567656e65726174657c693a313730343330343637353b6c6f67696e5f747970657c733a353a2261646d696e223b61646d696e5f6c6f67696e7c733a313a2231223b61646d696e5f69647c733a313a2231223b6c6f67696e5f757365725f69647c733a313a2231223b6e616d657c733a31333a2241646d696e6973747261746f72223b666c6173685f6d6573736167657c733a31303a2244617461204164646564223b5f5f63695f766172737c613a313a7b733a31333a22666c6173685f6d657373616765223b733a333a226f6c64223b7d),
('i4kua0pb8sk0itqt2iq9dqbkjooc2ucq', '::1', 1705390600, 0x5f5f63695f6c6173745f726567656e65726174657c693a313730353339303530313b6572726f725f6d6573736167657c733a32333a2257726f6e6720456d61696c204f722050617373776f7264223b5f5f63695f766172737c613a323a7b733a31333a226572726f725f6d657373616765223b733a333a226f6c64223b733a31333a22666c6173685f6d657373616765223b733a333a226f6c64223b7d6c6f67696e5f747970657c733a353a2261646d696e223b61646d696e5f6c6f67696e7c733a313a2231223b61646d696e5f69647c733a313a2231223b6c6f67696e5f757365725f69647c733a313a2231223b6e616d657c733a31333a2241646d696e6973747261746f72223b666c6173685f6d6573736167657c733a31383a225375636365737366756c6c79204c6f67696e223b),
('idfag0kvhjhu6p5pkpb4hme5lr3g4g94', '::1', 1705390489, 0x5f5f63695f6c6173745f726567656e65726174657c693a313730353339303438393b6572726f725f6d6573736167657c733a32333a2257726f6e6720456d61696c204f722050617373776f7264223b5f5f63695f766172737c613a323a7b733a31333a226572726f725f6d657373616765223b733a333a226f6c64223b733a31333a22666c6173685f6d657373616765223b733a333a226f6c64223b7d6c6f67696e5f747970657c733a353a2261646d696e223b61646d696e5f6c6f67696e7c733a313a2231223b61646d696e5f69647c733a313a2231223b6c6f67696e5f757365725f69647c733a313a2231223b6e616d657c733a31333a2241646d696e6973747261746f72223b666c6173685f6d6573736167657c733a31383a225375636365737366756c6c79204c6f67696e223b),
('ihul8eedgtfs3h35dsor240nil0j11ih', '::1', 1704215869, 0x5f5f63695f6c6173745f726567656e65726174657c693a313730343231353836393b6c6f67696e5f747970657c733a353a2261646d696e223b61646d696e5f6c6f67696e7c733a313a2231223b61646d696e5f69647c733a313a2231223b6c6f67696e5f757365725f69647c733a313a2231223b6e616d657c733a31333a2241646d696e6973747261746f72223b666c6173685f6d6573736167657c733a31383a225375636365737366756c6c79204c6f67696e223b5f5f63695f766172737c613a313a7b733a31333a22666c6173685f6d657373616765223b733a333a226f6c64223b7d),
('imaf19o86p1j0im4qqn0f6q0l1bmgbr7', '::1', 1703180422, 0x5f5f63695f6c6173745f726567656e65726174657c693a313730333138303238383b6c6f67696e5f747970657c733a353a2261646d696e223b61646d696e5f6c6f67696e7c733a313a2231223b61646d696e5f69647c733a313a2231223b6c6f67696e5f757365725f69647c733a313a2231223b6e616d657c733a31333a2241646d696e6973747261746f72223b666c6173685f6d6573736167657c733a31383a225375636365737366756c6c79204c6f67696e223b5f5f63695f766172737c613a313a7b733a31333a22666c6173685f6d657373616765223b733a333a226f6c64223b7d),
('infp2cvap5ecfpordr23podjq2mno9qk', '::1', 1704950167, 0x5f5f63695f6c6173745f726567656e65726174657c693a313730343935303135353b6c6f67696e5f747970657c733a353a2261646d696e223b61646d696e5f6c6f67696e7c733a313a2231223b61646d696e5f69647c733a313a2231223b6c6f67696e5f757365725f69647c733a313a2231223b6e616d657c733a31333a2241646d696e6973747261746f72223b666c6173685f6d6573736167657c733a32353a22446174612055706461746564205375636365737366756c6c79223b5f5f63695f766172737c613a313a7b733a31333a22666c6173685f6d657373616765223b733a333a226f6c64223b7d),
('inq584bmab3kake0bi29i19e8r4d5u3b', '::1', 1704951440, 0x5f5f63695f6c6173745f726567656e65726174657c693a313730343935313434303b6572726f725f6d6573736167657c733a32333a2257726f6e6720456d61696c204f722050617373776f7264223b5f5f63695f766172737c613a323a7b733a31333a226572726f725f6d657373616765223b733a333a226f6c64223b733a31333a22666c6173685f6d657373616765223b733a333a226f6c64223b7d6c6f67696e5f747970657c733a353a2261646d696e223b61646d696e5f6c6f67696e7c733a313a2231223b61646d696e5f69647c733a313a2231223b6c6f67696e5f757365725f69647c733a313a2231223b6e616d657c733a31333a2241646d696e6973747261746f72223b666c6173685f6d6573736167657c733a32353a22446174612044656c65746564205375636365737366756c6c79223b),
('ip37sod1irlv287ndb8q80e88nl3pbsb', '::1', 1703611543, 0x5f5f63695f6c6173745f726567656e65726174657c693a313730333631313534333b6c6f67696e5f747970657c733a353a2261646d696e223b61646d696e5f6c6f67696e7c733a313a2231223b61646d696e5f69647c733a313a2231223b6c6f67696e5f757365725f69647c733a313a2231223b6e616d657c733a31333a2241646d696e6973747261746f72223b666c6173685f6d6573736167657c733a31383a225375636365737366756c6c79204c6f67696e223b5f5f63695f766172737c613a313a7b733a31333a22666c6173685f6d657373616765223b733a333a226f6c64223b7d),
('itsl1p56n1dfteasvbefc30vrpfu8l09', '::1', 1704372417, 0x5f5f63695f6c6173745f726567656e65726174657c693a313730343337323431373b6c6f67696e5f747970657c733a353a2261646d696e223b61646d696e5f6c6f67696e7c733a313a2231223b61646d696e5f69647c733a313a2231223b6c6f67696e5f757365725f69647c733a313a2231223b6e616d657c733a31333a2241646d696e6973747261746f72223b666c6173685f6d6573736167657c733a32353a22446174612044656c65746564205375636365737366756c6c79223b5f5f63695f766172737c613a313a7b733a31333a22666c6173685f6d657373616765223b733a333a226f6c64223b7d),
('j079e793vj7gg89ufbnakhjsrs4c4uor', '::1', 1704349904, 0x5f5f63695f6c6173745f726567656e65726174657c693a313730343334393738343b6c6f67696e5f747970657c733a353a2261646d696e223b61646d696e5f6c6f67696e7c733a313a2231223b61646d696e5f69647c733a313a2231223b6c6f67696e5f757365725f69647c733a313a2231223b6e616d657c733a31333a2241646d696e6973747261746f72223b666c6173685f6d6573736167657c733a31383a225375636365737366756c6c79204c6f67696e223b5f5f63695f766172737c613a313a7b733a31333a22666c6173685f6d657373616765223b733a333a226f6c64223b7d),
('j5tvntog2in227ps81md16q8t1in09j4', '::1', 1705395751, 0x5f5f63695f6c6173745f726567656e65726174657c693a313730353339353631303b6c6f67696e5f747970657c733a353a2261646d696e223b61646d696e5f6c6f67696e7c733a313a2231223b61646d696e5f69647c733a313a2231223b6c6f67696e5f757365725f69647c733a313a2231223b6e616d657c733a31333a2241646d696e6973747261746f72223b666c6173685f6d6573736167657c733a31383a225375636365737366756c6c79204c6f67696e223b5f5f63695f766172737c613a313a7b733a31333a22666c6173685f6d657373616765223b733a333a226f6c64223b7d),
('jkuoht5ufuuni1riv7b33jate07cfqfj', '::1', 1703871787, 0x5f5f63695f6c6173745f726567656e65726174657c693a313730333837313534343b6c6f67696e5f747970657c733a353a2261646d696e223b61646d696e5f6c6f67696e7c733a313a2231223b61646d696e5f69647c733a313a2231223b6c6f67696e5f757365725f69647c733a313a2231223b6e616d657c733a31333a2241646d696e6973747261746f72223b666c6173685f6d6573736167657c733a32353a22446174612044656c65746564205375636365737366756c6c79223b5f5f63695f766172737c613a313a7b733a31333a22666c6173685f6d657373616765223b733a333a226f6c64223b7d),
('k6tm9vpo6aprm4mv93no0o6rkinusijk', '::1', 1703439356, 0x5f5f63695f6c6173745f726567656e65726174657c693a313730333433393236323b6c6f67696e5f747970657c733a353a2261646d696e223b61646d696e5f6c6f67696e7c733a313a2231223b61646d696e5f69647c733a313a2231223b6c6f67696e5f757365725f69647c733a313a2231223b6e616d657c733a31333a2241646d696e6973747261746f72223b666c6173685f6d6573736167657c733a32353a22446174612044656c65746564205375636365737366756c6c79223b5f5f63695f766172737c613a313a7b733a31333a22666c6173685f6d657373616765223b733a333a226f6c64223b7d),
('k7jrdg9210ghi9e8udvuv60ueced8g0o', '::1', 1704195983, 0x5f5f63695f6c6173745f726567656e65726174657c693a313730343139353937363b6c6f67696e5f747970657c733a353a2261646d696e223b61646d696e5f6c6f67696e7c733a313a2231223b61646d696e5f69647c733a313a2231223b6c6f67696e5f757365725f69647c733a313a2231223b6e616d657c733a31333a2241646d696e6973747261746f72223b666c6173685f6d6573736167657c733a31383a225375636365737366756c6c79204c6f67696e223b5f5f63695f766172737c613a313a7b733a31333a22666c6173685f6d657373616765223b733a333a226f6c64223b7d),
('kk6k5jnnmrf18agjbc926fcefh18kt8e', '::1', 1704216430, 0x5f5f63695f6c6173745f726567656e65726174657c693a313730343231363433303b6c6f67696e5f747970657c733a353a2261646d696e223b61646d696e5f6c6f67696e7c733a313a2231223b61646d696e5f69647c733a313a2231223b6c6f67696e5f757365725f69647c733a313a2231223b6e616d657c733a31333a2241646d696e6973747261746f72223b666c6173685f6d6573736167657c733a31383a225375636365737366756c6c79204c6f67696e223b5f5f63695f766172737c613a313a7b733a31333a22666c6173685f6d657373616765223b733a333a226f6c64223b7d),
('kkdvlf8e0ka7ej0sf58oe7mbj5ibo28u', '::1', 1704970572, 0x5f5f63695f6c6173745f726567656e65726174657c693a313730343937303532303b6572726f725f6d6573736167657c733a32333a2257726f6e6720456d61696c204f722050617373776f7264223b5f5f63695f766172737c613a323a7b733a31333a226572726f725f6d657373616765223b733a333a226f6c64223b733a31333a22666c6173685f6d657373616765223b733a333a226f6c64223b7d6c6f67696e5f747970657c733a353a2261646d696e223b61646d696e5f6c6f67696e7c733a313a2231223b61646d696e5f69647c733a313a2231223b6c6f67696e5f757365725f69647c733a313a2231223b6e616d657c733a31333a2241646d696e6973747261746f72223b666c6173685f6d6573736167657c733a31383a225375636365737366756c6c79204c6f67696e223b),
('kovdedhlcf35434v0e6b2uahkt1kn12o', '::1', 1704301731, 0x5f5f63695f6c6173745f726567656e65726174657c693a313730343330313733313b6c6f67696e5f747970657c733a353a2261646d696e223b61646d696e5f6c6f67696e7c733a313a2231223b61646d696e5f69647c733a313a2231223b6c6f67696e5f757365725f69647c733a313a2231223b6e616d657c733a31333a2241646d696e6973747261746f72223b666c6173685f6d6573736167657c733a31383a225375636365737366756c6c79204c6f67696e223b5f5f63695f766172737c613a313a7b733a31333a22666c6173685f6d657373616765223b733a333a226f6c64223b7d),
('kv0i5j6c1ajqsfnf4frrvdi4akfc8h73', '::1', 1704787991, 0x5f5f63695f6c6173745f726567656e65726174657c693a313730343738373830353b6572726f725f6d6573736167657c733a32333a2257726f6e6720456d61696c204f722050617373776f7264223b5f5f63695f766172737c613a323a7b733a31333a226572726f725f6d657373616765223b733a333a226f6c64223b733a31333a22666c6173685f6d657373616765223b733a333a226f6c64223b7d6c6f67696e5f747970657c733a353a2261646d696e223b61646d696e5f6c6f67696e7c733a313a2231223b61646d696e5f69647c733a313a2231223b6c6f67696e5f757365725f69647c733a313a2231223b6e616d657c733a31333a2241646d696e6973747261746f72223b666c6173685f6d6573736167657c733a32353a22446174612055706461746564205375636365737366756c6c79223b),
('l47hmbu0a67ca5hc98m6lr2j04o9i210', '::1', 1705394610, 0x5f5f63695f6c6173745f726567656e65726174657c693a313730353339343332373b666c6173685f6d6573736167657c733a31343a22526573756c742055706461746564223b5f5f63695f766172737c613a313a7b733a31333a22666c6173685f6d657373616765223b733a333a226f6c64223b7d6c6f67696e5f747970657c733a353a2261646d696e223b61646d696e5f6c6f67696e7c733a313a2231223b61646d696e5f69647c733a313a2231223b6c6f67696e5f757365725f69647c733a313a2231223b6e616d657c733a31333a2241646d696e6973747261746f72223b),
('ld50443bd25sj7tp2c8vsmmgjcph5o1i', '::1', 1704218756, 0x5f5f63695f6c6173745f726567656e65726174657c693a313730343231383735363b6c6f67696e5f747970657c733a353a2261646d696e223b61646d696e5f6c6f67696e7c733a313a2231223b61646d696e5f69647c733a313a2231223b6c6f67696e5f757365725f69647c733a313a2231223b6e616d657c733a31333a2241646d696e6973747261746f72223b666c6173685f6d6573736167657c733a32353a22446174612044656c65746564205375636365737366756c6c79223b5f5f63695f766172737c613a313a7b733a31333a22666c6173685f6d657373616765223b733a333a226f6c64223b7d),
('leektf0tjp8cg9eruiqlqbialmso98h1', '::1', 1703680021, 0x5f5f63695f6c6173745f726567656e65726174657c693a313730333638303032313b6c6f67696e5f747970657c733a353a2261646d696e223b61646d696e5f6c6f67696e7c733a313a2231223b61646d696e5f69647c733a313a2231223b6c6f67696e5f757365725f69647c733a313a2231223b6e616d657c733a31333a2241646d696e6973747261746f72223b666c6173685f6d6573736167657c733a32333a2244617461205361766564205375636365737366756c6c79223b5f5f63695f766172737c613a313a7b733a31333a22666c6173685f6d657373616765223b733a333a226f6c64223b7d),
('m9co8f5uniaddeu20itlvg506cp21mum', '::1', 1703322642, 0x5f5f63695f6c6173745f726567656e65726174657c693a313730333332323634323b6572726f725f6d6573736167657c733a32333a2257726f6e6720456d61696c204f722050617373776f7264223b5f5f63695f766172737c613a323a7b733a31333a226572726f725f6d657373616765223b733a333a226f6c64223b733a31333a22666c6173685f6d657373616765223b733a333a226f6c64223b7d6c6f67696e5f747970657c733a353a2261646d696e223b61646d696e5f6c6f67696e7c733a313a2231223b61646d696e5f69647c733a313a2231223b6c6f67696e5f757365725f69647c733a313a2231223b6e616d657c733a31333a2241646d696e6973747261746f72223b666c6173685f6d6573736167657c733a31383a225375636365737366756c6c79204c6f67696e223b),
('mf8uuu9j23adr6s38a8m75au3jch6sdg', '::1', 1703179591, 0x5f5f63695f6c6173745f726567656e65726174657c693a313730333137393539313b6c6f67696e5f747970657c733a353a2261646d696e223b61646d696e5f6c6f67696e7c733a313a2231223b61646d696e5f69647c733a313a2231223b6c6f67696e5f757365725f69647c733a313a2231223b6e616d657c733a31333a2241646d696e6973747261746f72223b666c6173685f6d6573736167657c733a31383a225375636365737366756c6c79204c6f67696e223b5f5f63695f766172737c613a313a7b733a31333a22666c6173685f6d657373616765223b733a333a226f6c64223b7d),
('mojlevngk7m6726jjdhe3f0q61iadh6f', '::1', 1703873085, 0x5f5f63695f6c6173745f726567656e65726174657c693a313730333837333038353b6c6f67696e5f747970657c733a353a2261646d696e223b61646d696e5f6c6f67696e7c733a313a2231223b61646d696e5f69647c733a313a2231223b6c6f67696e5f757365725f69647c733a313a2231223b6e616d657c733a31333a2241646d696e6973747261746f72223b666c6173685f6d6573736167657c733a31383a225375636365737366756c6c79204c6f67696e223b5f5f63695f766172737c613a313a7b733a31333a22666c6173685f6d657373616765223b733a333a226f6c64223b7d),
('mqu26quoe4pq1a2cgnjb81iat1hnmsfg', '::1', 1705395598, 0x5f5f63695f6c6173745f726567656e65726174657c693a313730353339353339373b6572726f725f6d6573736167657c733a32333a2257726f6e6720456d61696c204f722050617373776f7264223b5f5f63695f766172737c613a323a7b733a31333a226572726f725f6d657373616765223b733a333a226f6c64223b733a31333a22666c6173685f6d657373616765223b733a333a226f6c64223b7d6c6f67696e5f747970657c733a353a2261646d696e223b61646d696e5f6c6f67696e7c733a313a2231223b61646d696e5f69647c733a313a2231223b6c6f67696e5f757365725f69647c733a313a2231223b6e616d657c733a31333a2241646d696e6973747261746f72223b666c6173685f6d6573736167657c733a32353a22446174612044656c65746564205375636365737366756c6c79223b),
('n02o6hfgi3de57h7hfirltos57f3p00b', '::1', 1703785721, 0x5f5f63695f6c6173745f726567656e65726174657c693a313730333738353636323b6c6f67696e5f747970657c733a353a2261646d696e223b61646d696e5f6c6f67696e7c733a313a2231223b61646d696e5f69647c733a313a2231223b6c6f67696e5f757365725f69647c733a313a2231223b6e616d657c733a31333a2241646d696e6973747261746f72223b666c6173685f6d6573736167657c733a32333a225175697a204164646564205375636365737366756c6c79223b5f5f63695f766172737c613a313a7b733a31333a22666c6173685f6d657373616765223b733a333a226f6c64223b7d),
('n4f2bhanks5fq993vd1910tjuot6srmt', '::1', 1703574316, 0x5f5f63695f6c6173745f726567656e65726174657c693a313730333537343331363b6c6f67696e5f747970657c733a353a2261646d696e223b61646d696e5f6c6f67696e7c733a313a2231223b61646d696e5f69647c733a313a2231223b6c6f67696e5f757365725f69647c733a313a2231223b6e616d657c733a31333a2241646d696e6973747261746f72223b666c6173685f6d6573736167657c733a31383a225375636365737366756c6c79204c6f67696e223b5f5f63695f766172737c613a313a7b733a31333a22666c6173685f6d657373616765223b733a333a226f6c64223b7d),
('ngr3vr1knptv0l46jt87pv4l0f8olrfg', '::1', 1703784758, 0x5f5f63695f6c6173745f726567656e65726174657c693a313730333738343735383b6c6f67696e5f747970657c733a353a2261646d696e223b61646d696e5f6c6f67696e7c733a313a2231223b61646d696e5f69647c733a313a2231223b6c6f67696e5f757365725f69647c733a313a2231223b6e616d657c733a31333a2241646d696e6973747261746f72223b666c6173685f6d6573736167657c733a31383a225375636365737366756c6c79204c6f67696e223b5f5f63695f766172737c613a313a7b733a31333a22666c6173685f6d657373616765223b733a333a226f6c64223b7d),
('np14bbmtdbirilja2bgi8op5th0flgh7', '::1', 1704970514, 0x5f5f63695f6c6173745f726567656e65726174657c693a313730343937303531343b6c6f67696e5f747970657c733a353a2261646d696e223b61646d696e5f6c6f67696e7c733a313a2231223b61646d696e5f69647c733a313a2231223b6c6f67696e5f757365725f69647c733a313a2231223b6e616d657c733a31333a2241646d696e6973747261746f72223b666c6173685f6d6573736167657c733a32333a2244617461205361766564205375636365737366756c6c79223b5f5f63695f766172737c613a313a7b733a31333a22666c6173685f6d657373616765223b733a333a226f6c64223b7d),
('npeq6i4qdfvnr34jb1n918f13ouj9rtn', '::1', 1705408132, 0x5f5f63695f6c6173745f726567656e65726174657c693a313730353430383131383b6c6f67696e5f747970657c733a373a2273747564656e74223b73747564656e745f6c6f67696e7c733a313a2231223b73747564656e745f69647c733a323a223435223b6c6f67696e5f757365725f69647c733a323a223435223b6e616d657c733a31353a2254657374696e672053747564656e74223b666c6173685f6d6573736167657c733a31383a225375636365737366756c6c79204c6f67696e223b5f5f63695f766172737c613a313a7b733a31333a22666c6173685f6d657373616765223b733a333a226f6c64223b7d),
('nvpl9vflc3tnpi9av410a3aemlhkn8ru', '::1', 1705397257, 0x5f5f63695f6c6173745f726567656e65726174657c693a313730353339373137373b6c6f67696e5f747970657c733a353a2261646d696e223b61646d696e5f6c6f67696e7c733a313a2231223b61646d696e5f69647c733a313a2231223b6c6f67696e5f757365725f69647c733a313a2231223b6e616d657c733a31333a2241646d696e6973747261746f72223b666c6173685f6d6573736167657c733a32353a22446174612055706461746564205375636365737366756c6c79223b5f5f63695f766172737c613a313a7b733a31333a22666c6173685f6d657373616765223b733a333a226f6c64223b7d),
('ob7fh231fqb8fmtpnp86lbc9h931il59', '::1', 1703872607, 0x5f5f63695f6c6173745f726567656e65726174657c693a313730333837323630373b6c6f67696e5f747970657c733a353a2261646d696e223b61646d696e5f6c6f67696e7c733a313a2231223b61646d696e5f69647c733a313a2231223b6c6f67696e5f757365725f69647c733a313a2231223b6e616d657c733a31333a2241646d696e6973747261746f72223b666c6173685f6d6573736167657c733a31383a225375636365737366756c6c79204c6f67696e223b5f5f63695f766172737c613a313a7b733a31333a22666c6173685f6d657373616765223b733a333a226f6c64223b7d),
('od6pofcduefkaa7lqbc4kaj66tspm7t7', '::1', 1704219195, 0x5f5f63695f6c6173745f726567656e65726174657c693a313730343231393036353b6c6f67696e5f747970657c733a353a2261646d696e223b61646d696e5f6c6f67696e7c733a313a2231223b61646d696e5f69647c733a313a2231223b6c6f67696e5f757365725f69647c733a313a2231223b6e616d657c733a31333a2241646d696e6973747261746f72223b666c6173685f6d6573736167657c733a32353a22446174612044656c65746564205375636365737366756c6c79223b5f5f63695f766172737c613a313a7b733a31333a22666c6173685f6d657373616765223b733a333a226f6c64223b7d),
('ohv1o1lcpget8t37mek4mk707h67upn3', '::1', 1703325430, 0x5f5f63695f6c6173745f726567656e65726174657c693a313730333332353433303b6572726f725f6d6573736167657c733a32333a2257726f6e6720456d61696c204f722050617373776f7264223b5f5f63695f766172737c613a323a7b733a31333a226572726f725f6d657373616765223b733a333a226f6c64223b733a31333a22666c6173685f6d657373616765223b733a333a226f6c64223b7d6c6f67696e5f747970657c733a353a2261646d696e223b61646d696e5f6c6f67696e7c733a313a2231223b61646d696e5f69647c733a313a2231223b6c6f67696e5f757365725f69647c733a313a2231223b6e616d657c733a31333a2241646d696e6973747261746f72223b666c6173685f6d6573736167657c733a32333a225175697a204164646564205375636365737366756c6c79223b),
('oi4rhvcsirmiihsitnvfo14nmj8j059a', '::1', 1703264834, 0x5f5f63695f6c6173745f726567656e65726174657c693a313730333236343833343b6c6f67696e5f747970657c733a353a2261646d696e223b61646d696e5f6c6f67696e7c733a313a2231223b61646d696e5f69647c733a313a2231223b6c6f67696e5f757365725f69647c733a313a2231223b6e616d657c733a31333a2241646d696e6973747261746f72223b666c6173685f6d6573736167657c733a31383a225375636365737366756c6c79204c6f67696e223b5f5f63695f766172737c613a313a7b733a31333a22666c6173685f6d657373616765223b733a333a226f6c64223b7d),
('ospgtte72nat2jnhann49g4v8fvmhgs7', '::1', 1703438711, 0x5f5f63695f6c6173745f726567656e65726174657c693a313730333433383633343b6c6f67696e5f747970657c733a353a2261646d696e223b61646d696e5f6c6f67696e7c733a313a2231223b61646d696e5f69647c733a313a2231223b6c6f67696e5f757365725f69647c733a313a2231223b6e616d657c733a31333a2241646d696e6973747261746f72223b666c6173685f6d6573736167657c733a31383a225375636365737366756c6c79204c6f67696e223b5f5f63695f766172737c613a313a7b733a31333a22666c6173685f6d657373616765223b733a333a226f6c64223b7d),
('otr3i0e08sicb4t3ttd8v2vf4s322la4', '::1', 1703577640, 0x5f5f63695f6c6173745f726567656e65726174657c693a313730333537373634303b6c6f67696e5f747970657c733a353a2261646d696e223b61646d696e5f6c6f67696e7c733a313a2231223b61646d696e5f69647c733a313a2231223b6c6f67696e5f757365725f69647c733a313a2231223b6e616d657c733a31333a2241646d696e6973747261746f72223b666c6173685f6d6573736167657c733a31383a225375636365737366756c6c79204c6f67696e223b5f5f63695f766172737c613a313a7b733a31333a22666c6173685f6d657373616765223b733a333a226f6c64223b7d),
('pa65psds92u9kltjtjl6199e7o5hod7r', '::1', 1704217816, 0x5f5f63695f6c6173745f726567656e65726174657c693a313730343231373831363b6c6f67696e5f747970657c733a353a2261646d696e223b61646d696e5f6c6f67696e7c733a313a2231223b61646d696e5f69647c733a313a2231223b6c6f67696e5f757365725f69647c733a313a2231223b6e616d657c733a31333a2241646d696e6973747261746f72223b666c6173685f6d6573736167657c733a31343a22536c696465722055706461746564223b5f5f63695f766172737c613a313a7b733a31333a22666c6173685f6d657373616765223b733a333a226f6c64223b7d),
('plko29e7mvds8qbj85dq3s1qpur87nde', '::1', 1703872271, 0x5f5f63695f6c6173745f726567656e65726174657c693a313730333837323237313b6c6f67696e5f747970657c733a353a2261646d696e223b61646d696e5f6c6f67696e7c733a313a2231223b61646d696e5f69647c733a313a2231223b6c6f67696e5f757365725f69647c733a313a2231223b6e616d657c733a31333a2241646d696e6973747261746f72223b666c6173685f6d6573736167657c733a31383a225375636365737366756c6c79204c6f67696e223b5f5f63695f766172737c613a313a7b733a31333a22666c6173685f6d657373616765223b733a333a226f6c64223b7d),
('q7fhksd88prtn7ckgnprnc7p214vq230', '::1', 1703180288, 0x5f5f63695f6c6173745f726567656e65726174657c693a313730333138303238383b6c6f67696e5f747970657c733a353a2261646d696e223b61646d696e5f6c6f67696e7c733a313a2231223b61646d696e5f69647c733a313a2231223b6c6f67696e5f757365725f69647c733a313a2231223b6e616d657c733a31333a2241646d696e6973747261746f72223b666c6173685f6d6573736167657c733a31383a225375636365737366756c6c79204c6f67696e223b5f5f63695f766172737c613a313a7b733a31333a22666c6173685f6d657373616765223b733a333a226f6c64223b7d),
('q8qm92drcvv4cvlpsinl0qj96lrvc2hi', '::1', 1703785213, 0x5f5f63695f6c6173745f726567656e65726174657c693a313730333738353231333b6c6f67696e5f747970657c733a353a2261646d696e223b61646d696e5f6c6f67696e7c733a313a2231223b61646d696e5f69647c733a313a2231223b6c6f67696e5f757365725f69647c733a313a2231223b6e616d657c733a31333a2241646d696e6973747261746f72223b666c6173685f6d6573736167657c733a32333a225175697a204164646564205375636365737366756c6c79223b5f5f63695f766172737c613a313a7b733a31333a22666c6173685f6d657373616765223b733a333a226f6c64223b7d),
('q9icn5mbgn40hqngoaekpkh3jpur6f5o', '::1', 1705390489, 0x5f5f63695f6c6173745f726567656e65726174657c693a313730353339303438393b6572726f725f6d6573736167657c733a32333a2257726f6e6720456d61696c204f722050617373776f7264223b5f5f63695f766172737c613a323a7b733a31333a226572726f725f6d657373616765223b733a333a226f6c64223b733a31333a22666c6173685f6d657373616765223b733a333a226f6c64223b7d6c6f67696e5f747970657c733a353a2261646d696e223b61646d696e5f6c6f67696e7c733a313a2231223b61646d696e5f69647c733a313a2231223b6c6f67696e5f757365725f69647c733a313a2231223b6e616d657c733a31333a2241646d696e6973747261746f72223b666c6173685f6d6573736167657c733a31383a225375636365737366756c6c79204c6f67696e223b),
('qjhpj53k1a9kt902sb6cgiv6pkoecu5v', '::1', 1705397177, 0x5f5f63695f6c6173745f726567656e65726174657c693a313730353339373137373b6c6f67696e5f747970657c733a353a2261646d696e223b61646d696e5f6c6f67696e7c733a313a2231223b61646d696e5f69647c733a313a2231223b6c6f67696e5f757365725f69647c733a313a2231223b6e616d657c733a31333a2241646d696e6973747261746f72223b666c6173685f6d6573736167657c733a32353a22446174612055706461746564205375636365737366756c6c79223b5f5f63695f766172737c613a313a7b733a31333a22666c6173685f6d657373616765223b733a333a226f6c64223b7d),
('qpo8uo76c9q9mm31lns6ghd7n2tdrp8k', '::1', 1703437807, 0x5f5f63695f6c6173745f726567656e65726174657c693a313730333433373830373b6c6f67696e5f747970657c733a353a2261646d696e223b61646d696e5f6c6f67696e7c733a313a2231223b61646d696e5f69647c733a313a2231223b6c6f67696e5f757365725f69647c733a313a2231223b6e616d657c733a31333a2241646d696e6973747261746f72223b666c6173685f6d6573736167657c733a32353a22446174612055706461746564205375636365737366756c6c79223b5f5f63695f766172737c613a313a7b733a31333a22666c6173685f6d657373616765223b733a333a226f6c64223b7d),
('qqbac2nvsuukkacsurouochirud8gn6g', '::1', 1704793258, 0x5f5f63695f6c6173745f726567656e65726174657c693a313730343739333139323b6c6f67696e5f747970657c733a353a2261646d696e223b61646d696e5f6c6f67696e7c733a313a2231223b61646d696e5f69647c733a313a2231223b6c6f67696e5f757365725f69647c733a313a2231223b6e616d657c733a31333a2241646d696e6973747261746f72223b666c6173685f6d6573736167657c733a32333a2244617461205361766564205375636365737366756c6c79223b5f5f63695f766172737c613a313a7b733a31333a22666c6173685f6d657373616765223b733a333a226f6c64223b7d),
('qqtl1s2cfqtbhm5q1gd6s61rrhk5ciqq', '::1', 1704092023, 0x5f5f63695f6c6173745f726567656e65726174657c693a313730343039323032333b),
('que2ul8q9f7f483pe2dk80ubs26o8q62', '::1', 1705057656, 0x5f5f63695f6c6173745f726567656e65726174657c693a313730353035373635363b),
('rg7gpe9jqvp6n5ajfe8vmt1ttgqggjc3', '::1', 1704020907, 0x5f5f63695f6c6173745f726567656e65726174657c693a313730343032303830373b6572726f725f6d6573736167657c733a32333a2257726f6e6720456d61696c204f722050617373776f7264223b5f5f63695f766172737c613a323a7b733a31333a226572726f725f6d657373616765223b733a333a226f6c64223b733a31333a22666c6173685f6d657373616765223b733a333a226f6c64223b7d6c6f67696e5f747970657c733a353a2261646d696e223b61646d696e5f6c6f67696e7c733a313a2231223b61646d696e5f69647c733a313a2231223b6c6f67696e5f757365725f69647c733a313a2231223b6e616d657c733a31333a2241646d696e6973747261746f72223b666c6173685f6d6573736167657c733a32353a22446174612055706461746564205375636365737366756c6c79223b),
('rljbblusnfo0dg4010mff6l423vo7lg9', '::1', 1703323809, 0x5f5f63695f6c6173745f726567656e65726174657c693a313730333332333830393b6572726f725f6d6573736167657c733a32333a2257726f6e6720456d61696c204f722050617373776f7264223b5f5f63695f766172737c613a323a7b733a31333a226572726f725f6d657373616765223b733a333a226f6c64223b733a31333a22666c6173685f6d657373616765223b733a333a226f6c64223b7d6c6f67696e5f747970657c733a353a2261646d696e223b61646d696e5f6c6f67696e7c733a313a2231223b61646d696e5f69647c733a313a2231223b6c6f67696e5f757365725f69647c733a313a2231223b6e616d657c733a31333a2241646d696e6973747261746f72223b666c6173685f6d6573736167657c733a32333a225175697a204164646564205375636365737366756c6c79223b),
('roscsv8ijspdk1kgj0ntg1o9m2qtbidf', '::1', 1704951447, 0x5f5f63695f6c6173745f726567656e65726174657c693a313730343935313434303b6572726f725f6d6573736167657c733a32333a2257726f6e6720456d61696c204f722050617373776f7264223b5f5f63695f766172737c613a323a7b733a31333a226572726f725f6d657373616765223b733a333a226f6c64223b733a31333a22666c6173685f6d657373616765223b733a333a226f6c64223b7d6c6f67696e5f747970657c733a353a2261646d696e223b61646d696e5f6c6f67696e7c733a313a2231223b61646d696e5f69647c733a313a2231223b6c6f67696e5f757365725f69647c733a313a2231223b6e616d657c733a31333a2241646d696e6973747261746f72223b666c6173685f6d6573736167657c733a32353a22446174612055706461746564205375636365737366756c6c79223b),
('rplt1i5dlabg8vhhf7ctmfkme4brg5an', '::1', 1703610544, 0x5f5f63695f6c6173745f726567656e65726174657c693a313730333631303534343b),
('rq5c818vfeubq7o70jnjamntaa8fpieg', '::1', 1704092512, 0x5f5f63695f6c6173745f726567656e65726174657c693a313730343039323432373b6c6f67696e5f747970657c733a353a2261646d696e223b61646d696e5f6c6f67696e7c733a313a2231223b61646d696e5f69647c733a313a2231223b6c6f67696e5f757365725f69647c733a313a2231223b6e616d657c733a31333a2241646d696e6973747261746f72223b666c6173685f6d6573736167657c733a32353a22446174612055706461746564205375636365737366756c6c79223b5f5f63695f766172737c613a313a7b733a31333a22666c6173685f6d657373616765223b733a333a226f6c64223b7d),
('rus5p85oekeaajc8g99m151l3hdg9us3', '::1', 1704216747, 0x5f5f63695f6c6173745f726567656e65726174657c693a313730343231363734373b6c6f67696e5f747970657c733a353a2261646d696e223b61646d696e5f6c6f67696e7c733a313a2231223b61646d696e5f69647c733a313a2231223b6c6f67696e5f757365725f69647c733a313a2231223b6e616d657c733a31333a2241646d696e6973747261746f72223b666c6173685f6d6573736167657c733a31363a2253657474696e67732055706461746564223b5f5f63695f766172737c613a313a7b733a31333a22666c6173685f6d657373616765223b733a333a226f6c64223b7d),
('s3gd61505vndjoirhq5n2ocgm557bpd4', '::1', 1704950777, 0x5f5f63695f6c6173745f726567656e65726174657c693a313730343935303734363b6572726f725f6d6573736167657c733a32333a2257726f6e6720456d61696c204f722050617373776f7264223b5f5f63695f766172737c613a313a7b733a31333a226572726f725f6d657373616765223b733a333a226f6c64223b7d),
('s7g0kgagsb7ugp199u55h6kd14glti6b', '::1', 1705391451, 0x5f5f63695f6c6173745f726567656e65726174657c693a313730353339313235383b6c6f67696e5f747970657c733a353a2261646d696e223b61646d696e5f6c6f67696e7c733a313a2231223b61646d696e5f69647c733a313a2231223b6c6f67696e5f757365725f69647c733a313a2231223b6e616d657c733a31333a2241646d696e6973747261746f72223b666c6173685f6d6573736167657c733a31303a2244617461204164646564223b5f5f63695f766172737c613a313a7b733a31333a22666c6173685f6d657373616765223b733a333a226f6c64223b7d),
('s7u63le200sf4agoqllp58abao1j4515', '::1', 1705408118, 0x5f5f63695f6c6173745f726567656e65726174657c693a313730353430383131383b6c6f67696e5f747970657c733a373a2273747564656e74223b73747564656e745f6c6f67696e7c733a313a2231223b73747564656e745f69647c733a323a223435223b6c6f67696e5f757365725f69647c733a323a223435223b6e616d657c733a31353a2254657374696e672053747564656e74223b666c6173685f6d6573736167657c733a31383a225375636365737366756c6c79204c6f67696e223b5f5f63695f766172737c613a313a7b733a31333a22666c6173685f6d657373616765223b733a333a226f6c64223b7d),
('saud5br0junl6ss9pq8kajqgfo5s2sfs', '::1', 1703263948, 0x5f5f63695f6c6173745f726567656e65726174657c693a313730333236333934383b6c6f67696e5f747970657c733a353a2261646d696e223b61646d696e5f6c6f67696e7c733a313a2231223b61646d696e5f69647c733a313a2231223b6c6f67696e5f757365725f69647c733a313a2231223b6e616d657c733a31333a2241646d696e6973747261746f72223b666c6173685f6d6573736167657c733a31383a225375636365737366756c6c79204c6f67696e223b5f5f63695f766172737c613a313a7b733a31333a22666c6173685f6d657373616765223b733a333a226f6c64223b7d),
('sb1hma9qnpu1iebfj069hr0a5tb6nb8v', '::1', 1703177645, 0x5f5f63695f6c6173745f726567656e65726174657c693a313730333137373436333b6c6f67696e5f747970657c733a353a2261646d696e223b61646d696e5f6c6f67696e7c733a313a2231223b61646d696e5f69647c733a313a2231223b6c6f67696e5f757365725f69647c733a313a2231223b6e616d657c733a31333a2241646d696e6973747261746f72223b666c6173685f6d6573736167657c733a31383a225375636365737366756c6c79204c6f67696e223b5f5f63695f766172737c613a313a7b733a31333a22666c6173685f6d657373616765223b733a333a226f6c64223b7d),
('sgmo1eo126ifv3asq4t8s5n4dc0o0akt', '::1', 1704797260, 0x5f5f63695f6c6173745f726567656e65726174657c693a313730343739373132313b666c6173685f6d6573736167657c733a32333a2244617461205361766564205375636365737366756c6c79223b5f5f63695f766172737c613a313a7b733a31333a22666c6173685f6d657373616765223b733a333a226f6c64223b7d6c6f67696e5f747970657c733a353a2261646d696e223b61646d696e5f6c6f67696e7c733a313a2231223b61646d696e5f69647c733a313a2231223b6c6f67696e5f757365725f69647c733a313a2231223b6e616d657c733a31333a2241646d696e6973747261746f72223b),
('siumbjhsu7rn3eel90oo0155cqmgdlqm', '::1', 1704950746, 0x5f5f63695f6c6173745f726567656e65726174657c693a313730343935303734363b6c6f67696e5f747970657c733a353a2261646d696e223b61646d696e5f6c6f67696e7c733a313a2231223b61646d696e5f69647c733a313a2239223b6c6f67696e5f757365725f69647c733a313a2239223b6e616d657c733a31363a225564656d7920496e7374727563746f72223b666c6173685f6d6573736167657c733a31383a225375636365737366756c6c79204c6f67696e223b5f5f63695f766172737c613a313a7b733a31333a22666c6173685f6d657373616765223b733a333a226f6c64223b7d),
('sjfm09bll7l48jmsdboathhp1bs4mv8m', '::1', 1705394740, 0x5f5f63695f6c6173745f726567656e65726174657c693a313730353339343634313b666c6173685f6d6573736167657c733a31343a22526573756c742055706461746564223b5f5f63695f766172737c613a313a7b733a31333a22666c6173685f6d657373616765223b733a333a226f6c64223b7d6c6f67696e5f747970657c733a353a2261646d696e223b61646d696e5f6c6f67696e7c733a313a2231223b61646d696e5f69647c733a313a2231223b6c6f67696e5f757365725f69647c733a313a2231223b6e616d657c733a31333a2241646d696e6973747261746f72223b),
('sobhcgbeq7r28alhtkkgf5vu5trh6bfm', '::1', 1704973500, 0x5f5f63695f6c6173745f726567656e65726174657c693a313730343937333530303b),
('soglmhm83m5k11anku75l1s6ka6mvq2g', '::1', 1703681075, 0x5f5f63695f6c6173745f726567656e65726174657c693a313730333638313035333b6c6f67696e5f747970657c733a353a2261646d696e223b61646d696e5f6c6f67696e7c733a313a2231223b61646d696e5f69647c733a313a2231223b6c6f67696e5f757365725f69647c733a313a2231223b6e616d657c733a31333a2241646d696e6973747261746f72223b666c6173685f6d6573736167657c733a32333a225175697a204164646564205375636365737366756c6c79223b5f5f63695f766172737c613a313a7b733a31333a22666c6173685f6d657373616765223b733a333a226f6c64223b7d),
('sva10se6bso4c0upm0ohlushl2f4r8m3', '::1', 1703315903, 0x5f5f63695f6c6173745f726567656e65726174657c693a313730333331353836383b6c6f67696e5f747970657c733a353a2261646d696e223b61646d696e5f6c6f67696e7c733a313a2231223b61646d696e5f69647c733a313a2231223b6c6f67696e5f757365725f69647c733a313a2231223b6e616d657c733a31333a2241646d696e6973747261746f72223b666c6173685f6d6573736167657c733a32333a225175697a204164646564205375636365737366756c6c79223b5f5f63695f766172737c613a313a7b733a31333a22666c6173685f6d657373616765223b733a333a226f6c64223b7d),
('t8rkmv8deq7s53qscd59tb9muc2d7jel', '::1', 1703854077, 0x5f5f63695f6c6173745f726567656e65726174657c693a313730333835343037373b6c6f67696e5f747970657c733a353a2261646d696e223b61646d696e5f6c6f67696e7c733a313a2231223b61646d696e5f69647c733a313a2231223b6c6f67696e5f757365725f69647c733a313a2231223b6e616d657c733a31333a2241646d696e6973747261746f72223b666c6173685f6d6573736167657c733a32333a2244617461205361766564205375636365737366756c6c79223b5f5f63695f766172737c613a313a7b733a31333a22666c6173685f6d657373616765223b733a333a226f6c64223b7d),
('tnlrv40mmf92d2fcpg8jrhrjhlj0ter3', '::1', 1703315016, 0x5f5f63695f6c6173745f726567656e65726174657c693a313730333331353031363b6c6f67696e5f747970657c733a353a2261646d696e223b61646d696e5f6c6f67696e7c733a313a2231223b61646d696e5f69647c733a313a2231223b6c6f67696e5f757365725f69647c733a313a2231223b6e616d657c733a31333a2241646d696e6973747261746f72223b666c6173685f6d6573736167657c733a31383a225375636365737366756c6c79204c6f67696e223b5f5f63695f766172737c613a313a7b733a31333a22666c6173685f6d657373616765223b733a333a226f6c64223b7d),
('tpqc86or3dj599poh6f0havuc2q66n2n', '::1', 1703179281, 0x5f5f63695f6c6173745f726567656e65726174657c693a313730333137393238313b6c6f67696e5f747970657c733a353a2261646d696e223b61646d696e5f6c6f67696e7c733a313a2231223b61646d696e5f69647c733a313a2231223b6c6f67696e5f757365725f69647c733a313a2231223b6e616d657c733a31333a2241646d696e6973747261746f72223b666c6173685f6d6573736167657c733a31383a225375636365737366756c6c79204c6f67696e223b5f5f63695f766172737c613a313a7b733a31333a22666c6173685f6d657373616765223b733a333a226f6c64223b7d),
('tqmifq4qplr9kfeevd3l4iv9gj6sqtss', '::1', 1704219065, 0x5f5f63695f6c6173745f726567656e65726174657c693a313730343231393036353b6c6f67696e5f747970657c733a353a2261646d696e223b61646d696e5f6c6f67696e7c733a313a2231223b61646d696e5f69647c733a313a2231223b6c6f67696e5f757365725f69647c733a313a2231223b6e616d657c733a31333a2241646d696e6973747261746f72223b666c6173685f6d6573736167657c733a32353a22446174612044656c65746564205375636365737366756c6c79223b5f5f63695f766172737c613a313a7b733a31333a22666c6173685f6d657373616765223b733a333a226f6c64223b7d),
('u0jd2a01tvm49rdfq60f402ffro8l18j', '::1', 1704217371, 0x5f5f63695f6c6173745f726567656e65726174657c693a313730343231373337313b6c6f67696e5f747970657c733a353a2261646d696e223b61646d696e5f6c6f67696e7c733a313a2231223b61646d696e5f69647c733a313a2231223b6c6f67696e5f757365725f69647c733a313a2231223b6e616d657c733a31333a2241646d696e6973747261746f72223b666c6173685f6d6573736167657c733a31363a2253657474696e67732055706461746564223b5f5f63695f766172737c613a313a7b733a31333a22666c6173685f6d657373616765223b733a333a226f6c64223b7d),
('u1eopbmpqmqe8mrjpkpk1ejr5v7kh6hl', '::1', 1703576203, 0x5f5f63695f6c6173745f726567656e65726174657c693a313730333537363230333b6c6f67696e5f747970657c733a353a2261646d696e223b61646d696e5f6c6f67696e7c733a313a2231223b61646d696e5f69647c733a313a2231223b6c6f67696e5f757365725f69647c733a313a2231223b6e616d657c733a31333a2241646d696e6973747261746f72223b666c6173685f6d6573736167657c733a31383a225375636365737366756c6c79204c6f67696e223b5f5f63695f766172737c613a313a7b733a31333a22666c6173685f6d657373616765223b733a333a226f6c64223b7d),
('ut9ojijbrj4fc81jepsd6qj4n17jsm4u', '::1', 1703611201, 0x5f5f63695f6c6173745f726567656e65726174657c693a313730333631313230313b6c6f67696e5f747970657c733a353a2261646d696e223b61646d696e5f6c6f67696e7c733a313a2231223b61646d696e5f69647c733a313a2231223b6c6f67696e5f757365725f69647c733a313a2231223b6e616d657c733a31333a2241646d696e6973747261746f72223b666c6173685f6d6573736167657c733a31383a225375636365737366756c6c79204c6f67696e223b5f5f63695f766172737c613a313a7b733a31333a22666c6173685f6d657373616765223b733a333a226f6c64223b7d),
('uu54k5ln7ibfkespo8pio8p945ec1l9c', '::1', 1704797422, 0x5f5f63695f6c6173745f726567656e65726174657c693a313730343739373336343b6c6f67696e5f747970657c733a353a2261646d696e223b61646d696e5f6c6f67696e7c733a313a2231223b61646d696e5f69647c733a313a2231223b6c6f67696e5f757365725f69647c733a313a2231223b6e616d657c733a31333a2241646d696e6973747261746f72223b666c6173685f6d6573736167657c733a32333a2244617461205361766564205375636365737366756c6c79223b5f5f63695f766172737c613a313a7b733a31333a22666c6173685f6d657373616765223b733a333a226f6c64223b7d),
('v0pfa6skakpqfa1dgp4eskk8uop23lv1', '::1', 1703264072, 0x5f5f63695f6c6173745f726567656e65726174657c693a313730333236333934383b6c6f67696e5f747970657c733a353a2261646d696e223b61646d696e5f6c6f67696e7c733a313a2231223b61646d696e5f69647c733a313a2231223b6c6f67696e5f757365725f69647c733a313a2231223b6e616d657c733a31333a2241646d696e6973747261746f72223b666c6173685f6d6573736167657c733a31383a225375636365737366756c6c79204c6f67696e223b5f5f63695f766172737c613a313a7b733a31333a22666c6173685f6d657373616765223b733a333a226f6c64223b7d),
('v1kiqus6cjvha2u4gck9op5dg6n7qsfq', '::1', 1703574316, 0x5f5f63695f6c6173745f726567656e65726174657c693a313730333537343331363b6c6f67696e5f747970657c733a353a2261646d696e223b61646d696e5f6c6f67696e7c733a313a2231223b61646d696e5f69647c733a313a2231223b6c6f67696e5f757365725f69647c733a313a2231223b6e616d657c733a31333a2241646d696e6973747261746f72223b666c6173685f6d6573736167657c733a31383a225375636365737366756c6c79204c6f67696e223b5f5f63695f766172737c613a313a7b733a31333a22666c6173685f6d657373616765223b733a333a226f6c64223b7d),
('v85p7osfmfviqa5pstab03ltvv3vfus2', '::1', 1703264889, 0x5f5f63695f6c6173745f726567656e65726174657c693a313730333236343833343b6c6f67696e5f747970657c733a353a2261646d696e223b61646d696e5f6c6f67696e7c733a313a2231223b61646d696e5f69647c733a313a2231223b6c6f67696e5f757365725f69647c733a313a2231223b6e616d657c733a31333a2241646d696e6973747261746f72223b666c6173685f6d6573736167657c733a31383a225375636365737366756c6c79204c6f67696e223b5f5f63695f766172737c613a313a7b733a31333a22666c6173685f6d657373616765223b733a333a226f6c64223b7d),
('v9sqvjlr9smc76sanq3ej4ff8e6o98i4', '::1', 1704092427, 0x5f5f63695f6c6173745f726567656e65726174657c693a313730343039323432373b6c6f67696e5f747970657c733a353a2261646d696e223b61646d696e5f6c6f67696e7c733a313a2231223b61646d696e5f69647c733a313a2231223b6c6f67696e5f757365725f69647c733a313a2231223b6e616d657c733a31333a2241646d696e6973747261746f72223b666c6173685f6d6573736167657c733a32333a2244617461205361766564205375636365737366756c6c79223b5f5f63695f766172737c613a313a7b733a31333a22666c6173685f6d657373616765223b733a333a226f6c64223b7d),
('vjvqtdgnfbn3svctinvfhhi7ddgg6m5n', '::1', 1705396769, 0x5f5f63695f6c6173745f726567656e65726174657c693a313730353339363736393b6c6f67696e5f747970657c733a353a2261646d696e223b61646d696e5f6c6f67696e7c733a313a2231223b61646d696e5f69647c733a313a2231223b6c6f67696e5f757365725f69647c733a313a2231223b6e616d657c733a31333a2241646d696e6973747261746f72223b666c6173685f6d6573736167657c733a31383a225375636365737366756c6c79204c6f67696e223b5f5f63695f766172737c613a313a7b733a31333a22666c6173685f6d657373616765223b733a333a226f6c64223b7d),
('vuebmuduavmtrjs84smnr9hng5efj0a7', '::1', 1705563406, 0x5f5f63695f6c6173745f726567656e65726174657c693a313730353536333430363b6572726f725f6d6573736167657c733a32333a2257726f6e6720456d61696c204f722050617373776f7264223b5f5f63695f766172737c613a323a7b733a31333a226572726f725f6d657373616765223b733a333a226f6c64223b733a31333a22666c6173685f6d657373616765223b733a333a226f6c64223b7d6c6f67696e5f747970657c733a353a2261646d696e223b61646d696e5f6c6f67696e7c733a313a2231223b61646d696e5f69647c733a313a2231223b6c6f67696e5f757365725f69647c733a313a2231223b6e616d657c733a31333a2241646d696e6973747261746f72223b666c6173685f6d6573736167657c733a32353a22446174612044656c65746564205375636365737366756c6c79223b),
('vv8u3kpp71ah21v466vp90uuu5t0rvho', '::1', 1703871117, 0x5f5f63695f6c6173745f726567656e65726174657c693a313730333837313131373b6c6f67696e5f747970657c733a353a2261646d696e223b61646d696e5f6c6f67696e7c733a313a2231223b61646d696e5f69647c733a313a2231223b6c6f67696e5f757365725f69647c733a313a2231223b6e616d657c733a31333a2241646d696e6973747261746f72223b666c6173685f6d6573736167657c733a31383a225375636365737366756c6c79204c6f67696e223b5f5f63695f766172737c613a313a7b733a31333a22666c6173685f6d657373616765223b733a333a226f6c64223b7d);

-- --------------------------------------------------------

--
-- Table structure for table `class`
--

CREATE TABLE `class` (
  `class_id` int(11) NOT NULL,
  `name` longtext CHARACTER SET utf8 COLLATE utf8_unicode_ci NOT NULL,
  `name_numeric` longtext CHARACTER SET utf8 COLLATE utf8_unicode_ci NOT NULL,
  `teacher_id` int(11) NOT NULL
) ENGINE=MyISAM DEFAULT CHARSET=latin1;

--
-- Dumping data for table `class`
--

INSERT INTO `class` (`class_id`, `name`, `name_numeric`, `teacher_id`) VALUES
(2, 'Nursery One', 'Nursery 1', 1),
(3, 'class 1', 'class 1', 1);

-- --------------------------------------------------------

--
-- Table structure for table `classroom`
--

CREATE TABLE `classroom` (
  `id` int(11) NOT NULL,
  `classroom` varchar(255) NOT NULL,
  `subclass` varchar(255) NOT NULL,
  `date` varchar(255) NOT NULL,
  `document` varchar(255) NOT NULL,
  `created_date` datetime NOT NULL
) ENGINE=InnoDB DEFAULT CHARSET=utf8mb4;

-- --------------------------------------------------------

--
-- Table structure for table `club`
--

CREATE TABLE `club` (
  `club_id` int(11) NOT NULL,
  `club_name` longtext CHARACTER SET utf8 COLLATE utf8_unicode_ci NOT NULL,
  `desc` longtext CHARACTER SET utf8 COLLATE utf8_unicode_ci NOT NULL,
  `date` longtext CHARACTER SET utf8 COLLATE utf8_unicode_ci NOT NULL
) ENGINE=MyISAM DEFAULT CHARSET=latin1;

--
-- Dumping data for table `club`
--

INSERT INTO `club` (`club_id`, `club_name`, `desc`, `date`) VALUES
(1, 'Jet club', 'This is for those who love science.', '2019-08-25'),
(4, 'defgt', 'dsefg', '2023-12-13');

-- --------------------------------------------------------

--
-- Table structure for table `courses`
--

CREATE TABLE `courses` (
  `id` int(11) NOT NULL,
  `section` varchar(255) NOT NULL,
  `title` varchar(255) NOT NULL,
  `class_id` varchar(255) NOT NULL,
  `batch` varchar(255) NOT NULL,
  `target_year` varchar(255) NOT NULL,
  `course_img` varchar(255) NOT NULL,
  `created_date` datetime NOT NULL DEFAULT current_timestamp()
) ENGINE=InnoDB DEFAULT CHARSET=utf8mb4;

--
-- Dumping data for table `courses`
--

INSERT INTO `courses` (`id`, `section`, `title`, `class_id`, `batch`, `target_year`, `course_img`, `created_date`) VALUES
(4, 'JEE', 'JEE Early Nurture Batch', '3', '2025-01-03', '2025', 'jee.jpg', '2024-01-03 23:09:38'),
(5, 'NEET', 'JEE Early Dropper Batch', '3', '2025-01-06', '2025', 'neet.jpg', '2024-01-03 23:10:24');

-- --------------------------------------------------------

--
-- Table structure for table `department`
--

CREATE TABLE `department` (
  `department_id` int(11) NOT NULL,
  `name` longtext CHARACTER SET utf8 COLLATE utf8_unicode_ci NOT NULL,
  `department_code` longtext CHARACTER SET utf8 COLLATE utf8_unicode_ci NOT NULL
) ENGINE=MyISAM DEFAULT CHARSET=latin1;

--
-- Dumping data for table `department`
--

INSERT INTO `department` (`department_id`, `name`, `department_code`) VALUES
(2, 'Bursar', 'aed7c689d676c7c'),
(5, 'science', '1ff72b9a092b75a');

-- --------------------------------------------------------

--
-- Table structure for table `designation`
--

CREATE TABLE `designation` (
  `designation_id` int(11) NOT NULL,
  `name` longtext CHARACTER SET utf8 COLLATE utf8_unicode_ci NOT NULL,
  `department_id` int(11) NOT NULL
) ENGINE=MyISAM DEFAULT CHARSET=latin1;

--
-- Dumping data for table `designation`
--

INSERT INTO `designation` (`designation_id`, `name`, `department_id`) VALUES
(5, 'Tutorial', 2),
(4, 'Udemy', 2),
(6, 'Student', 2),
(14, 'adsgegg', 5);

-- --------------------------------------------------------

--
-- Table structure for table `dormitory`
--

CREATE TABLE `dormitory` (
  `dormitory_id` int(11) NOT NULL,
  `name` longtext CHARACTER SET utf8 COLLATE utf8_unicode_ci NOT NULL,
  `hostel_room_id` int(11) NOT NULL,
  `hostel_category_id` int(11) NOT NULL,
  `capacity` longtext CHARACTER SET utf8 COLLATE utf8_unicode_ci NOT NULL,
  `address` longtext CHARACTER SET utf8 COLLATE utf8_unicode_ci NOT NULL,
  `description` longtext CHARACTER SET utf8 COLLATE utf8_unicode_ci NOT NULL
) ENGINE=MyISAM DEFAULT CHARSET=latin1;

--
-- Dumping data for table `dormitory`
--

INSERT INTO `dormitory` (`dormitory_id`, `name`, `hostel_room_id`, `hostel_category_id`, `capacity`, `address`, `description`) VALUES
(2, 'Wiz Hostel', 2, 3, '200', 'Address for hostel location', 'Address for hostel location');

-- --------------------------------------------------------

--
-- Table structure for table `enquiry`
--

CREATE TABLE `enquiry` (
  `enquiry_id` int(11) NOT NULL,
  `category` longtext CHARACTER SET utf8 COLLATE utf8_unicode_ci NOT NULL,
  `mobile` longtext CHARACTER SET utf8 COLLATE utf8_unicode_ci NOT NULL,
  `purpose` longtext CHARACTER SET utf8 COLLATE utf8_unicode_ci NOT NULL,
  `name` longtext CHARACTER SET utf8 COLLATE utf8_unicode_ci NOT NULL,
  `whom_to_meet` longtext CHARACTER SET utf8 COLLATE utf8_unicode_ci NOT NULL,
  `email` longtext CHARACTER SET utf8 COLLATE utf8_unicode_ci NOT NULL,
  `content` longtext CHARACTER SET utf8 COLLATE utf8_unicode_ci NOT NULL,
  `date` timestamp NOT NULL DEFAULT current_timestamp() ON UPDATE current_timestamp()
) ENGINE=MyISAM DEFAULT CHARSET=latin1;

-- --------------------------------------------------------

--
-- Table structure for table `enquiry_category`
--

CREATE TABLE `enquiry_category` (
  `enquiry_category_id` int(11) NOT NULL,
  `category` longtext CHARACTER SET utf8 COLLATE utf8_unicode_ci NOT NULL,
  `purpose` longtext CHARACTER SET utf8 COLLATE utf8_unicode_ci NOT NULL,
  `whom` longtext CHARACTER SET utf8 COLLATE utf8_unicode_ci NOT NULL
) ENGINE=MyISAM DEFAULT CHARSET=latin1;

--
-- Dumping data for table `enquiry_category`
--

INSERT INTO `enquiry_category` (`enquiry_category_id`, `category`, `purpose`, `whom`) VALUES
(3, 'This is for ID 3 information.', 'Payment', 'Tutorial'),
(4, 'This is Udemy Information', 'School fees information', 'Just edited now'),
(6, 'dfghj', 'deghj', 'efghju');

-- --------------------------------------------------------

--
-- Table structure for table `exam`
--

CREATE TABLE `exam` (
  `exam_id` int(11) NOT NULL,
  `name` longtext CHARACTER SET utf8 COLLATE utf8_unicode_ci NOT NULL,
  `comment` longtext CHARACTER SET utf8 COLLATE utf8_unicode_ci NOT NULL,
  `timestamp` longtext CHARACTER SET utf8 COLLATE utf8_unicode_ci NOT NULL
) ENGINE=MyISAM DEFAULT CHARSET=latin1;

--
-- Dumping data for table `exam`
--

INSERT INTO `exam` (`exam_id`, `name`, `comment`, `timestamp`) VALUES
(1, 'First Term Examination', 'First Term', '2019-10-30');

-- --------------------------------------------------------

--
-- Table structure for table `exam_question`
--

CREATE TABLE `exam_question` (
  `exam_question_id` int(11) NOT NULL,
  `name` longtext CHARACTER SET utf8 COLLATE utf8_unicode_ci NOT NULL,
  `teacher_id` longtext CHARACTER SET utf8 COLLATE utf8_unicode_ci NOT NULL,
  `subject_id` longtext CHARACTER SET utf8 COLLATE utf8_unicode_ci NOT NULL,
  `description` longtext CHARACTER SET utf8 COLLATE utf8_unicode_ci NOT NULL,
  `class_id` longtext CHARACTER SET utf8 COLLATE utf8_unicode_ci NOT NULL,
  `file_name` longtext CHARACTER SET utf8 COLLATE utf8_unicode_ci NOT NULL,
  `file_type` longtext CHARACTER SET utf8 COLLATE utf8_unicode_ci NOT NULL,
  `timestamp` longtext CHARACTER SET utf8 COLLATE utf8_unicode_ci NOT NULL,
  `status` longtext CHARACTER SET utf8 COLLATE utf8_unicode_ci NOT NULL
) ENGINE=MyISAM DEFAULT CHARSET=latin1;

--
-- Dumping data for table `exam_question`
--

INSERT INTO `exam_question` (`exam_question_id`, `name`, `teacher_id`, `subject_id`, `description`, `class_id`, `file_name`, `file_type`, `timestamp`, `status`) VALUES
(4, 'asdf', '2', '5', 'zasfdgfg', '2', 'MscracticalCertificate.pdf', 'pdf', '2024-01-04', '1');

-- --------------------------------------------------------

--
-- Table structure for table `expense_category`
--

CREATE TABLE `expense_category` (
  `expense_category_id` int(11) NOT NULL,
  `name` longtext CHARACTER SET utf8 COLLATE utf8_unicode_ci NOT NULL
) ENGINE=MyISAM DEFAULT CHARSET=latin1;

--
-- Dumping data for table `expense_category`
--

INSERT INTO `expense_category` (`expense_category_id`, `name`) VALUES
(5, 'Reading Books.');

-- --------------------------------------------------------

--
-- Table structure for table `gallery`
--

CREATE TABLE `gallery` (
  `id` int(11) NOT NULL,
  `title` varchar(255) NOT NULL,
  `gallery_img` varchar(255) NOT NULL,
  `created_date` datetime NOT NULL DEFAULT current_timestamp()
) ENGINE=InnoDB DEFAULT CHARSET=utf8mb4;

-- --------------------------------------------------------

--
-- Table structure for table `home_slider`
--

CREATE TABLE `home_slider` (
  `id` int(11) NOT NULL,
  `banner` varchar(255) NOT NULL,
  `title` varchar(255) NOT NULL,
  `created_date` datetime NOT NULL DEFAULT current_timestamp()
) ENGINE=InnoDB DEFAULT CHARSET=utf8mb4;

--
-- Dumping data for table `home_slider`
--

INSERT INTO `home_slider` (`id`, `banner`, `title`, `created_date`) VALUES
(5, 'bansal_slider_image.webp', '', '2024-01-16 13:14:13'),
(6, 'NSEs-2023-24-1291x322.webp', '', '2024-01-16 13:16:32');

-- --------------------------------------------------------

--
-- Table structure for table `hostel_category`
--

CREATE TABLE `hostel_category` (
  `hostel_category_id` int(11) NOT NULL,
  `name` longtext CHARACTER SET utf8 COLLATE utf8_unicode_ci NOT NULL,
  `description` longtext CHARACTER SET utf8 COLLATE utf8_unicode_ci NOT NULL
) ENGINE=MyISAM DEFAULT CHARSET=latin1;

--
-- Dumping data for table `hostel_category`
--

INSERT INTO `hostel_category` (`hostel_category_id`, `name`, `description`) VALUES
(2, 'Female', 'This is for female only.'),
(3, 'Male', 'This is for male only. Female are not allowed.');

-- --------------------------------------------------------

--
-- Table structure for table `hostel_room`
--

CREATE TABLE `hostel_room` (
  `hostel_room_id` int(11) NOT NULL,
  `name` longtext CHARACTER SET utf8 COLLATE utf8_unicode_ci NOT NULL,
  `room_type` longtext CHARACTER SET utf8 COLLATE utf8_unicode_ci NOT NULL,
  `num_bed` longtext CHARACTER SET utf8 COLLATE utf8_unicode_ci NOT NULL,
  `cost_bed` longtext CHARACTER SET utf8 COLLATE utf8_unicode_ci NOT NULL,
  `description` longtext CHARACTER SET utf8 COLLATE utf8_unicode_ci NOT NULL
) ENGINE=MyISAM DEFAULT CHARSET=latin1;

--
-- Dumping data for table `hostel_room`
--

INSERT INTO `hostel_room` (`hostel_room_id`, `name`, `room_type`, `num_bed`, `cost_bed`, `description`) VALUES
(2, 'Room One', 'Single', '2', '5000', 'This is for the big guys among us.');

-- --------------------------------------------------------

--
-- Table structure for table `house`
--

CREATE TABLE `house` (
  `house_id` int(11) NOT NULL,
  `name` longtext CHARACTER SET utf8 COLLATE utf8_unicode_ci NOT NULL,
  `description` longtext CHARACTER SET utf8 COLLATE utf8_unicode_ci NOT NULL
) ENGINE=MyISAM DEFAULT CHARSET=latin1;

--
-- Dumping data for table `house`
--

INSERT INTO `house` (`house_id`, `name`, `description`) VALUES
(1, 'Purple House', 'This is for students in purple house');

-- --------------------------------------------------------

--
-- Table structure for table `invoice`
--

CREATE TABLE `invoice` (
  `invoice_id` int(11) NOT NULL,
  `invoice_number` longtext CHARACTER SET utf8 COLLATE utf8_unicode_ci NOT NULL,
  `student_id` int(11) NOT NULL,
  `title` longtext CHARACTER SET utf8 COLLATE utf8_unicode_ci NOT NULL,
  `description` longtext CHARACTER SET utf8 COLLATE utf8_unicode_ci NOT NULL,
  `amount` int(11) NOT NULL,
  `discount` int(11) NOT NULL,
  `amount_paid` int(11) NOT NULL,
  `due` int(11) NOT NULL,
  `creation_timestamp` longtext CHARACTER SET utf8 COLLATE utf8_unicode_ci NOT NULL,
  `payment_method` longtext CHARACTER SET utf8 COLLATE utf8_unicode_ci NOT NULL,
  `status` int(11) NOT NULL,
  `year` longtext CHARACTER SET utf8 COLLATE utf8_unicode_ci NOT NULL
) ENGINE=MyISAM DEFAULT CHARSET=latin1;

--
-- Dumping data for table `invoice`
--

INSERT INTO `invoice` (`invoice_id`, `invoice_number`, `student_id`, `title`, `description`, `amount`, `discount`, `amount_paid`, `due`, `creation_timestamp`, `payment_method`, `status`, `year`) VALUES
(2, '742593INV2019', 45, 'Another Part payment for eLibrary', 'Another Part payment for eLibrary.', 7000, 0, 6200, 800, '2019-11-12', '1', 2, '2019-2020');

-- --------------------------------------------------------

--
-- Table structure for table `language`
--

CREATE TABLE `language` (
  `phrase_id` int(11) NOT NULL,
  `phrase` longtext COLLATE utf8_unicode_ci NOT NULL,
  `english` longtext COLLATE utf8_unicode_ci DEFAULT NULL,
  `arabic` longtext COLLATE utf8_unicode_ci DEFAULT NULL,
  `french` longtext COLLATE utf8_unicode_ci DEFAULT NULL,
  `korea` longtext COLLATE utf8_unicode_ci DEFAULT NULL
) ENGINE=MyISAM DEFAULT CHARSET=utf8 COLLATE=utf8_unicode_ci;

--
-- Dumping data for table `language`
--

INSERT INTO `language` (`phrase_id`, `phrase`, `english`, `arabic`, `french`, `korea`) VALUES
(1, 'Manage Language', 'Manage Language', ' ', NULL, NULL),
(2, 'active language', 'Active Language', ' ', NULL, NULL),
(40557, 'add', NULL, NULL, NULL, NULL);

-- --------------------------------------------------------

--
-- Table structure for table `language_list`
--

CREATE TABLE `language_list` (
  `language_list_id` int(11) NOT NULL,
  `name` varchar(500) CHARACTER SET utf8 COLLATE utf8_unicode_ci DEFAULT NULL,
  `db_field` varchar(300) DEFAULT NULL,
  `status` varchar(20) DEFAULT NULL
) ENGINE=InnoDB DEFAULT CHARSET=latin1;

-- --------------------------------------------------------

--
-- Table structure for table `leave`
--

CREATE TABLE `leave` (
  `leave_id` int(11) NOT NULL,
  `leave_code` longtext CHARACTER SET utf8 COLLATE utf8_unicode_ci NOT NULL,
  `teacher_id` longtext CHARACTER SET utf8 COLLATE utf8_unicode_ci NOT NULL,
  `start_date` longtext CHARACTER SET utf8 COLLATE utf8_unicode_ci NOT NULL,
  `end_date` longtext CHARACTER SET utf8 COLLATE utf8_unicode_ci NOT NULL,
  `reason` longtext CHARACTER SET utf8 COLLATE utf8_unicode_ci NOT NULL,
  `status` longtext CHARACTER SET utf8 COLLATE utf8_unicode_ci NOT NULL
) ENGINE=MyISAM DEFAULT CHARSET=latin1;

-- --------------------------------------------------------

--
-- Table structure for table `mark`
--

CREATE TABLE `mark` (
  `mark_id` int(11) NOT NULL,
  `student_id` int(11) NOT NULL,
  `subject_id` int(11) NOT NULL,
  `exam_id` int(11) NOT NULL,
  `class_id` int(11) NOT NULL,
  `class_score1` int(11) NOT NULL,
  `class_score2` int(11) NOT NULL,
  `class_score3` int(11) NOT NULL,
  `exam_score` int(11) NOT NULL,
  `comment` longtext NOT NULL
) ENGINE=MyISAM DEFAULT CHARSET=latin1;

--
-- Dumping data for table `mark`
--

INSERT INTO `mark` (`mark_id`, `student_id`, `subject_id`, `exam_id`, `class_id`, `class_score1`, `class_score2`, `class_score3`, `exam_score`, `comment`) VALUES
(1, 45, 5, 1, 2, 10, 9, 8, 70, 'Good performance.'),
(2, 45, 4, 1, 2, 10, 7, 9, 69, 'Excellent performance.'),
(3, 45, 6, 1, 2, 8, 5, 8, 21, ''),
(4, 0, 5, 1, 2, 0, 0, 0, 0, ''),
(5, 0, 4, 1, 2, 0, 0, 0, 0, ''),
(6, 0, 6, 1, 2, 0, 0, 0, 0, '');

-- --------------------------------------------------------

--
-- Table structure for table `material`
--

CREATE TABLE `material` (
  `material_id` int(11) NOT NULL,
  `name` longtext CHARACTER SET utf8 COLLATE utf8_unicode_ci NOT NULL,
  `class_id` int(11) NOT NULL,
  `subject_id` int(11) NOT NULL,
  `teacher_id` int(11) NOT NULL,
  `description` longtext CHARACTER SET utf8 COLLATE utf8_unicode_ci NOT NULL,
  `file_name` longtext CHARACTER SET utf8 COLLATE utf8_unicode_ci NOT NULL,
  `file_type` longtext CHARACTER SET utf8 COLLATE utf8_unicode_ci NOT NULL,
  `timestamp` longtext CHARACTER SET utf8 COLLATE utf8_unicode_ci NOT NULL
) ENGINE=MyISAM DEFAULT CHARSET=latin1;

--
-- Dumping data for table `material`
--

INSERT INTO `material` (`material_id`, `name`, `class_id`, `subject_id`, `teacher_id`, `description`, `file_name`, `file_type`, `timestamp`) VALUES
(1, 'Study material for Nursery One', 2, 5, 1, 'This is for class only.', 'profile.png', 'docx', '2018-08-19');

-- --------------------------------------------------------

--
-- Table structure for table `meeting_link`
--

CREATE TABLE `meeting_link` (
  `id` int(11) NOT NULL,
  `title` longtext CHARACTER SET utf8 COLLATE utf8_unicode_ci NOT NULL,
  `meeting_code` longtext NOT NULL,
  `meeting_type` varchar(255) NOT NULL,
  `link` longtext CHARACTER SET utf8 COLLATE utf8_unicode_ci NOT NULL,
  `uploader_type` longtext CHARACTER SET utf8 COLLATE utf8_unicode_ci NOT NULL,
  `uploader_id` longtext CHARACTER SET utf8 COLLATE utf8_unicode_ci NOT NULL,
  `session` longtext CHARACTER SET utf8 COLLATE utf8_unicode_ci NOT NULL,
  `timestamp` int(11) NOT NULL
) ENGINE=MyISAM DEFAULT CHARSET=latin1;

--
-- Dumping data for table `meeting_link`
--

INSERT INTO `meeting_link` (`id`, `title`, `meeting_code`, `meeting_type`, `link`, `uploader_type`, `uploader_id`, `session`, `timestamp`) VALUES
(15, 'aaaa', '3223fed', 'Google Meeting', 'https://meet.google.com/mtc-drnf-mip', 'admin', '1', '2023-2024', 1705563079);

-- --------------------------------------------------------

--
-- Table structure for table `noticeboard`
--

CREATE TABLE `noticeboard` (
  `noticeboard_id` int(11) NOT NULL,
  `title` longtext CHARACTER SET utf8 COLLATE utf8_unicode_ci NOT NULL,
  `location` longtext CHARACTER SET utf8 COLLATE utf8_unicode_ci NOT NULL,
  `timestamp` int(11) NOT NULL,
  `description` longtext CHARACTER SET utf8 COLLATE utf8_unicode_ci NOT NULL
) ENGINE=MyISAM DEFAULT CHARSET=latin1;

--
-- Dumping data for table `noticeboard`
--

INSERT INTO `noticeboard` (`noticeboard_id`, `title`, `location`, `timestamp`, `description`) VALUES
(3, 'Second meeting coming up soon', 'Udemy Forum', 1575136800, 'The meeting is coming up soon. Ensure you are fully prepared.'),
(4, 'Parent Teacher Association Meeting.', 'Ontario Location', 1575050400, 'This is the new updated information as regards the meeting.');

-- --------------------------------------------------------

--
-- Table structure for table `parent`
--

CREATE TABLE `parent` (
  `parent_id` int(11) NOT NULL,
  `name` longtext CHARACTER SET utf8 COLLATE utf8_unicode_ci NOT NULL,
  `email` longtext CHARACTER SET utf8 COLLATE utf8_unicode_ci NOT NULL,
  `password` longtext CHARACTER SET utf8 COLLATE utf8_unicode_ci NOT NULL,
  `phone` longtext CHARACTER SET utf8 COLLATE utf8_unicode_ci NOT NULL,
  `address` longtext CHARACTER SET utf8 COLLATE utf8_unicode_ci NOT NULL,
  `profession` longtext CHARACTER SET utf8 COLLATE utf8_unicode_ci NOT NULL,
  `login_status` longtext CHARACTER SET utf8 COLLATE utf8_unicode_ci NOT NULL
) ENGINE=MyISAM DEFAULT CHARSET=latin1;

--
-- Dumping data for table `parent`
--

INSERT INTO `parent` (`parent_id`, `name`, `email`, `password`, `phone`, `address`, `profession`, `login_status`) VALUES
(4, 'Mr. Parent', 'parent@parent.com', '7110eda4d09e062aa5e4a390b0a572ac0d2c0220', '+912345667', 'Udemy Address', 'Learners', '0');

-- --------------------------------------------------------

--
-- Table structure for table `payment`
--

CREATE TABLE `payment` (
  `payment_id` int(11) NOT NULL,
  `expense_category_id` longtext CHARACTER SET utf8 COLLATE utf8_unicode_ci NOT NULL,
  `title` longtext CHARACTER SET utf8 COLLATE utf8_unicode_ci NOT NULL,
  `payment_type` longtext CHARACTER SET utf8 COLLATE utf8_unicode_ci NOT NULL,
  `invoice_id` longtext CHARACTER SET utf8 COLLATE utf8_unicode_ci NOT NULL,
  `student_id` longtext CHARACTER SET utf8 COLLATE utf8_unicode_ci NOT NULL,
  `method` longtext CHARACTER SET utf8 COLLATE utf8_unicode_ci NOT NULL,
  `description` longtext CHARACTER SET utf8 COLLATE utf8_unicode_ci NOT NULL,
  `amount` longtext CHARACTER SET utf8 COLLATE utf8_unicode_ci NOT NULL,
  `discount` longtext CHARACTER SET utf8 COLLATE utf8_unicode_ci NOT NULL,
  `timestamp` int(11) NOT NULL,
  `year` longtext CHARACTER SET utf8 COLLATE utf8_unicode_ci NOT NULL
) ENGINE=MyISAM DEFAULT CHARSET=latin1;

--
-- Dumping data for table `payment`
--

INSERT INTO `payment` (`payment_id`, `expense_category_id`, `title`, `payment_type`, `invoice_id`, `student_id`, `method`, `description`, `amount`, `discount`, `timestamp`, `year`) VALUES
(2, '5', 'Purchase of school reading', 'expense', '', '', '2', 'This was purchase by the school administrator for the purpose of having reading books in the school.<br>', '5000', '', 556644564, '2019-2020'),
(5, '5', 'Purchase of school chalks', 'expense', '', '', '1', 'Purchase of school chalks<br>', '3000', '', 556644564, '2019-2020'),
(6, '', 'Part payment for eLibrary', '', '2', '45', '1', 'income', '5000', '0', 556644564, ''),
(7, '', 'Another payment for eLibrary', 'income', '3', '45', '1', 'Another payment for eLibrary', '2000', '0', 445667865, ''),
(8, '', 'Part payment for eLibrary', 'income', '2', '45', '1', 'Part payment for eLibrary', '1200', '', 556644564, ''),
(9, '5', 'New chalk purchased', 'expense', '', '', '3', 'New chalk purchased<br>', '1000', '', 556644564, '2019-2020'),
(10, '', 'Another Part payment for eLibrary.', 'income', '2', '45', '1', 'Another Part payment for eLibrary.', '5000', '', 1576951200, '2019-2020');

-- --------------------------------------------------------

--
-- Table structure for table `quiz_answer`
--

CREATE TABLE `quiz_answer` (
  `id` int(11) NOT NULL,
  `user_id` smallint(6) NOT NULL,
  `quiz_id` smallint(6) NOT NULL,
  `question_id` smallint(6) NOT NULL,
  `answer` varchar(255) CHARACTER SET utf8 COLLATE utf8_unicode_ci NOT NULL,
  `is_correct` bit(1) NOT NULL COMMENT '1 = correct, 0 = incorrect',
  `entry_date` datetime NOT NULL DEFAULT current_timestamp()
) ENGINE=MyISAM DEFAULT CHARSET=latin1;

--
-- Dumping data for table `quiz_answer`
--

INSERT INTO `quiz_answer` (`id`, `user_id`, `quiz_id`, `question_id`, `answer`, `is_correct`, `entry_date`) VALUES
(89, 21, 18, 20, 'option_2', b'1', '2024-01-11 10:51:19'),
(88, 21, 18, 19, 'option_3', b'0', '2024-01-11 10:51:19'),
(87, 21, 18, 18, 'option_3', b'1', '2024-01-11 10:51:19'),
(86, 21, 18, 21, 'option_2', b'1', '2024-01-11 10:51:19'),
(85, 20, 18, 20, 'option_1', b'0', '2024-01-11 10:22:02'),
(84, 20, 18, 19, 'option_4', b'0', '2024-01-11 10:22:02'),
(83, 20, 18, 18, 'option_4', b'0', '2024-01-11 10:22:02'),
(82, 20, 18, 21, 'option_3', b'0', '2024-01-11 10:22:02'),
(81, 19, 18, 20, 'option_2', b'1', '2024-01-11 10:16:30'),
(80, 19, 18, 19, 'option_1', b'0', '2024-01-11 10:16:30'),
(79, 19, 18, 18, 'option_2', b'0', '2024-01-11 10:16:30'),
(78, 19, 18, 21, 'option_2', b'1', '2024-01-11 10:16:30'),
(77, 18, 18, 20, 'option_2', b'1', '2024-01-10 22:14:46'),
(76, 18, 18, 19, 'option_3', b'0', '2024-01-10 22:14:46'),
(75, 18, 18, 18, 'option_3', b'1', '2024-01-10 22:14:46'),
(90, 22, 18, 21, 'option_1', b'0', '2024-01-18 12:54:37'),
(91, 22, 18, 18, 'option_2', b'0', '2024-01-18 12:54:37'),
(92, 22, 18, 19, 'option_3', b'0', '2024-01-18 12:54:37'),
(93, 22, 18, 20, 'option_1', b'0', '2024-01-18 12:54:37');

-- --------------------------------------------------------

--
-- Table structure for table `quiz_details`
--

CREATE TABLE `quiz_details` (
  `quiz_id` int(11) NOT NULL,
  `quiz_name` varchar(255) CHARACTER SET utf8 COLLATE utf8_unicode_ci NOT NULL,
  `quiz_duration` varchar(255) NOT NULL,
  `start_date` date NOT NULL,
  `end_date` date NOT NULL,
  `is_active` tinyint(4) NOT NULL,
  `show_it` bit(1) NOT NULL,
  `counter` smallint(6) NOT NULL,
  `created_date` datetime NOT NULL,
  `created_by` int(11) NOT NULL,
  `last_modified_date` datetime NOT NULL,
  `last_modified_by` int(11) NOT NULL
) ENGINE=MyISAM DEFAULT CHARSET=latin1;

--
-- Dumping data for table `quiz_details`
--

INSERT INTO `quiz_details` (`quiz_id`, `quiz_name`, `quiz_duration`, `start_date`, `end_date`, `is_active`, `show_it`, `counter`, `created_date`, `created_by`, `last_modified_date`, `last_modified_by`) VALUES
(18, 'maths', '1 hours', '2024-01-09', '2024-01-30', 1, b'1', 4, '2024-01-09 16:46:20', 0, '0000-00-00 00:00:00', 0),
(19, 'science', '2 hours', '2024-01-18', '2024-02-04', 1, b'1', 1, '2024-01-18 13:26:58', 0, '0000-00-00 00:00:00', 0);

-- --------------------------------------------------------

--
-- Table structure for table `quiz_enquiry`
--

CREATE TABLE `quiz_enquiry` (
  `user_id` int(11) NOT NULL,
  `fullName` varchar(255) NOT NULL,
  `gender` varchar(255) NOT NULL,
  `email` varchar(255) NOT NULL,
  `mobileNumber` varchar(255) NOT NULL,
  `class` varchar(255) NOT NULL,
  `user_role` tinyint(10) NOT NULL,
  `is_active` tinyint(4) NOT NULL DEFAULT 1 COMMENT '1=Active, 0=Inactive',
  `created_date` datetime NOT NULL DEFAULT current_timestamp()
) ENGINE=InnoDB DEFAULT CHARSET=utf8mb4;

--
-- Dumping data for table `quiz_enquiry`
--

INSERT INTO `quiz_enquiry` (`user_id`, `fullName`, `gender`, `email`, `mobileNumber`, `class`, `user_role`, `is_active`, `created_date`) VALUES
(16, 'ankita', 'female', 'ankita@gmail.com', '9087654321', 'class 1', 2, 1, '2024-01-10 21:06:25'),
(17, 'anku', 'female', 'anku@gmail.com', '9087654321', 'Nursery One', 2, 1, '2024-01-10 22:12:50'),
(18, 'sudipa', 'female', 'sudipa@gmail.com', '9087654321', 'Nursery One', 2, 1, '2024-01-10 22:14:26'),
(19, 'rahul', 'male', 'rahul@gmail.com', '9087654321', 'Nursery One', 2, 1, '2024-01-11 10:16:09'),
(20, 'ankit', 'female', 'ankit@gmail.com', '9087654321', 'class 1', 2, 1, '2024-01-11 10:21:39'),
(21, 'sudipa', 'female', 'sudipa@gmail.com', '9087654321', 'Nursery One', 2, 1, '2024-01-11 10:50:56'),
(22, 'Sudipa Swarup Maity', 'male', 'msudi8@gmail.com', '9359044818', 'class 1', 2, 1, '2024-01-18 12:54:21');

-- --------------------------------------------------------

--
-- Table structure for table `quiz_questions`
--

CREATE TABLE `quiz_questions` (
  `id` int(11) NOT NULL,
  `quiz_id` int(11) NOT NULL,
  `question` text NOT NULL,
  `option1` varchar(255) CHARACTER SET utf8 COLLATE utf8_unicode_ci NOT NULL,
  `option2` varchar(255) CHARACTER SET utf8 COLLATE utf8_unicode_ci NOT NULL,
  `option3` varchar(255) CHARACTER SET utf8 COLLATE utf8_unicode_ci NOT NULL,
  `option4` varchar(255) CHARACTER SET utf8 COLLATE utf8_unicode_ci NOT NULL,
  `answer` varchar(20) CHARACTER SET utf8 COLLATE utf8_unicode_ci NOT NULL,
  `is_active` tinyint(4) NOT NULL,
  `created_date` datetime NOT NULL,
  `created_by` int(11) NOT NULL
) ENGINE=MyISAM DEFAULT CHARSET=latin1;

--
-- Dumping data for table `quiz_questions`
--

INSERT INTO `quiz_questions` (`id`, `quiz_id`, `question`, `option1`, `option2`, `option3`, `option4`, `answer`, `is_active`, `created_date`, `created_by`) VALUES
(21, 18, 'sdfghhdfgt', '1112211212', 'gfvhhjkghyjur', '88', '44444', 'option_2', 1, '0000-00-00 00:00:00', 0),
(18, 18, '1 + 1 =', '22', '3', '2', '222', 'option_3', 1, '0000-00-00 00:00:00', 0),
(19, 18, '10 * 30', '333', '300', '88', '444', 'option_2', 1, '0000-00-00 00:00:00', 0),
(20, 18, 'What the multiplication of 9 * 8 ?', '111', '72', '27', '56', 'option_2', 1, '0000-00-00 00:00:00', 0),
(22, 19, 'assss', 'a', 'b', 'c', 'd', 'option_2', 1, '0000-00-00 00:00:00', 0);

-- --------------------------------------------------------

--
-- Table structure for table `recorded_lecture`
--

CREATE TABLE `recorded_lecture` (
  `id` int(11) NOT NULL,
  `title` varchar(255) NOT NULL,
  `youtube_link` varchar(255) NOT NULL,
  `description` text NOT NULL,
  `created_date` datetime NOT NULL DEFAULT current_timestamp()
) ENGINE=InnoDB DEFAULT CHARSET=utf8mb4;

--
-- Dumping data for table `recorded_lecture`
--

INSERT INTO `recorded_lecture` (`id`, `title`, `youtube_link`, `description`, `created_date`) VALUES
(2, 'ssssssssssss', 'https://www.youtube.com/@vedhvalleyworldschool6773', 'sdfghjefesf', '2023-12-27 17:44:19');

-- --------------------------------------------------------

--
-- Table structure for table `results`
--

CREATE TABLE `results` (
  `id` int(11) NOT NULL,
  `result_banner` varchar(255) NOT NULL,
  `title` varchar(255) NOT NULL,
  `created_date` datetime NOT NULL DEFAULT current_timestamp()
) ENGINE=InnoDB DEFAULT CHARSET=utf8mb4;

--
-- Dumping data for table `results`
--

INSERT INTO `results` (`id`, `result_banner`, `title`, `created_date`) VALUES
(6, 'jee-adv-results-Image.jpg', '', '2024-01-02 23:42:55'),
(7, 'Slider_Aug.jpg', '', '2024-01-16 14:12:59'),
(8, 'result-3.jpg', '', '2024-01-16 14:13:08'),
(9, 'jee-adv-results-Image1.jpg', '', '2024-01-16 14:13:30'),
(10, 'JEE-Advanced-Result-2016.jpg', '', '2024-01-16 14:14:01'),
(11, 'JEE-Advanced-Result-2015.jpg', '', '2024-01-16 14:15:40');

-- --------------------------------------------------------

--
-- Table structure for table `section`
--

CREATE TABLE `section` (
  `section_id` int(11) NOT NULL,
  `name` longtext CHARACTER SET utf8 COLLATE utf8_unicode_ci NOT NULL,
  `nick_name` longtext CHARACTER SET utf8 COLLATE utf8_unicode_ci NOT NULL,
  `class_id` int(11) NOT NULL,
  `teacher_id` int(11) NOT NULL
) ENGINE=MyISAM DEFAULT CHARSET=latin1;

--
-- Dumping data for table `section`
--

INSERT INTO `section` (`section_id`, `name`, `nick_name`, `class_id`, `teacher_id`) VALUES
(3, 'First Term', 'Term 1', 2, 1),
(4, 'Second Term', '2nd', 2, 1),
(5, 'aaa', 'asdfgh', 3, 2);

-- --------------------------------------------------------

--
-- Table structure for table `settings`
--

CREATE TABLE `settings` (
  `settings_id` int(11) NOT NULL,
  `type` longtext CHARACTER SET utf8 COLLATE utf8_unicode_ci NOT NULL,
  `description` longtext CHARACTER SET utf8 COLLATE utf8_unicode_ci NOT NULL
) ENGINE=MyISAM DEFAULT CHARSET=latin1;

--
-- Dumping data for table `settings`
--

INSERT INTO `settings` (`settings_id`, `type`, `description`) VALUES
(1, 'system_name', 'Bansal Pathshala'),
(2, 'system_title', 'Bansal Pathshala'),
(3, 'address', ' 2nd floor morey sadan, opp. Bajaj KTM showroom, Nagpur, Maharashtra 440001'),
(4, 'phone', '+1564783934'),
(6, 'currency', 'INR'),
(7, 'system_email', 'payment@optimumlinkup.com'),
(11, 'language', 'english'),
(12, 'text_align', 'left-to-right'),
(16, 'skin_colour', 'blue'),
(21, 'session', '2023-2024'),
(22, 'footer', 'Bringing to you by Bansal Pathshala'),
(116, 'paypal_email', 'info@bansalpathshala.com'),
(119, 'stripe_setting', '[{\"stripe_active\":\"1\",\"testmode\":\"off\",\"secret_key\":\"test secret key\",\"public_key\":\"test public key\",\"secret_live_key\":\"live secret key\",\"public_live_key\":\"live public key\"}]'),
(122, 'paypal_setting', '[{\"paypal_active\":\"1\",\"paypal_mode\":\"sandbox\",\"sandbox_client_id\":\"client id sandbox\",\"production_client_id\":\"client - production\"}]'),
(123, 'img', 'dfg');

-- --------------------------------------------------------

--
-- Table structure for table `sms_settings`
--

CREATE TABLE `sms_settings` (
  `sms_setting_id` int(11) NOT NULL,
  `type` longtext CHARACTER SET utf8 COLLATE utf8_unicode_ci NOT NULL,
  `info` longtext CHARACTER SET utf8 COLLATE utf8_unicode_ci NOT NULL
) ENGINE=MyISAM DEFAULT CHARSET=latin1;

--
-- Dumping data for table `sms_settings`
--

INSERT INTO `sms_settings` (`sms_setting_id`, `type`, `info`) VALUES
(12, 'msg91_sender_id', 'sender id'),
(11, 'msg91_authentication_key', 'msg91 auth key'),
(10, 'clickatell_apikey', 'clickattel api'),
(9, 'clickatell_password', 'clickattel paasword'),
(8, 'clickatell_username', 'clickattel username'),
(13, 'msg91_route', 'route'),
(14, 'msg91_country_code', 'country code'),
(15, 'active_sms_gateway', 'msg91');

-- --------------------------------------------------------

--
-- Table structure for table `social_category`
--

CREATE TABLE `social_category` (
  `social_category_id` int(11) NOT NULL,
  `name` longtext CHARACTER SET utf8 COLLATE utf8_unicode_ci NOT NULL,
  `colour` longtext CHARACTER SET utf8 COLLATE utf8_unicode_ci NOT NULL,
  `icon` longtext CHARACTER SET utf8 COLLATE utf8_unicode_ci NOT NULL,
  `description` longtext CHARACTER SET utf8 COLLATE utf8_unicode_ci NOT NULL
) ENGINE=MyISAM DEFAULT CHARSET=latin1;

--
-- Dumping data for table `social_category`
--

INSERT INTO `social_category` (`social_category_id`, `name`, `colour`, `icon`, `description`) VALUES
(2, 'Romance', 'danger', 'fa-male', 'This is for romance chat room'),
(3, 'Event', 'primary', 'fa-book', 'This is for event chat room');

-- --------------------------------------------------------

--
-- Table structure for table `student`
--

CREATE TABLE `student` (
  `student_id` int(11) NOT NULL,
  `name` longtext COLLATE utf8_unicode_ci NOT NULL,
  `birthday` longtext COLLATE utf8_unicode_ci NOT NULL,
  `age` longtext COLLATE utf8_unicode_ci NOT NULL,
  `place_birth` longtext COLLATE utf8_unicode_ci NOT NULL,
  `sex` longtext COLLATE utf8_unicode_ci NOT NULL,
  `m_tongue` longtext COLLATE utf8_unicode_ci NOT NULL,
  `religion` longtext COLLATE utf8_unicode_ci NOT NULL,
  `blood_group` longtext COLLATE utf8_unicode_ci NOT NULL,
  `address` longtext COLLATE utf8_unicode_ci NOT NULL,
  `city` longtext COLLATE utf8_unicode_ci NOT NULL,
  `state` longtext COLLATE utf8_unicode_ci NOT NULL,
  `nationality` longtext COLLATE utf8_unicode_ci NOT NULL,
  `phone` longtext COLLATE utf8_unicode_ci NOT NULL,
  `email` longtext COLLATE utf8_unicode_ci NOT NULL,
  `ps_attended` longtext COLLATE utf8_unicode_ci NOT NULL,
  `ps_address` longtext COLLATE utf8_unicode_ci NOT NULL,
  `ps_purpose` longtext COLLATE utf8_unicode_ci NOT NULL,
  `class_study` longtext COLLATE utf8_unicode_ci NOT NULL,
  `date_of_leaving` longtext COLLATE utf8_unicode_ci NOT NULL,
  `am_date` longtext COLLATE utf8_unicode_ci NOT NULL,
  `tran_cert` longtext COLLATE utf8_unicode_ci NOT NULL,
  `dob_cert` longtext COLLATE utf8_unicode_ci NOT NULL,
  `mark_join` longtext COLLATE utf8_unicode_ci NOT NULL,
  `physical_h` longtext COLLATE utf8_unicode_ci NOT NULL,
  `password` longtext COLLATE utf8_unicode_ci NOT NULL,
  `father_name` longtext COLLATE utf8_unicode_ci NOT NULL,
  `mother_name` longtext COLLATE utf8_unicode_ci NOT NULL,
  `class_id` longtext COLLATE utf8_unicode_ci NOT NULL,
  `section_id` int(11) NOT NULL,
  `parent_id` int(11) NOT NULL,
  `roll` longtext COLLATE utf8_unicode_ci NOT NULL,
  `transport_id` int(11) NOT NULL,
  `dormitory_id` int(11) NOT NULL,
  `house_id` int(11) NOT NULL,
  `student_category_id` int(11) NOT NULL,
  `club_id` int(11) NOT NULL,
  `session` longtext COLLATE utf8_unicode_ci NOT NULL,
  `card_number` longtext COLLATE utf8_unicode_ci NOT NULL,
  `issue_date` longtext COLLATE utf8_unicode_ci NOT NULL,
  `expire_date` longtext COLLATE utf8_unicode_ci NOT NULL,
  `dormitory_room_number` longtext COLLATE utf8_unicode_ci NOT NULL,
  `more_entries` longtext COLLATE utf8_unicode_ci NOT NULL,
  `login_status` longtext COLLATE utf8_unicode_ci NOT NULL
) ENGINE=InnoDB DEFAULT CHARSET=utf8 COLLATE=utf8_unicode_ci;

--
-- Dumping data for table `student`
--

INSERT INTO `student` (`student_id`, `name`, `birthday`, `age`, `place_birth`, `sex`, `m_tongue`, `religion`, `blood_group`, `address`, `city`, `state`, `nationality`, `phone`, `email`, `ps_attended`, `ps_address`, `ps_purpose`, `class_study`, `date_of_leaving`, `am_date`, `tran_cert`, `dob_cert`, `mark_join`, `physical_h`, `password`, `father_name`, `mother_name`, `class_id`, `section_id`, `parent_id`, `roll`, `transport_id`, `dormitory_id`, `house_id`, `student_category_id`, `club_id`, `session`, `card_number`, `issue_date`, `expire_date`, `dormitory_room_number`, `more_entries`, `login_status`) VALUES
(45, 'Testing Student', '09/30/2003', '16', 'Lagos', 'female', 'Mother Tongue', 'Muslim', 'B+', 'Address', 'City', 'Lagos', 'Canadian', '+912345667', 'ankita@student.com', 'Previous school attended', 'Previous school address', 'Purpose Of Leaving', 'Class In Which Was Studying', '2011-08-10', '2011-08-19', 'Yes', 'Yes', 'Yes', 'No', '7110eda4d09e062aa5e4a390b0a572ac0d2c0220', '', '', '2', 0, 4, '5bf8161', 0, 2, 1, 2, 1, '2019-2020', '', '', '', '', '', '1'),
(46, 'Sudipa Swarup Maity', '01/18/2022', '2', 'Nagpur', 'female', 'marathi', 'hindu', 'A', 'Nagpur\r\nMaharashtra\r\n440002', 'Nagpur', 'Maharashtra', 'rfvgf', '9359044818', 'msudi8@gmail.com', 'aaa', 'Nagpur', 'aaa', 'aaa', '2011-08-19', '2011-08-19', 'No', 'No', 'No', 'No', '7110eda4d09e062aa5e4a390b0a572ac0d2c0220', '', '', '3', 5, 4, '0b9a282', 0, 2, 1, 2, 1, '2023-2024', '', '', '', '', '', '1');

-- --------------------------------------------------------

--
-- Table structure for table `student_category`
--

CREATE TABLE `student_category` (
  `student_category_id` int(11) NOT NULL,
  `name` longtext CHARACTER SET utf8 COLLATE utf8_unicode_ci NOT NULL,
  `description` longtext CHARACTER SET utf8 COLLATE utf8_unicode_ci NOT NULL
) ENGINE=MyISAM DEFAULT CHARSET=latin1;

--
-- Dumping data for table `student_category`
--

INSERT INTO `student_category` (`student_category_id`, `name`, `description`) VALUES
(2, 'Boarding Student', 'This is for the boarding student.');

-- --------------------------------------------------------

--
-- Table structure for table `subject`
--

CREATE TABLE `subject` (
  `subject_id` int(11) NOT NULL,
  `name` longtext CHARACTER SET utf8 COLLATE utf8_unicode_ci NOT NULL,
  `class_id` int(11) NOT NULL,
  `teacher_id` int(11) NOT NULL
) ENGINE=MyISAM DEFAULT CHARSET=latin1;

--
-- Dumping data for table `subject`
--

INSERT INTO `subject` (`subject_id`, `name`, `class_id`, `teacher_id`) VALUES
(5, 'Economics', 2, 1),
(4, 'Mathematics', 2, 1),
(6, 'English', 2, 1);

-- --------------------------------------------------------

--
-- Table structure for table `teacher`
--

CREATE TABLE `teacher` (
  `teacher_id` int(11) NOT NULL,
  `name` longtext COLLATE utf8_unicode_ci NOT NULL,
  `role` longtext COLLATE utf8_unicode_ci NOT NULL,
  `teacher_number` longtext COLLATE utf8_unicode_ci NOT NULL,
  `birthday` longtext COLLATE utf8_unicode_ci NOT NULL,
  `sex` longtext COLLATE utf8_unicode_ci NOT NULL,
  `religion` longtext COLLATE utf8_unicode_ci NOT NULL,
  `blood_group` longtext COLLATE utf8_unicode_ci NOT NULL,
  `address` longtext COLLATE utf8_unicode_ci NOT NULL,
  `phone` longtext COLLATE utf8_unicode_ci NOT NULL,
  `email` longtext COLLATE utf8_unicode_ci NOT NULL,
  `facebook` longtext COLLATE utf8_unicode_ci NOT NULL,
  `twitter` longtext COLLATE utf8_unicode_ci NOT NULL,
  `googleplus` longtext COLLATE utf8_unicode_ci NOT NULL,
  `linkedin` longtext COLLATE utf8_unicode_ci NOT NULL,
  `qualification` longtext COLLATE utf8_unicode_ci NOT NULL,
  `marital_status` longtext COLLATE utf8_unicode_ci NOT NULL,
  `file_name` longtext COLLATE utf8_unicode_ci NOT NULL,
  `password` longtext COLLATE utf8_unicode_ci NOT NULL,
  `department_id` int(11) NOT NULL,
  `designation_id` int(11) NOT NULL,
  `date_of_joining` longtext COLLATE utf8_unicode_ci NOT NULL,
  `joining_salary` longtext COLLATE utf8_unicode_ci NOT NULL,
  `status` int(11) NOT NULL,
  `date_of_leaving` longtext COLLATE utf8_unicode_ci NOT NULL,
  `bank_id` int(11) NOT NULL,
  `login_status` longtext COLLATE utf8_unicode_ci NOT NULL
) ENGINE=InnoDB DEFAULT CHARSET=utf8 COLLATE=utf8_unicode_ci;

--
-- Dumping data for table `teacher`
--

INSERT INTO `teacher` (`teacher_id`, `name`, `role`, `teacher_number`, `birthday`, `sex`, `religion`, `blood_group`, `address`, `phone`, `email`, `facebook`, `twitter`, `googleplus`, `linkedin`, `qualification`, `marital_status`, `file_name`, `password`, `department_id`, `designation_id`, `date_of_joining`, `joining_salary`, `status`, `date_of_leaving`, `bank_id`, `login_status`) VALUES
(1, 'Testing Teacher', '1', 'f82e5cc', '2018-08-19', 'male', 'Christianity', 'B+', '546787, Kertz shopping complext, Silicon Valley, United State of America, New York city.', '+912345667', 'teacher@teacher.com', 'facebook', 'twitter', 'googleplus', 'linkedin', 'PhD', 'Married', 'profile.png', '7110eda4d09e062aa5e4a390b0a572ac0d2c0220', 2, 4, '2019-09-15', '5000', 1, '2019-09-18', 3, '1'),
(2, 'ankita rokde', '2', 'fabb241', '1995-08-19', 'female', 'hindu', 'B+', 'dighori', '8765432123', 'ankita@gmail.com', '', '', '', '', 'sdas', 'Single', 'Ankita CV.pdf', 'da54e6c92368d10baaca171faf8dad325c3542d3', 5, 14, '2024-01-01', '20000', 1, '2024-01-01', 5, ''),
(3, 'Amit', '1', '92117e1', '2018-08-19', 'male', 'ghj', 'df', 'dxfgh', '09359044818', 'amit@gmail.com', 'wsda', 'sdf', 'sdf', 'sdxf', 'sd', 'Single', 'Background-image2.jpeg', 'c8babb64262c6076e821e1ea0afc7d306ede96cb', 5, 14, '2024-11-01', '23456', 1, '2024-01-11', 6, '0');

-- --------------------------------------------------------

--
-- Table structure for table `testimonial`
--

CREATE TABLE `testimonial` (
  `id` int(11) NOT NULL,
  `name` varchar(255) NOT NULL,
  `description` varchar(255) NOT NULL,
  `scholarship_image` varchar(255) NOT NULL,
  `created_date` datetime NOT NULL DEFAULT current_timestamp()
) ENGINE=InnoDB DEFAULT CHARSET=utf8mb4;

--
-- Dumping data for table `testimonial`
--

INSERT INTO `testimonial` (`id`, `name`, `description`, `scholarship_image`, `created_date`) VALUES
(3, 'demo', 'Et nec tantas accusamus salutatus, sit commodo veritus te, erat fabulas has ut.\r\n                                        Rebum\r\n                                        cum laudem cum ea, accusamus salutatus, sit commodo veritus te,erat legere\r\n           ', 'team-2.jpg', '2024-01-16 14:08:16'),
(4, 'Nathan Joe', 'Et nec tantas accusamus salutatus, sit commodo veritus te, erat fabulas has ut.\r\n                                        Rebum\r\n                                        cum laudem cum ea, accusamus salutatus, sit commodo veritus te,erat legere\r\n           ', 'team-1.jpg', '2024-01-16 14:08:47');

-- --------------------------------------------------------

--
-- Table structure for table `transport`
--

CREATE TABLE `transport` (
  `transport_id` int(11) NOT NULL,
  `name` longtext CHARACTER SET utf8 COLLATE utf8_unicode_ci NOT NULL,
  `transport_route_id` int(11) NOT NULL,
  `vehicle_id` int(11) NOT NULL,
  `route_fare` longtext CHARACTER SET utf8 COLLATE utf8_unicode_ci NOT NULL,
  `description` longtext CHARACTER SET utf8 COLLATE utf8_unicode_ci NOT NULL
) ENGINE=MyISAM DEFAULT CHARSET=latin1;

-- --------------------------------------------------------

--
-- Table structure for table `transport_route`
--

CREATE TABLE `transport_route` (
  `transport_route_id` int(11) NOT NULL,
  `name` longtext CHARACTER SET utf8 COLLATE utf8_unicode_ci NOT NULL,
  `description` longtext CHARACTER SET utf8 COLLATE utf8_unicode_ci NOT NULL
) ENGINE=MyISAM DEFAULT CHARSET=latin1;

--
-- Dumping data for table `transport_route`
--

INSERT INTO `transport_route` (`transport_route_id`, `name`, `description`) VALUES
(2, 'Toronto to Usa', 'This is vehicle is going from Canada to Usa'),
(3, 'Lagos to Canada', 'This is going to Canada');

-- --------------------------------------------------------

--
-- Table structure for table `users`
--

CREATE TABLE `users` (
  `user_id` int(11) NOT NULL,
  `user_name` varchar(255) CHARACTER SET utf8 COLLATE utf8_unicode_ci NOT NULL,
  `user_password` varchar(100) NOT NULL,
  `first_name` varchar(255) NOT NULL,
  `last_name` varchar(255) NOT NULL,
  `gender` varchar(10) NOT NULL,
  `user_role` int(11) NOT NULL,
  `is_active` tinyint(4) NOT NULL,
  `created_date` datetime NOT NULL DEFAULT current_timestamp()
) ENGINE=InnoDB DEFAULT CHARSET=latin1;

--
-- Dumping data for table `users`
--

INSERT INTO `users` (`user_id`, `user_name`, `user_password`, `first_name`, `last_name`, `gender`, `user_role`, `is_active`, `created_date`) VALUES
(1, 'admin', '202cb962ac59075b964b07152d234b70', '', '', '', 1, 1, '2018-09-25 17:31:00'),
(6, 'akshu', '50f20ea242c189f7dd46242e8411dc9f', 'akshu', 'm', 'female', 2, 1, '2023-11-30 10:00:06'),
(7, 'ankita', '1138dd6fdda5d617dfe218898ee02077', 'ankita', 'rokde', 'female', 2, 1, '2023-12-19 11:21:57'),
(8, 'sudipa', 'a7b24d715c42b8d2606c35d88b5a2954', 'sudipa', 'maity', 'female', 2, 1, '2023-12-19 13:10:07');

-- --------------------------------------------------------

--
-- Table structure for table `vehicle`
--

CREATE TABLE `vehicle` (
  `vehicle_id` int(11) NOT NULL,
  `name` longtext CHARACTER SET utf8 COLLATE utf8_unicode_ci NOT NULL,
  `vehicle_number` longtext CHARACTER SET utf8 COLLATE utf8_unicode_ci NOT NULL,
  `vehicle_model` longtext CHARACTER SET utf8 COLLATE utf8_unicode_ci NOT NULL,
  `vehicle_quantity` longtext CHARACTER SET utf8 COLLATE utf8_unicode_ci NOT NULL,
  `year_made` longtext CHARACTER SET utf8 COLLATE utf8_unicode_ci NOT NULL,
  `driver_name` longtext CHARACTER SET utf8 COLLATE utf8_unicode_ci NOT NULL,
  `driver_license` longtext CHARACTER SET utf8 COLLATE utf8_unicode_ci NOT NULL,
  `driver_contact` longtext CHARACTER SET utf8 COLLATE utf8_unicode_ci NOT NULL,
  `description` longtext CHARACTER SET utf8 COLLATE utf8_unicode_ci NOT NULL,
  `status` longtext CHARACTER SET utf8 COLLATE utf8_unicode_ci NOT NULL
) ENGINE=MyISAM DEFAULT CHARSET=latin1;

--
-- Dumping data for table `vehicle`
--

INSERT INTO `vehicle` (`vehicle_id`, `name`, `vehicle_number`, `vehicle_model`, `vehicle_quantity`, `year_made`, `driver_name`, `driver_license`, `driver_contact`, `description`, `status`) VALUES
(2, 'Toyota', '423', 'Camry', '2', '2019', 'Udemy Sheg', 'License', 'Contact address here', 'description here', 'available');

-- --------------------------------------------------------

--
-- Table structure for table `winners`
--

CREATE TABLE `winners` (
  `id` int(11) NOT NULL,
  `title` varchar(255) NOT NULL,
  `winners_img` varchar(255) NOT NULL,
  `created_date` datetime NOT NULL DEFAULT current_timestamp()
) ENGINE=InnoDB DEFAULT CHARSET=utf8mb4;

--
-- Dumping data for table `winners`
--

INSERT INTO `winners` (`id`, `title`, `winners_img`, `created_date`) VALUES
(8, 'JEE ADVANCED', '1.jpg', '2024-01-16 13:19:57'),
(9, 'JEE MAIN', '2.jpg', '2024-01-16 13:20:51');

--
-- Indexes for dumped tables
--

--
-- Indexes for table `academic_syllabus`
--
ALTER TABLE `academic_syllabus`
  ADD PRIMARY KEY (`id`);

--
-- Indexes for table `activity`
--
ALTER TABLE `activity`
  ADD PRIMARY KEY (`activity_id`);

--
-- Indexes for table `admin`
--
ALTER TABLE `admin`
  ADD PRIMARY KEY (`admin_id`);

--
-- Indexes for table `admin_role`
--
ALTER TABLE `admin_role`
  ADD PRIMARY KEY (`admin_role_id`);

--
-- Indexes for table `announcement`
--
ALTER TABLE `announcement`
  ADD PRIMARY KEY (`id`);

--
-- Indexes for table `assignment`
--
ALTER TABLE `assignment`
  ADD PRIMARY KEY (`assignment_id`);

--
-- Indexes for table `attendance`
--
ALTER TABLE `attendance`
  ADD PRIMARY KEY (`attendance_id`);

--
-- Indexes for table `bank`
--
ALTER TABLE `bank`
  ADD PRIMARY KEY (`bank_id`);

--
-- Indexes for table `book`
--
ALTER TABLE `book`
  ADD PRIMARY KEY (`book_id`);

--
-- Indexes for table `book_category`
--
ALTER TABLE `book_category`
  ADD PRIMARY KEY (`book_category_id`);

--
-- Indexes for table `circular`
--
ALTER TABLE `circular`
  ADD PRIMARY KEY (`circular_id`);

--
-- Indexes for table `ci_sessions`
--
ALTER TABLE `ci_sessions`
  ADD PRIMARY KEY (`id`),
  ADD KEY `ci_sessions_timestamp` (`timestamp`);

--
-- Indexes for table `class`
--
ALTER TABLE `class`
  ADD PRIMARY KEY (`class_id`);

--
-- Indexes for table `classroom`
--
ALTER TABLE `classroom`
  ADD PRIMARY KEY (`id`);

--
-- Indexes for table `club`
--
ALTER TABLE `club`
  ADD PRIMARY KEY (`club_id`);

--
-- Indexes for table `courses`
--
ALTER TABLE `courses`
  ADD PRIMARY KEY (`id`);

--
-- Indexes for table `department`
--
ALTER TABLE `department`
  ADD PRIMARY KEY (`department_id`);

--
-- Indexes for table `designation`
--
ALTER TABLE `designation`
  ADD PRIMARY KEY (`designation_id`);

--
-- Indexes for table `dormitory`
--
ALTER TABLE `dormitory`
  ADD PRIMARY KEY (`dormitory_id`);

--
-- Indexes for table `enquiry`
--
ALTER TABLE `enquiry`
  ADD PRIMARY KEY (`enquiry_id`);

--
-- Indexes for table `enquiry_category`
--
ALTER TABLE `enquiry_category`
  ADD PRIMARY KEY (`enquiry_category_id`);

--
-- Indexes for table `exam`
--
ALTER TABLE `exam`
  ADD PRIMARY KEY (`exam_id`);

--
-- Indexes for table `exam_question`
--
ALTER TABLE `exam_question`
  ADD PRIMARY KEY (`exam_question_id`);

--
-- Indexes for table `expense_category`
--
ALTER TABLE `expense_category`
  ADD PRIMARY KEY (`expense_category_id`);

--
-- Indexes for table `gallery`
--
ALTER TABLE `gallery`
  ADD PRIMARY KEY (`id`);

--
-- Indexes for table `home_slider`
--
ALTER TABLE `home_slider`
  ADD PRIMARY KEY (`id`);

--
-- Indexes for table `hostel_category`
--
ALTER TABLE `hostel_category`
  ADD PRIMARY KEY (`hostel_category_id`);

--
-- Indexes for table `hostel_room`
--
ALTER TABLE `hostel_room`
  ADD PRIMARY KEY (`hostel_room_id`);

--
-- Indexes for table `house`
--
ALTER TABLE `house`
  ADD PRIMARY KEY (`house_id`);

--
-- Indexes for table `invoice`
--
ALTER TABLE `invoice`
  ADD PRIMARY KEY (`invoice_id`);

--
-- Indexes for table `language`
--
ALTER TABLE `language`
  ADD PRIMARY KEY (`phrase_id`);

--
-- Indexes for table `language_list`
--
ALTER TABLE `language_list`
  ADD PRIMARY KEY (`language_list_id`);

--
-- Indexes for table `leave`
--
ALTER TABLE `leave`
  ADD PRIMARY KEY (`leave_id`);

--
-- Indexes for table `mark`
--
ALTER TABLE `mark`
  ADD PRIMARY KEY (`mark_id`);

--
-- Indexes for table `material`
--
ALTER TABLE `material`
  ADD PRIMARY KEY (`material_id`);

--
-- Indexes for table `meeting_link`
--
ALTER TABLE `meeting_link`
  ADD PRIMARY KEY (`id`);

--
-- Indexes for table `noticeboard`
--
ALTER TABLE `noticeboard`
  ADD PRIMARY KEY (`noticeboard_id`);

--
-- Indexes for table `parent`
--
ALTER TABLE `parent`
  ADD PRIMARY KEY (`parent_id`);

--
-- Indexes for table `payment`
--
ALTER TABLE `payment`
  ADD PRIMARY KEY (`payment_id`);

--
-- Indexes for table `quiz_answer`
--
ALTER TABLE `quiz_answer`
  ADD PRIMARY KEY (`id`);

--
-- Indexes for table `quiz_details`
--
ALTER TABLE `quiz_details`
  ADD PRIMARY KEY (`quiz_id`);

--
-- Indexes for table `quiz_enquiry`
--
ALTER TABLE `quiz_enquiry`
  ADD PRIMARY KEY (`user_id`);

--
-- Indexes for table `quiz_questions`
--
ALTER TABLE `quiz_questions`
  ADD PRIMARY KEY (`id`);

--
-- Indexes for table `recorded_lecture`
--
ALTER TABLE `recorded_lecture`
  ADD PRIMARY KEY (`id`);

--
-- Indexes for table `results`
--
ALTER TABLE `results`
  ADD PRIMARY KEY (`id`);

--
-- Indexes for table `section`
--
ALTER TABLE `section`
  ADD PRIMARY KEY (`section_id`);

--
-- Indexes for table `settings`
--
ALTER TABLE `settings`
  ADD PRIMARY KEY (`settings_id`);

--
-- Indexes for table `sms_settings`
--
ALTER TABLE `sms_settings`
  ADD PRIMARY KEY (`sms_setting_id`);

--
-- Indexes for table `social_category`
--
ALTER TABLE `social_category`
  ADD PRIMARY KEY (`social_category_id`);

--
-- Indexes for table `student`
--
ALTER TABLE `student`
  ADD PRIMARY KEY (`student_id`);

--
-- Indexes for table `student_category`
--
ALTER TABLE `student_category`
  ADD PRIMARY KEY (`student_category_id`);

--
-- Indexes for table `subject`
--
ALTER TABLE `subject`
  ADD PRIMARY KEY (`subject_id`);

--
-- Indexes for table `teacher`
--
ALTER TABLE `teacher`
  ADD PRIMARY KEY (`teacher_id`);

--
-- Indexes for table `testimonial`
--
ALTER TABLE `testimonial`
  ADD PRIMARY KEY (`id`);

--
-- Indexes for table `transport`
--
ALTER TABLE `transport`
  ADD PRIMARY KEY (`transport_id`);

--
-- Indexes for table `transport_route`
--
ALTER TABLE `transport_route`
  ADD PRIMARY KEY (`transport_route_id`);

--
-- Indexes for table `users`
--
ALTER TABLE `users`
  ADD PRIMARY KEY (`user_id`),
  ADD KEY `user_name` (`user_name`);

--
-- Indexes for table `vehicle`
--
ALTER TABLE `vehicle`
  ADD PRIMARY KEY (`vehicle_id`);

--
-- Indexes for table `winners`
--
ALTER TABLE `winners`
  ADD PRIMARY KEY (`id`);

--
-- AUTO_INCREMENT for dumped tables
--

--
-- AUTO_INCREMENT for table `academic_syllabus`
--
ALTER TABLE `academic_syllabus`
  MODIFY `id` int(11) NOT NULL AUTO_INCREMENT, AUTO_INCREMENT=7;

--
-- AUTO_INCREMENT for table `activity`
--
ALTER TABLE `activity`
  MODIFY `activity_id` int(11) NOT NULL AUTO_INCREMENT, AUTO_INCREMENT=2;

--
-- AUTO_INCREMENT for table `admin`
--
ALTER TABLE `admin`
  MODIFY `admin_id` int(11) NOT NULL AUTO_INCREMENT, AUTO_INCREMENT=18;

--
-- AUTO_INCREMENT for table `admin_role`
--
ALTER TABLE `admin_role`
  MODIFY `admin_role_id` int(11) NOT NULL AUTO_INCREMENT, AUTO_INCREMENT=14;

--
-- AUTO_INCREMENT for table `announcement`
--
ALTER TABLE `announcement`
  MODIFY `id` int(11) NOT NULL AUTO_INCREMENT, AUTO_INCREMENT=9;

--
-- AUTO_INCREMENT for table `assignment`
--
ALTER TABLE `assignment`
  MODIFY `assignment_id` int(11) NOT NULL AUTO_INCREMENT, AUTO_INCREMENT=5;

--
-- AUTO_INCREMENT for table `attendance`
--
ALTER TABLE `attendance`
  MODIFY `attendance_id` int(11) NOT NULL AUTO_INCREMENT, AUTO_INCREMENT=45;

--
-- AUTO_INCREMENT for table `bank`
--
ALTER TABLE `bank`
  MODIFY `bank_id` int(11) NOT NULL AUTO_INCREMENT, AUTO_INCREMENT=7;

--
-- AUTO_INCREMENT for table `book`
--
ALTER TABLE `book`
  MODIFY `book_id` int(11) NOT NULL AUTO_INCREMENT, AUTO_INCREMENT=5;

--
-- AUTO_INCREMENT for table `book_category`
--
ALTER TABLE `book_category`
  MODIFY `book_category_id` int(11) NOT NULL AUTO_INCREMENT, AUTO_INCREMENT=3;

--
-- AUTO_INCREMENT for table `circular`
--
ALTER TABLE `circular`
  MODIFY `circular_id` int(11) NOT NULL AUTO_INCREMENT, AUTO_INCREMENT=4;

--
-- AUTO_INCREMENT for table `class`
--
ALTER TABLE `class`
  MODIFY `class_id` int(11) NOT NULL AUTO_INCREMENT, AUTO_INCREMENT=4;

--
-- AUTO_INCREMENT for table `classroom`
--
ALTER TABLE `classroom`
  MODIFY `id` int(11) NOT NULL AUTO_INCREMENT, AUTO_INCREMENT=3;

--
-- AUTO_INCREMENT for table `club`
--
ALTER TABLE `club`
  MODIFY `club_id` int(11) NOT NULL AUTO_INCREMENT, AUTO_INCREMENT=5;

--
-- AUTO_INCREMENT for table `courses`
--
ALTER TABLE `courses`
  MODIFY `id` int(11) NOT NULL AUTO_INCREMENT, AUTO_INCREMENT=6;

--
-- AUTO_INCREMENT for table `department`
--
ALTER TABLE `department`
  MODIFY `department_id` int(11) NOT NULL AUTO_INCREMENT, AUTO_INCREMENT=6;

--
-- AUTO_INCREMENT for table `designation`
--
ALTER TABLE `designation`
  MODIFY `designation_id` int(11) NOT NULL AUTO_INCREMENT, AUTO_INCREMENT=15;

--
-- AUTO_INCREMENT for table `dormitory`
--
ALTER TABLE `dormitory`
  MODIFY `dormitory_id` int(11) NOT NULL AUTO_INCREMENT, AUTO_INCREMENT=3;

--
-- AUTO_INCREMENT for table `enquiry`
--
ALTER TABLE `enquiry`
  MODIFY `enquiry_id` int(11) NOT NULL AUTO_INCREMENT, AUTO_INCREMENT=2;

--
-- AUTO_INCREMENT for table `enquiry_category`
--
ALTER TABLE `enquiry_category`
  MODIFY `enquiry_category_id` int(11) NOT NULL AUTO_INCREMENT, AUTO_INCREMENT=7;

--
-- AUTO_INCREMENT for table `exam`
--
ALTER TABLE `exam`
  MODIFY `exam_id` int(11) NOT NULL AUTO_INCREMENT, AUTO_INCREMENT=3;

--
-- AUTO_INCREMENT for table `exam_question`
--
ALTER TABLE `exam_question`
  MODIFY `exam_question_id` int(11) NOT NULL AUTO_INCREMENT, AUTO_INCREMENT=5;

--
-- AUTO_INCREMENT for table `expense_category`
--
ALTER TABLE `expense_category`
  MODIFY `expense_category_id` int(11) NOT NULL AUTO_INCREMENT, AUTO_INCREMENT=6;

--
-- AUTO_INCREMENT for table `gallery`
--
ALTER TABLE `gallery`
  MODIFY `id` int(11) NOT NULL AUTO_INCREMENT, AUTO_INCREMENT=9;

--
-- AUTO_INCREMENT for table `home_slider`
--
ALTER TABLE `home_slider`
  MODIFY `id` int(11) NOT NULL AUTO_INCREMENT, AUTO_INCREMENT=7;

--
-- AUTO_INCREMENT for table `hostel_category`
--
ALTER TABLE `hostel_category`
  MODIFY `hostel_category_id` int(11) NOT NULL AUTO_INCREMENT, AUTO_INCREMENT=5;

--
-- AUTO_INCREMENT for table `hostel_room`
--
ALTER TABLE `hostel_room`
  MODIFY `hostel_room_id` int(11) NOT NULL AUTO_INCREMENT, AUTO_INCREMENT=3;

--
-- AUTO_INCREMENT for table `house`
--
ALTER TABLE `house`
  MODIFY `house_id` int(11) NOT NULL AUTO_INCREMENT, AUTO_INCREMENT=5;

--
-- AUTO_INCREMENT for table `invoice`
--
ALTER TABLE `invoice`
  MODIFY `invoice_id` int(11) NOT NULL AUTO_INCREMENT, AUTO_INCREMENT=4;

--
-- AUTO_INCREMENT for table `language`
--
ALTER TABLE `language`
  MODIFY `phrase_id` int(11) NOT NULL AUTO_INCREMENT, AUTO_INCREMENT=40558;

--
-- AUTO_INCREMENT for table `language_list`
--
ALTER TABLE `language_list`
  MODIFY `language_list_id` int(11) NOT NULL AUTO_INCREMENT;

--
-- AUTO_INCREMENT for table `leave`
--
ALTER TABLE `leave`
  MODIFY `leave_id` int(11) NOT NULL AUTO_INCREMENT, AUTO_INCREMENT=3;

--
-- AUTO_INCREMENT for table `mark`
--
ALTER TABLE `mark`
  MODIFY `mark_id` int(11) NOT NULL AUTO_INCREMENT, AUTO_INCREMENT=7;

--
-- AUTO_INCREMENT for table `material`
--
ALTER TABLE `material`
  MODIFY `material_id` int(11) NOT NULL AUTO_INCREMENT, AUTO_INCREMENT=2;

--
-- AUTO_INCREMENT for table `meeting_link`
--
ALTER TABLE `meeting_link`
  MODIFY `id` int(11) NOT NULL AUTO_INCREMENT, AUTO_INCREMENT=16;

--
-- AUTO_INCREMENT for table `noticeboard`
--
ALTER TABLE `noticeboard`
  MODIFY `noticeboard_id` int(11) NOT NULL AUTO_INCREMENT, AUTO_INCREMENT=5;

--
-- AUTO_INCREMENT for table `parent`
--
ALTER TABLE `parent`
  MODIFY `parent_id` int(11) NOT NULL AUTO_INCREMENT, AUTO_INCREMENT=5;

--
-- AUTO_INCREMENT for table `payment`
--
ALTER TABLE `payment`
  MODIFY `payment_id` int(11) NOT NULL AUTO_INCREMENT, AUTO_INCREMENT=11;

--
-- AUTO_INCREMENT for table `quiz_answer`
--
ALTER TABLE `quiz_answer`
  MODIFY `id` int(11) NOT NULL AUTO_INCREMENT, AUTO_INCREMENT=94;

--
-- AUTO_INCREMENT for table `quiz_details`
--
ALTER TABLE `quiz_details`
  MODIFY `quiz_id` int(11) NOT NULL AUTO_INCREMENT, AUTO_INCREMENT=20;

--
-- AUTO_INCREMENT for table `quiz_enquiry`
--
ALTER TABLE `quiz_enquiry`
  MODIFY `user_id` int(11) NOT NULL AUTO_INCREMENT, AUTO_INCREMENT=23;

--
-- AUTO_INCREMENT for table `quiz_questions`
--
ALTER TABLE `quiz_questions`
  MODIFY `id` int(11) NOT NULL AUTO_INCREMENT, AUTO_INCREMENT=23;

--
-- AUTO_INCREMENT for table `recorded_lecture`
--
ALTER TABLE `recorded_lecture`
  MODIFY `id` int(11) NOT NULL AUTO_INCREMENT, AUTO_INCREMENT=3;

--
-- AUTO_INCREMENT for table `results`
--
ALTER TABLE `results`
  MODIFY `id` int(11) NOT NULL AUTO_INCREMENT, AUTO_INCREMENT=12;

--
-- AUTO_INCREMENT for table `section`
--
ALTER TABLE `section`
  MODIFY `section_id` int(11) NOT NULL AUTO_INCREMENT, AUTO_INCREMENT=6;

--
-- AUTO_INCREMENT for table `settings`
--
ALTER TABLE `settings`
  MODIFY `settings_id` int(11) NOT NULL AUTO_INCREMENT, AUTO_INCREMENT=124;

--
-- AUTO_INCREMENT for table `sms_settings`
--
ALTER TABLE `sms_settings`
  MODIFY `sms_setting_id` int(11) NOT NULL AUTO_INCREMENT, AUTO_INCREMENT=16;

--
-- AUTO_INCREMENT for table `social_category`
--
ALTER TABLE `social_category`
  MODIFY `social_category_id` int(11) NOT NULL AUTO_INCREMENT, AUTO_INCREMENT=5;

--
-- AUTO_INCREMENT for table `student`
--
ALTER TABLE `student`
  MODIFY `student_id` int(11) NOT NULL AUTO_INCREMENT, AUTO_INCREMENT=47;

--
-- AUTO_INCREMENT for table `student_category`
--
ALTER TABLE `student_category`
  MODIFY `student_category_id` int(11) NOT NULL AUTO_INCREMENT, AUTO_INCREMENT=3;

--
-- AUTO_INCREMENT for table `subject`
--
ALTER TABLE `subject`
  MODIFY `subject_id` int(11) NOT NULL AUTO_INCREMENT, AUTO_INCREMENT=7;

--
-- AUTO_INCREMENT for table `teacher`
--
ALTER TABLE `teacher`
  MODIFY `teacher_id` int(11) NOT NULL AUTO_INCREMENT, AUTO_INCREMENT=4;

--
-- AUTO_INCREMENT for table `testimonial`
--
ALTER TABLE `testimonial`
  MODIFY `id` int(11) NOT NULL AUTO_INCREMENT, AUTO_INCREMENT=5;

--
-- AUTO_INCREMENT for table `transport`
--
ALTER TABLE `transport`
  MODIFY `transport_id` int(11) NOT NULL AUTO_INCREMENT, AUTO_INCREMENT=2;

--
-- AUTO_INCREMENT for table `transport_route`
--
ALTER TABLE `transport_route`
  MODIFY `transport_route_id` int(11) NOT NULL AUTO_INCREMENT, AUTO_INCREMENT=4;

--
-- AUTO_INCREMENT for table `users`
--
ALTER TABLE `users`
  MODIFY `user_id` int(11) NOT NULL AUTO_INCREMENT, AUTO_INCREMENT=9;

--
-- AUTO_INCREMENT for table `vehicle`
--
ALTER TABLE `vehicle`
  MODIFY `vehicle_id` int(11) NOT NULL AUTO_INCREMENT, AUTO_INCREMENT=3;

--
-- AUTO_INCREMENT for table `winners`
--
ALTER TABLE `winners`
  MODIFY `id` int(11) NOT NULL AUTO_INCREMENT, AUTO_INCREMENT=10;
COMMIT;

/*!40101 SET CHARACTER_SET_CLIENT=@OLD_CHARACTER_SET_CLIENT */;
/*!40101 SET CHARACTER_SET_RESULTS=@OLD_CHARACTER_SET_RESULTS */;
/*!40101 SET COLLATION_CONNECTION=@OLD_COLLATION_CONNECTION */;
