-- phpMyAdmin SQL Dump
-- version 5.2.1
-- https://www.phpmyadmin.net/
--
-- Host: localhost:3306
-- Generation Time: Feb 01, 2024 at 11:07 PM
-- Server version: 5.7.43
-- PHP Version: 8.1.16

SET SQL_MODE = "NO_AUTO_VALUE_ON_ZERO";
START TRANSACTION;
SET time_zone = "+00:00";


/*!40101 SET @OLD_CHARACTER_SET_CLIENT=@@CHARACTER_SET_CLIENT */;
/*!40101 SET @OLD_CHARACTER_SET_RESULTS=@@CHARACTER_SET_RESULTS */;
/*!40101 SET @OLD_COLLATION_CONNECTION=@@COLLATION_CONNECTION */;
/*!40101 SET NAMES utf8mb4 */;

--
-- Database: `devveerit_open2`
--

-- --------------------------------------------------------

--
-- Table structure for table `academic_syllabus`
--

CREATE TABLE `academic_syllabus` (
  `id` int(11) NOT NULL,
  `academic_syllabus_code` longtext CHARACTER SET utf8 COLLATE utf8_unicode_ci NOT NULL,
  `title` longtext CHARACTER SET utf8 COLLATE utf8_unicode_ci NOT NULL,
  `class_id` int(11) NOT NULL,
  `subject_id` int(11) NOT NULL,
  `description` longtext CHARACTER SET utf8 COLLATE utf8_unicode_ci NOT NULL,
  `uploader_type` longtext CHARACTER SET utf8 COLLATE utf8_unicode_ci NOT NULL,
  `uploader_id` longtext CHARACTER SET utf8 COLLATE utf8_unicode_ci NOT NULL,
  `session` longtext CHARACTER SET utf8 COLLATE utf8_unicode_ci NOT NULL,
  `timestamp` int(11) NOT NULL,
  `file_name` longtext CHARACTER SET utf8 COLLATE utf8_unicode_ci NOT NULL
) ENGINE=MyISAM DEFAULT CHARSET=latin1;

--
-- Dumping data for table `academic_syllabus`
--

INSERT INTO `academic_syllabus` (`id`, `academic_syllabus_code`, `title`, `class_id`, `subject_id`, `description`, `uploader_type`, `uploader_id`, `session`, `timestamp`, `file_name`) VALUES
(4, 'c92aa3b', 'swegft', 2, 4, 'sdfgvhgj', 'admin', '1', '2019-2020', 1701157021, 'index.html'),
(5, 'ad5997a', 'esrdthyuj', 2, 4, 'wedtghyui', 'admin', '1', '2019-2020', 1702487540, 'customer-support.png');

-- --------------------------------------------------------

--
-- Table structure for table `activity`
--

CREATE TABLE `activity` (
  `activity_id` int(11) NOT NULL,
  `name` longtext CHARACTER SET utf8 COLLATE utf8_unicode_ci NOT NULL,
  `colour` longtext CHARACTER SET utf8 COLLATE utf8_unicode_ci NOT NULL,
  `icon` longtext CHARACTER SET utf8 COLLATE utf8_unicode_ci NOT NULL,
  `club_id` int(11) NOT NULL,
  `description` longtext CHARACTER SET utf8 COLLATE utf8_unicode_ci NOT NULL,
  `date` longtext CHARACTER SET utf8 COLLATE utf8_unicode_ci NOT NULL
) ENGINE=MyISAM DEFAULT CHARSET=latin1;

-- --------------------------------------------------------

--
-- Table structure for table `admin`
--

CREATE TABLE `admin` (
  `admin_id` int(11) NOT NULL,
  `name` longtext COLLATE utf8_unicode_ci NOT NULL,
  `email` longtext COLLATE utf8_unicode_ci NOT NULL,
  `phone` longtext COLLATE utf8_unicode_ci NOT NULL,
  `password` longtext COLLATE utf8_unicode_ci NOT NULL,
  `userfile` varchar(255) COLLATE utf8_unicode_ci NOT NULL,
  `level` longtext COLLATE utf8_unicode_ci NOT NULL,
  `login_status` longtext COLLATE utf8_unicode_ci NOT NULL
) ENGINE=InnoDB DEFAULT CHARSET=utf8 COLLATE=utf8_unicode_ci;

--
-- Dumping data for table `admin`
--

INSERT INTO `admin` (`admin_id`, `name`, `email`, `phone`, `password`, `userfile`, `level`, `login_status`) VALUES
(1, 'Administrator', 'admin@admin.com', '07133445656', 'f865b53623b121fd34ee5426c792e5c33af8c227', 'passport-photo.jpeg', '1', '0'),
(16, 'ankita', 'ankita@gmail.com', '9890987678', 'da54e6c92368d10baaca171faf8dad325c3542d3', '', '2', '0'),
(17, 'sudipa', 'sudipa@gmail.com', '8765432123', '42e6ea9c6e89fbac7d5fe72df4fbeabde334da9c', '', '2', '1');

-- --------------------------------------------------------

--
-- Table structure for table `admin_role`
--

CREATE TABLE `admin_role` (
  `admin_role_id` int(11) NOT NULL,
  `admin_id` int(11) NOT NULL,
  `dashboard` int(11) NOT NULL,
  `manage_academics` int(11) NOT NULL,
  `manage_employee` int(11) NOT NULL,
  `manage_meeting` int(11) NOT NULL,
  `manage_recorded_lecture` int(11) NOT NULL,
  `manage_student` int(11) NOT NULL,
  `manage_attendance` int(11) NOT NULL,
  `download_page` int(11) NOT NULL,
  `manage_parent` int(11) NOT NULL,
  `manage_alumni` int(11) NOT NULL,
  `manage_quiz` int(11) NOT NULL
) ENGINE=MyISAM DEFAULT CHARSET=latin1;

--
-- Dumping data for table `admin_role`
--

INSERT INTO `admin_role` (`admin_role_id`, `admin_id`, `dashboard`, `manage_academics`, `manage_employee`, `manage_meeting`, `manage_recorded_lecture`, `manage_student`, `manage_attendance`, `download_page`, `manage_parent`, `manage_alumni`, `manage_quiz`) VALUES
(4, 1, 1, 1, 1, 1, 1, 1, 1, 1, 1, 1, 1),
(7, 9, 1, 1, 1, 0, 0, 1, 1, 0, 0, 0, 0),
(8, 1, 1, 1, 1, 1, 0, 1, 1, 1, 1, 1, 1),
(9, 10, 1, 1, 1, 0, 0, 1, 1, 1, 1, 1, 0),
(10, 11, 1, 1, 0, 0, 0, 0, 0, 0, 0, 0, 0),
(11, 15, 0, 0, 0, 0, 0, 0, 0, 0, 0, 0, 0),
(12, 16, 1, 0, 0, 0, 0, 0, 0, 0, 0, 0, 0),
(13, 17, 0, 0, 0, 0, 0, 0, 0, 0, 0, 0, 1);

-- --------------------------------------------------------

--
-- Table structure for table `announcement`
--

CREATE TABLE `announcement` (
  `id` int(11) NOT NULL,
  `title` varchar(255) COLLATE utf8_unicode_ci NOT NULL,
  `announcement_img` varchar(255) COLLATE utf8_unicode_ci NOT NULL,
  `created_date` datetime NOT NULL DEFAULT CURRENT_TIMESTAMP
) ENGINE=InnoDB DEFAULT CHARSET=utf8 COLLATE=utf8_unicode_ci;

--
-- Dumping data for table `announcement`
--

INSERT INTO `announcement` (`id`, `title`, `announcement_img`, `created_date`) VALUES
(8, 'JEET/NEET Test Series', '1702101097815841.jpg', '2024-01-16 14:06:34');

-- --------------------------------------------------------

--
-- Table structure for table `assignment`
--

CREATE TABLE `assignment` (
  `assignment_id` int(11) NOT NULL,
  `name` longtext CHARACTER SET utf8 COLLATE utf8_unicode_ci NOT NULL,
  `subject_id` int(11) NOT NULL,
  `class_id` int(11) NOT NULL,
  `teacher_id` int(11) NOT NULL,
  `description` longtext CHARACTER SET utf8 COLLATE utf8_unicode_ci NOT NULL,
  `file_name` longtext CHARACTER SET utf8 COLLATE utf8_unicode_ci NOT NULL,
  `file_type` longtext CHARACTER SET utf8 COLLATE utf8_unicode_ci NOT NULL,
  `timestamp` longtext CHARACTER SET utf8 COLLATE utf8_unicode_ci NOT NULL
) ENGINE=MyISAM DEFAULT CHARSET=latin1;

--
-- Dumping data for table `assignment`
--

INSERT INTO `assignment` (`assignment_id`, `name`, `subject_id`, `class_id`, `teacher_id`, `description`, `file_name`, `file_type`, `timestamp`) VALUES
(1, 'Assignment for Nursery One', 4, 2, 1, 'DESC', 'invoice.docx', 'pdf', '2018-08-19');

-- --------------------------------------------------------

--
-- Table structure for table `attendance`
--

CREATE TABLE `attendance` (
  `attendance_id` int(11) NOT NULL,
  `status` int(11) NOT NULL COMMENT '0 undefined , 1 present , 2  absent, 3 holiday, 4 half day, 5 late',
  `student_id` int(11) NOT NULL,
  `date` date NOT NULL,
  `session` longtext CHARACTER SET utf8 COLLATE utf8_unicode_ci NOT NULL
) ENGINE=InnoDB DEFAULT CHARSET=latin1;

--
-- Dumping data for table `attendance`
--

INSERT INTO `attendance` (`attendance_id`, `status`, `student_id`, `date`, `session`) VALUES
(39, 1, 45, '2019-12-20', ''),
(40, 1, 45, '2019-12-22', ''),
(41, 1, 45, '2021-12-02', ''),
(42, 2, 45, '2021-12-03', ''),
(43, 4, 45, '2023-11-28', ''),
(44, 0, 45, '2024-01-12', '');

-- --------------------------------------------------------

--
-- Table structure for table `bank`
--

CREATE TABLE `bank` (
  `bank_id` int(11) NOT NULL,
  `account_holder_name` longtext CHARACTER SET utf8 COLLATE utf8_unicode_ci NOT NULL,
  `account_number` longtext CHARACTER SET utf8 COLLATE utf8_unicode_ci NOT NULL,
  `bank_name` longtext CHARACTER SET utf8 COLLATE utf8_unicode_ci NOT NULL,
  `branch` longtext CHARACTER SET utf8 COLLATE utf8_unicode_ci NOT NULL
) ENGINE=MyISAM DEFAULT CHARSET=latin1;

--
-- Dumping data for table `bank`
--

INSERT INTO `bank` (`bank_id`, `account_holder_name`, `account_number`, `bank_name`, `branch`) VALUES
(2, 'Udemy Instructor', '1234567', 'Payoneer or paypal', 'USA'),
(3, 'Udemy Instructor', '1234567', 'Payoneer or paypal', 'USA'),
(4, 'Udemy Instructor', '1234567', 'Payoneer or paypal', 'USA'),
(5, 'ANKITA', '88765443212345', 'BOI', 'Reshimbag'),
(6, 'ASDFGH', 'SDFGH', 'SDXFCG', 'XDFDGH');

-- --------------------------------------------------------

--
-- Table structure for table `book`
--

CREATE TABLE `book` (
  `book_id` int(11) NOT NULL,
  `name` longtext CHARACTER SET utf8 COLLATE utf8_unicode_ci NOT NULL,
  `description` longtext CHARACTER SET utf8 COLLATE utf8_unicode_ci NOT NULL,
  `author_id` int(11) NOT NULL,
  `publisher_id` int(11) NOT NULL,
  `book_category_id` int(11) NOT NULL,
  `isbn` longtext CHARACTER SET utf8 COLLATE utf8_unicode_ci NOT NULL,
  `edition` longtext CHARACTER SET utf8 COLLATE utf8_unicode_ci NOT NULL,
  `subject_id` int(11) NOT NULL,
  `quantity` longtext CHARACTER SET utf8 COLLATE utf8_unicode_ci NOT NULL,
  `timestamp` int(11) NOT NULL,
  `class_id` int(11) NOT NULL,
  `status` varchar(255) CHARACTER SET utf8 COLLATE utf8_unicode_ci NOT NULL,
  `price` varchar(255) CHARACTER SET utf8 COLLATE utf8_unicode_ci NOT NULL
) ENGINE=MyISAM DEFAULT CHARSET=latin1;

--
-- Dumping data for table `book`
--

INSERT INTO `book` (`book_id`, `name`, `description`, `author_id`, `publisher_id`, `book_category_id`, `isbn`, `edition`, `subject_id`, `quantity`, `timestamp`, `class_id`, `status`, `price`) VALUES
(1, 'Advance Java.', 'This is the newly released book by Sheg', 2, 1, 2, 'DS34FD', '1st', 0, '1', 1576951200, 2, '1', '200'),
(2, 'Python', 'Python', 2, 1, 2, 'DS34FD', '1st', 4, '2', 1574186400, 2, '2', '500');

-- --------------------------------------------------------

--
-- Table structure for table `book_category`
--

CREATE TABLE `book_category` (
  `book_category_id` int(11) NOT NULL,
  `name` longtext CHARACTER SET utf8 COLLATE utf8_unicode_ci NOT NULL,
  `description` longtext CHARACTER SET utf8 COLLATE utf8_unicode_ci NOT NULL
) ENGINE=MyISAM DEFAULT CHARSET=latin1;

--
-- Dumping data for table `book_category`
--

INSERT INTO `book_category` (`book_category_id`, `name`, `description`) VALUES
(2, 'Non fictional.', 'This is another non-fictional book');

-- --------------------------------------------------------

--
-- Table structure for table `circular`
--

CREATE TABLE `circular` (
  `circular_id` int(11) NOT NULL,
  `title` longtext CHARACTER SET utf8 COLLATE utf8_unicode_ci NOT NULL,
  `reference` longtext CHARACTER SET utf8 COLLATE utf8_unicode_ci NOT NULL,
  `content` longtext CHARACTER SET utf8 COLLATE utf8_unicode_ci NOT NULL,
  `date` longtext CHARACTER SET utf8 COLLATE utf8_unicode_ci NOT NULL
) ENGINE=MyISAM DEFAULT CHARSET=latin1;

--
-- Dumping data for table `circular`
--

INSERT INTO `circular` (`circular_id`, `title`, `reference`, `content`, `date`) VALUES
(2, 'Meeting for all the members of the school', 'DF46SFGH', 'This is for all the teaching staff. Ensure you are all present.', '2018-08-24');

-- --------------------------------------------------------

--
-- Table structure for table `ci_sessions`
--

CREATE TABLE `ci_sessions` (
  `id` varchar(40) COLLATE utf8_unicode_ci NOT NULL,
  `ip_address` varchar(45) COLLATE utf8_unicode_ci NOT NULL,
  `timestamp` int(10) UNSIGNED NOT NULL DEFAULT '0',
  `data` blob NOT NULL
) ENGINE=InnoDB DEFAULT CHARSET=utf8 COLLATE=utf8_unicode_ci;

--
-- Dumping data for table `ci_sessions`
--

INSERT INTO `ci_sessions` (`id`, `ip_address`, `timestamp`, `data`) VALUES
('000b2696c05fac2ebdd99f1ea8ce39242b8397d8', '172.69.202.118', 1706789321, 0x5f5f63695f6c6173745f726567656e65726174657c693a313730363738393332313b6c6f67696e5f747970657c733a353a2261646d696e223b61646d696e5f6c6f67696e7c733a313a2231223b61646d696e5f69647c733a313a2231223b6c6f67696e5f757365725f69647c733a313a2231223b6e616d657c733a31333a2241646d696e6973747261746f72223b),
('02221c12180aded61ed1db80a5048b35b79db231', '172.69.202.99', 1706686565, 0x5f5f63695f6c6173745f726567656e65726174657c693a313730363638363536353b6c6f67696e5f747970657c733a373a2273747564656e74223b73747564656e745f6c6f67696e7c733a313a2231223b73747564656e745f69647c733a323a223435223b6c6f67696e5f757365725f69647c733a323a223435223b6e616d657c733a31353a2254657374696e672053747564656e74223b666c6173685f6d6573736167657c733a32343a224e6f205175657374696f6e2049732050726573656e742021223b5f5f63695f766172737c613a323a7b733a31333a22666c6173685f6d657373616765223b733a333a226f6c64223b733a31333a226572726f725f6d657373616765223b733a333a226f6c64223b7d6572726f725f6d6573736167657c733a32343a22506c656173656e2053656c65637420536f6d657468696e67223b),
('02a09b76ffa6345b47047f5876560b9c4e222d33', '162.158.227.198', 1706611263, 0x5f5f63695f6c6173745f726567656e65726174657c693a313730363631313139313b6c6f67696e5f747970657c733a353a2261646d696e223b61646d696e5f6c6f67696e7c733a313a2231223b61646d696e5f69647c733a313a2231223b6c6f67696e5f757365725f69647c733a313a2231223b6e616d657c733a31333a2241646d696e6973747261746f72223b666c6173685f6d6573736167657c733a32333a225175697a204164646564205375636365737366756c6c79223b5f5f63695f766172737c613a313a7b733a31333a22666c6173685f6d657373616765223b733a333a226f6c64223b7d),
('02a6f9da467fdded3f2cd48050f46ec18b03db2b', '172.69.202.99', 1706786228, 0x5f5f63695f6c6173745f726567656e65726174657c693a313730363738363232383b6c6f67696e5f747970657c733a353a2261646d696e223b61646d696e5f6c6f67696e7c733a313a2231223b61646d696e5f69647c733a313a2231223b6c6f67696e5f757365725f69647c733a313a2231223b6e616d657c733a31333a2241646d696e6973747261746f72223b),
('03574475eed979adec9045f763f55c339da34cda', '172.69.202.119', 1706621317, 0x5f5f63695f6c6173745f726567656e65726174657c693a313730363632313038363b6c6f67696e5f747970657c733a373a2273747564656e74223b73747564656e745f6c6f67696e7c733a313a2231223b73747564656e745f69647c733a323a223435223b6c6f67696e5f757365725f69647c733a323a223435223b6e616d657c733a31353a2254657374696e672053747564656e74223b),
('0574dcc95eb44138b5600178ffb90a661d371864', '172.69.203.4', 1706786190, 0x5f5f63695f6c6173745f726567656e65726174657c693a313730363738363139303b),
('072f84709f79238425f154ee5e6badc39620aadb', '172.71.81.99', 1706682185, 0x5f5f63695f6c6173745f726567656e65726174657c693a313730363638323138353b6c6f67696e5f747970657c733a373a2273747564656e74223b73747564656e745f6c6f67696e7c733a313a2231223b73747564656e745f69647c733a323a223435223b6c6f67696e5f757365725f69647c733a323a223435223b6e616d657c733a31353a2254657374696e672053747564656e74223b),
('07b5a69b3c0999b4871ab1b2ef844099cdba2d38', '172.68.39.185', 1706599730, 0x5f5f63695f6c6173745f726567656e65726174657c693a313730363539393733303b6c6f67696e5f747970657c733a373a2273747564656e74223b73747564656e745f6c6f67696e7c733a313a2231223b73747564656e745f69647c733a323a223435223b6c6f67696e5f757365725f69647c733a323a223435223b6e616d657c733a31353a2254657374696e672053747564656e74223b757365725f69647c693a32343b66697273745f6e616d657c733a343a2274657374223b757365725f6e616d657c733a31393a22726974696b612e64407665657269742e636f6d223b757365725f726f6c657c693a323b),
('07d1ihrdnkv6sf7219m70ig269vn7f1q', '::1', 1706342319, 0x5f5f63695f6c6173745f726567656e65726174657c693a313730363334323331393b6572726f725f6d6573736167657c733a32333a2257726f6e6720456d61696c204f722050617373776f7264223b5f5f63695f766172737c613a323a7b733a31333a226572726f725f6d657373616765223b733a333a226f6c64223b733a31333a22666c6173685f6d657373616765223b733a333a226f6c64223b7d6c6f67696e5f747970657c733a353a2261646d696e223b61646d696e5f6c6f67696e7c733a313a2231223b61646d696e5f69647c733a313a2231223b6c6f67696e5f757365725f69647c733a313a2231223b6e616d657c733a31333a2241646d696e6973747261746f72223b666c6173685f6d6573736167657c733a31383a225375636365737366756c6c79204c6f67696e223b),
('087b064657a10b7bff06f8afa315f8ec6aa20ed1', '172.71.81.28', 1706680525, 0x5f5f63695f6c6173745f726567656e65726174657c693a313730363638303532353b6c6f67696e5f747970657c733a353a2261646d696e223b61646d696e5f6c6f67696e7c733a313a2231223b61646d696e5f69647c733a313a2231223b6c6f67696e5f757365725f69647c733a313a2231223b6e616d657c733a31333a2241646d696e6973747261746f72223b),
('098167afa345b1dacfffacae195655209c710d9b', '172.70.219.79', 1706612281, 0x5f5f63695f6c6173745f726567656e65726174657c693a313730363631323238313b),
('0992d379812ce51f14f3d72a1994b1717f191485', '172.69.202.98', 1706616132, 0x5f5f63695f6c6173745f726567656e65726174657c693a313730363631363133323b6c6f67696e5f747970657c733a353a2261646d696e223b61646d696e5f6c6f67696e7c733a313a2231223b61646d696e5f69647c733a313a2231223b6c6f67696e5f757365725f69647c733a313a2231223b6e616d657c733a31333a2241646d696e6973747261746f72223b666c6173685f6d6573736167657c733a31383a225375636365737366756c6c79204c6f67696e223b5f5f63695f766172737c613a313a7b733a31333a22666c6173685f6d657373616765223b733a333a226f6c64223b7d),
('09d17cae4f2f9e694b2d610c83773ff275e6da69', '172.69.202.119', 1706529057, 0x5f5f63695f6c6173745f726567656e65726174657c693a313730363532383738333b),
('0b21f7e4a2ec36a8efca7fb6f144d60ed21100d7', '172.69.202.119', 1706622655, 0x5f5f63695f6c6173745f726567656e65726174657c693a313730363632323631353b6c6f67696e5f747970657c733a373a2273747564656e74223b73747564656e745f6c6f67696e7c733a313a2231223b73747564656e745f69647c733a323a223435223b6c6f67696e5f757365725f69647c733a323a223435223b6e616d657c733a31353a2254657374696e672053747564656e74223b666c6173685f6d6573736167657c733a32343a224e6f205175657374696f6e2049732050726573656e742021223b5f5f63695f766172737c613a313a7b733a31333a22666c6173685f6d657373616765223b733a333a226f6c64223b7d),
('0b30b982dbb3098a6ecb5e082a9d5939c81d1b3a', '172.69.202.98', 1706612342, 0x5f5f63695f6c6173745f726567656e65726174657c693a313730363631323238313b),
('0b6eb59a2df65bf021418f4201387b7d70758432', '172.69.119.145', 1706852644, 0x5f5f63695f6c6173745f726567656e65726174657c693a313730363835323634343b),
('0be445c93c5ede1d29dfcf005e304249125a0e31', '172.69.202.109', 1706789664, 0x5f5f63695f6c6173745f726567656e65726174657c693a313730363738393636343b6c6f67696e5f747970657c733a353a2261646d696e223b61646d696e5f6c6f67696e7c733a313a2231223b61646d696e5f69647c733a313a2231223b6c6f67696e5f757365725f69647c733a313a2231223b6e616d657c733a31333a2241646d696e6973747261746f72223b666c6173685f6d6573736167657c733a31383a225375636365737366756c6c79204c6f67696e223b5f5f63695f766172737c613a313a7b733a31333a22666c6173685f6d657373616765223b733a333a226f6c64223b7d),
('0c6b63b5ecc8735f2ba2640822b35c4b4b6cd303', '162.158.23.7', 1706788454, 0x5f5f63695f6c6173745f726567656e65726174657c693a313730363738383435343b757365725f69647c693a313b66697273745f6e616d657c733a31353a22526168756c204d616e7774616b6172223b757365725f6e616d657c733a31313a225240474d41494c2e434f4d223b757365725f726f6c657c693a323b6c6f67696e5f747970657c733a353a2261646d696e223b61646d696e5f6c6f67696e7c733a313a2231223b61646d696e5f69647c733a313a2231223b6c6f67696e5f757365725f69647c733a313a2231223b6e616d657c733a31333a2241646d696e6973747261746f72223b666c6173685f6d6573736167657c733a32333a225175697a204164646564205375636365737366756c6c79223b5f5f63695f766172737c613a313a7b733a31333a22666c6173685f6d657373616765223b733a333a226f6c64223b7d),
('0d730424edeb12f2a64dd872e8b8fc3c4b54f114', '172.71.81.131', 1706686005, 0x5f5f63695f6c6173745f726567656e65726174657c693a313730363638363030353b6c6f67696e5f747970657c733a373a2273747564656e74223b73747564656e745f6c6f67696e7c733a313a2231223b73747564656e745f69647c733a323a223435223b6c6f67696e5f757365725f69647c733a323a223435223b6e616d657c733a31353a2254657374696e672053747564656e74223b666c6173685f6d6573736167657c733a32343a224e6f205175657374696f6e2049732050726573656e742021223b5f5f63695f766172737c613a313a7b733a31333a22666c6173685f6d657373616765223b733a333a226f6c64223b7d),
('0ee2a601074b3e29c0f34c6081d97deaf083365d', '172.69.202.119', 1706691222, 0x5f5f63695f6c6173745f726567656e65726174657c693a313730363639313232323b6c6f67696e5f747970657c733a373a2273747564656e74223b73747564656e745f6c6f67696e7c733a313a2231223b73747564656e745f69647c733a323a223435223b6c6f67696e5f757365725f69647c733a323a223435223b6e616d657c733a31353a2254657374696e672053747564656e74223b666c6173685f6d6573736167657c733a32343a224e6f205175657374696f6e2049732050726573656e742021223b5f5f63695f766172737c613a313a7b733a31333a22666c6173685f6d657373616765223b733a333a226e6577223b7d),
('11486cacc5800cf7d49dbb9ce2e395773b0a826e', '172.70.143.17', 1706685181, 0x5f5f63695f6c6173745f726567656e65726174657c693a313730363638353138313b6c6f67696e5f747970657c733a353a2261646d696e223b61646d696e5f6c6f67696e7c733a313a2231223b61646d696e5f69647c733a313a2231223b6c6f67696e5f757365725f69647c733a313a2231223b6e616d657c733a31333a2241646d696e6973747261746f72223b666c6173685f6d6573736167657c733a32333a225175697a204164646564205375636365737366756c6c79223b5f5f63695f766172737c613a313a7b733a31333a22666c6173685f6d657373616765223b733a333a226f6c64223b7d),
('11f8b1cbdaa3df6c7d18be3bbc2230f8fb376441', '172.70.218.185', 1706793044, 0x5f5f63695f6c6173745f726567656e65726174657c693a313730363739333034343b6c6f67696e5f747970657c733a373a2273747564656e74223b73747564656e745f6c6f67696e7c733a313a2231223b73747564656e745f69647c733a323a223435223b6c6f67696e5f757365725f69647c733a323a223435223b6e616d657c733a31353a2254657374696e672053747564656e74223b),
('1213fdfddecb7ce4418eadae90c205333832125d', '172.70.93.35', 1706783847, 0x5f5f63695f6c6173745f726567656e65726174657c693a313730363738333834373b6c6f67696e5f747970657c733a353a2261646d696e223b61646d696e5f6c6f67696e7c733a313a2231223b61646d696e5f69647c733a313a2231223b6c6f67696e5f757365725f69647c733a313a2231223b6e616d657c733a31333a2241646d696e6973747261746f72223b666c6173685f6d6573736167657c733a32333a225175697a204164646564205375636365737366756c6c79223b5f5f63695f766172737c613a313a7b733a31333a22666c6173685f6d657373616765223b733a333a226f6c64223b7d),
('12c003336e75b009257bbcee50b2fa64f1921ed8', '172.69.203.4', 1706683112, 0x5f5f63695f6c6173745f726567656e65726174657c693a313730363638333131323b6c6f67696e5f747970657c733a373a2273747564656e74223b73747564656e745f6c6f67696e7c733a313a2231223b73747564656e745f69647c733a323a223435223b6c6f67696e5f757365725f69647c733a323a223435223b6e616d657c733a31353a2254657374696e672053747564656e74223b),
('133d297c1a4f4e2734156391d205f8e780fcbe9a', '172.69.202.108', 1706784265, 0x5f5f63695f6c6173745f726567656e65726174657c693a313730363738343236353b6c6f67696e5f747970657c733a373a2273747564656e74223b73747564656e745f6c6f67696e7c733a313a2231223b73747564656e745f69647c733a323a223435223b6c6f67696e5f757365725f69647c733a323a223435223b6e616d657c733a31353a2254657374696e672053747564656e74223b),
('143fb3cacb98d28d80f8576814117ff47a3d6cc4', '172.69.202.108', 1706792770, 0x5f5f63695f6c6173745f726567656e65726174657c693a313730363739323737303b6c6f67696e5f747970657c733a353a2261646d696e223b61646d696e5f6c6f67696e7c733a313a2231223b61646d696e5f69647c733a313a2231223b6c6f67696e5f757365725f69647c733a313a2231223b6e616d657c733a31333a2241646d696e6973747261746f72223b666c6173685f6d6573736167657c733a32333a225175697a204164646564205375636365737366756c6c79223b5f5f63695f766172737c613a313a7b733a31333a22666c6173685f6d657373616765223b733a333a226f6c64223b7d),
('1620aeac77eb45368ba610c4838116e5d491acdb', '172.69.202.98', 1706790405, 0x5f5f63695f6c6173745f726567656e65726174657c693a313730363739303430353b6c6f67696e5f747970657c733a373a2273747564656e74223b73747564656e745f6c6f67696e7c733a313a2231223b73747564656e745f69647c733a323a223435223b6c6f67696e5f757365725f69647c733a323a223435223b6e616d657c733a31353a2254657374696e672053747564656e74223b),
('16a1149fabb2aae4b4360215f979fd2097a2a493', '172.69.202.98', 1706792193, 0x5f5f63695f6c6173745f726567656e65726174657c693a313730363739323139333b6c6f67696e5f747970657c733a353a2261646d696e223b61646d696e5f6c6f67696e7c733a313a2231223b61646d696e5f69647c733a313a2231223b6c6f67696e5f757365725f69647c733a313a2231223b6e616d657c733a31333a2241646d696e6973747261746f72223b666c6173685f6d6573736167657c733a32333a225175697a204164646564205375636365737366756c6c79223b5f5f63695f766172737c613a313a7b733a31333a22666c6173685f6d657373616765223b733a333a226f6c64223b7d),
('174c27b3f18c42d8078f7d4330037a138ae9b4e3', '172.70.218.170', 1706529803, 0x5f5f63695f6c6173745f726567656e65726174657c693a313730363532393830333b6c6f67696e5f747970657c733a353a2261646d696e223b61646d696e5f6c6f67696e7c733a313a2231223b61646d696e5f69647c733a313a2231223b6c6f67696e5f757365725f69647c733a313a2231223b6e616d657c733a31333a2241646d696e6973747261746f72223b),
('18d0338fe283ec865502c9c8d9e257011ac8e5ca', '162.158.106.52', 1706598871, 0x5f5f63695f6c6173745f726567656e65726174657c693a313730363539383837313b),
('195a22f8983a11c439d6ae859bed624cc8f30008', '172.69.202.98', 1706622615, 0x5f5f63695f6c6173745f726567656e65726174657c693a313730363632323631353b),
('1a00e4cca7d2aa374004b9527ce53f01a964f5ee', '162.158.159.32', 1706631004, 0x5f5f63695f6c6173745f726567656e65726174657c693a313730363633303936333b6c6f67696e5f747970657c733a373a2273747564656e74223b73747564656e745f6c6f67696e7c733a313a2231223b73747564656e745f69647c733a323a223435223b6c6f67696e5f757365725f69647c733a323a223435223b6e616d657c733a31353a2254657374696e672053747564656e74223b),
('1a458bbb358c170b8445b29c4fd7a4dabe7c6a62', '172.69.202.98', 1706793562, 0x5f5f63695f6c6173745f726567656e65726174657c693a313730363739333536323b6c6f67696e5f747970657c733a373a2273747564656e74223b73747564656e745f6c6f67696e7c733a313a2231223b73747564656e745f69647c733a323a223435223b6c6f67696e5f757365725f69647c733a323a223435223b6e616d657c733a31353a2254657374696e672053747564656e74223b666c6173685f6d6573736167657c733a31383a225375636365737366756c6c79204c6f67696e223b5f5f63695f766172737c613a313a7b733a31333a22666c6173685f6d657373616765223b733a333a226f6c64223b7d),
('1a61d9ac8448abf136377bd9f9cad3260ef969b3', '172.70.126.16', 1706614830, 0x5f5f63695f6c6173745f726567656e65726174657c693a313730363631343833303b),
('1a7e5cc64b42b74a26294568797818d1985b9b9b', '162.158.170.36', 1706597827, 0x5f5f63695f6c6173745f726567656e65726174657c693a313730363539373832373b6c6f67696e5f747970657c733a373a2273747564656e74223b73747564656e745f6c6f67696e7c733a313a2231223b73747564656e745f69647c733a323a223435223b6c6f67696e5f757365725f69647c733a323a223435223b6e616d657c733a31353a2254657374696e672053747564656e74223b666c6173685f6d6573736167657c733a31383a225375636365737366756c6c79204c6f67696e223b5f5f63695f766172737c613a313a7b733a31333a22666c6173685f6d657373616765223b733a333a226f6c64223b7d),
('1b87e446bac7c8b17537a5416294b1b4a672d161', '172.69.202.108', 1706621338, 0x5f5f63695f6c6173745f726567656e65726174657c693a313730363632313333383b6c6f67696e5f747970657c733a353a2261646d696e223b61646d696e5f6c6f67696e7c733a313a2231223b61646d696e5f69647c733a313a2231223b6c6f67696e5f757365725f69647c733a313a2231223b6e616d657c733a31333a2241646d696e6973747261746f72223b666c6173685f6d6573736167657c733a31383a225375636365737366756c6c79204c6f67696e223b5f5f63695f766172737c613a313a7b733a31333a22666c6173685f6d657373616765223b733a333a226f6c64223b7d),
('1d15e4cc87e4e412ed519d00f4d6bfba0447a737', '172.69.202.109', 1706799311, 0x5f5f63695f6c6173745f726567656e65726174657c693a313730363739393331313b6572726f725f6d6573736167657c733a32333a2257726f6e6720456d61696c204f722050617373776f7264223b5f5f63695f766172737c613a313a7b733a31333a226572726f725f6d657373616765223b733a333a226f6c64223b7d),
('1d88030052637ffb53eb4c61ba1dc36fadf14b78', '172.69.202.118', 1706537544, 0x5f5f63695f6c6173745f726567656e65726174657c693a313730363533373534343b6c6f67696e5f747970657c733a353a2261646d696e223b61646d696e5f6c6f67696e7c733a313a2231223b61646d696e5f69647c733a313a2231223b6c6f67696e5f757365725f69647c733a313a2231223b6e616d657c733a31333a2241646d696e6973747261746f72223b),
('1dj3j571vhqsel13k4bhi6st03tfatkr', '::1', 1705665149, 0x5f5f63695f6c6173745f726567656e65726174657c693a313730353636353134393b6c6f67696e5f747970657c733a353a2261646d696e223b61646d696e5f6c6f67696e7c733a313a2231223b61646d696e5f69647c733a313a2231223b6c6f67696e5f757365725f69647c733a313a2231223b6e616d657c733a31333a2241646d696e6973747261746f72223b666c6173685f6d6573736167657c733a31383a225375636365737366756c6c79204c6f67696e223b5f5f63695f766172737c613a313a7b733a31333a22666c6173685f6d657373616765223b733a333a226f6c64223b7d),
('1e03427273e98e7ba2fa18729b80d8539ab55aac', '162.158.48.13', 1706528752, 0x5f5f63695f6c6173745f726567656e65726174657c693a313730363532383735323b6c6f67696e5f747970657c733a353a2261646d696e223b61646d696e5f6c6f67696e7c733a313a2231223b61646d696e5f69647c733a313a2231223b6c6f67696e5f757365725f69647c733a313a2231223b6e616d657c733a31333a2241646d696e6973747261746f72223b666c6173685f6d6573736167657c733a32353a22446174612044656c65746564205375636365737366756c6c79223b5f5f63695f766172737c613a313a7b733a31333a22666c6173685f6d657373616765223b733a333a226f6c64223b7d),
('1e32a2517c729eb10611ee337f1772dd847a1220', '172.69.165.40', 1706686781, 0x5f5f63695f6c6173745f726567656e65726174657c693a313730363638363738313b),
('201bdfa732002cf0222cfcc3c748a79363e05c8d', '172.70.230.157', 1706788138, 0x5f5f63695f6c6173745f726567656e65726174657c693a313730363738383133383b),
('2033d50a3f3255af76eb6e6ff356e414b93f8b11', '162.158.163.178', 1706682849, 0x5f5f63695f6c6173745f726567656e65726174657c693a313730363638323834393b6c6f67696e5f747970657c733a353a2261646d696e223b61646d696e5f6c6f67696e7c733a313a2231223b61646d696e5f69647c733a313a2231223b6c6f67696e5f757365725f69647c733a313a2231223b6e616d657c733a31333a2241646d696e6973747261746f72223b666c6173685f6d6573736167657c733a32333a225175697a204164646564205375636365737366756c6c79223b5f5f63695f766172737c613a313a7b733a31333a22666c6173685f6d657373616765223b733a333a226f6c64223b7d),
('208bbc652e046e7ef524dcc42d283fd68559b2aa', '172.69.202.108', 1706596810, 0x5f5f63695f6c6173745f726567656e65726174657c693a313730363539363831303b6c6f67696e5f747970657c733a353a2261646d696e223b61646d696e5f6c6f67696e7c733a313a2231223b61646d696e5f69647c733a313a2231223b6c6f67696e5f757365725f69647c733a313a2231223b6e616d657c733a31333a2241646d696e6973747261746f72223b666c6173685f6d6573736167657c733a31383a225375636365737366756c6c79204c6f67696e223b5f5f63695f766172737c613a313a7b733a31333a22666c6173685f6d657373616765223b733a333a226f6c64223b7d),
('2105aeb034a0da8b9e508d69d6c0b64bcd108428', '162.158.163.207', 1706610084, 0x5f5f63695f6c6173745f726567656e65726174657c693a313730363631303038343b6c6f67696e5f747970657c733a373a2273747564656e74223b73747564656e745f6c6f67696e7c733a313a2231223b73747564656e745f69647c733a323a223435223b6c6f67696e5f757365725f69647c733a323a223435223b6e616d657c733a31353a2254657374696e672053747564656e74223b),
('21637044ba0a0d6351d325d40c677c1011b319ea', '172.69.202.119', 1706600042, 0x5f5f63695f6c6173745f726567656e65726174657c693a313730363630303034323b6c6f67696e5f747970657c733a373a2273747564656e74223b73747564656e745f6c6f67696e7c733a313a2231223b73747564656e745f69647c733a323a223435223b6c6f67696e5f757365725f69647c733a323a223435223b6e616d657c733a31353a2254657374696e672053747564656e74223b757365725f69647c693a32343b66697273745f6e616d657c733a343a2274657374223b757365725f6e616d657c733a31393a22726974696b612e64407665657269742e636f6d223b757365725f726f6c657c693a323b),
('218fc96b85b840e9464510e4abc69ccd77cac452', '172.69.119.68', 1706853235, 0x5f5f63695f6c6173745f726567656e65726174657c693a313730363835333132373b6c6f67696e5f747970657c733a373a2273747564656e74223b73747564656e745f6c6f67696e7c733a313a2231223b73747564656e745f69647c733a323a223435223b6c6f67696e5f757365725f69647c733a323a223435223b6e616d657c733a31353a2254657374696e672053747564656e74223b),
('2201e8a2109add736be0199f3c21bef86e02c25e', '172.70.219.80', 1706610147, 0x5f5f63695f6c6173745f726567656e65726174657c693a313730363631303134373b6c6f67696e5f747970657c733a353a2261646d696e223b61646d696e5f6c6f67696e7c733a313a2231223b61646d696e5f69647c733a313a2231223b6c6f67696e5f757365725f69647c733a313a2231223b6e616d657c733a31333a2241646d696e6973747261746f72223b666c6173685f6d6573736167657c733a31383a225375636365737366756c6c79204c6f67696e223b5f5f63695f766172737c613a313a7b733a31333a22666c6173685f6d657373616765223b733a333a226f6c64223b7d),
('2343dac94bd7a7e1c5a713018767d70de576e1c5', '172.69.202.119', 1706605660, 0x5f5f63695f6c6173745f726567656e65726174657c693a313730363630353636303b6c6f67696e5f747970657c733a353a2261646d696e223b61646d696e5f6c6f67696e7c733a313a2231223b61646d696e5f69647c733a313a2231223b6c6f67696e5f757365725f69647c733a313a2231223b6e616d657c733a31333a2241646d696e6973747261746f72223b666c6173685f6d6573736167657c733a31383a225375636365737366756c6c79204c6f67696e223b5f5f63695f766172737c613a313a7b733a31333a22666c6173685f6d657373616765223b733a333a226f6c64223b7d),
('242totu334oattchoskihasf0ea813n7', '::1', 1706186943, 0x5f5f63695f6c6173745f726567656e65726174657c693a313730363138363934333b6c6f67696e5f747970657c733a353a2261646d696e223b61646d696e5f6c6f67696e7c733a313a2231223b61646d696e5f69647c733a313a2231223b6c6f67696e5f757365725f69647c733a313a2231223b6e616d657c733a31333a2241646d696e6973747261746f72223b666c6173685f6d6573736167657c733a31383a225375636365737366756c6c79204c6f67696e223b5f5f63695f766172737c613a313a7b733a31333a22666c6173685f6d657373616765223b733a333a226f6c64223b7d),
('2849c2c61a3ce888d1b2e538453c0a3e97b87dde', '172.71.31.23', 1706690331, 0x5f5f63695f6c6173745f726567656e65726174657c693a313730363639303333313b),
('29586bac5687e3abacf50cdbcc138b57526cbe11', '172.69.202.108', 1706606818, 0x5f5f63695f6c6173745f726567656e65726174657c693a313730363630363831383b6c6f67696e5f747970657c733a353a2261646d696e223b61646d696e5f6c6f67696e7c733a313a2231223b61646d696e5f69647c733a313a2231223b6c6f67696e5f757365725f69647c733a313a2231223b6e616d657c733a31333a2241646d696e6973747261746f72223b),
('2a14e7f7387608b796aa9d2ad92cb711cc405fd3', '172.70.218.123', 1706789770, 0x5f5f63695f6c6173745f726567656e65726174657c693a313730363738393737303b6c6f67696e5f747970657c733a373a2273747564656e74223b73747564656e745f6c6f67696e7c733a313a2231223b73747564656e745f69647c733a323a223435223b6c6f67696e5f757365725f69647c733a323a223435223b6e616d657c733a31353a2254657374696e672053747564656e74223b),
('2d09itojoen0qdmlhvaud8c5gqo4bkuu', '::1', 1706338591, 0x5f5f63695f6c6173745f726567656e65726174657c693a313730363333383539313b6c6f67696e5f747970657c733a353a2261646d696e223b61646d696e5f6c6f67696e7c733a313a2231223b61646d696e5f69647c733a313a2231223b6c6f67696e5f757365725f69647c733a313a2231223b6e616d657c733a31333a2241646d696e6973747261746f72223b666c6173685f6d6573736167657c733a31383a225375636365737366756c6c79204c6f67696e223b5f5f63695f766172737c613a313a7b733a31333a22666c6173685f6d657373616765223b733a333a226f6c64223b7d),
('2d16d6fcded0e4bef093760c53a60de9603e0573', '172.69.165.36', 1706685480, 0x5f5f63695f6c6173745f726567656e65726174657c693a313730363638353438303b6c6f67696e5f747970657c733a373a2273747564656e74223b73747564656e745f6c6f67696e7c733a313a2231223b73747564656e745f69647c733a323a223435223b6c6f67696e5f757365725f69647c733a323a223435223b6e616d657c733a31353a2254657374696e672053747564656e74223b),
('2e0f8d91238e2e7a5e0bcee8bf7a8178f41caa46', '172.70.189.174', 1706610449, 0x5f5f63695f6c6173745f726567656e65726174657c693a313730363631303434393b6c6f67696e5f747970657c733a353a2261646d696e223b61646d696e5f6c6f67696e7c733a313a2231223b61646d696e5f69647c733a313a2231223b6c6f67696e5f757365725f69647c733a313a2231223b6e616d657c733a31333a2241646d696e6973747261746f72223b666c6173685f6d6573736167657c733a32333a225175697a204164646564205375636365737366756c6c79223b5f5f63695f766172737c613a313a7b733a31333a22666c6173685f6d657373616765223b733a333a226f6c64223b7d),
('2f0a8d2fd301ea2e0d200b8d598a6d3787c3c859', '172.69.202.108', 1706606070, 0x5f5f63695f6c6173745f726567656e65726174657c693a313730363630363037303b6c6f67696e5f747970657c733a373a2273747564656e74223b73747564656e745f6c6f67696e7c733a313a2231223b73747564656e745f69647c733a323a223435223b6c6f67696e5f757365725f69647c733a323a223435223b6e616d657c733a31353a2254657374696e672053747564656e74223b),
('2iuiqer4muv82mbodd6polmd7pbgh7nt', '::1', 1705668743, 0x5f5f63695f6c6173745f726567656e65726174657c693a313730353636383734333b6572726f725f6d6573736167657c733a32333a2257726f6e6720456d61696c204f722050617373776f7264223b5f5f63695f766172737c613a323a7b733a31333a226572726f725f6d657373616765223b733a333a226f6c64223b733a31333a22666c6173685f6d657373616765223b733a333a226f6c64223b7d6c6f67696e5f747970657c733a373a2273747564656e74223b73747564656e745f6c6f67696e7c733a313a2231223b73747564656e745f69647c733a323a223435223b6c6f67696e5f757365725f69647c733a323a223435223b6e616d657c733a31353a2254657374696e672053747564656e74223b666c6173685f6d6573736167657c733a31383a225375636365737366756c6c79204c6f67696e223b),
('2kfj4tf697st702shumcvvnsndpfle52', '::1', 1706191835, 0x5f5f63695f6c6173745f726567656e65726174657c693a313730363139313534393b6c6f67696e5f747970657c733a353a2261646d696e223b61646d696e5f6c6f67696e7c733a313a2231223b61646d696e5f69647c733a313a2231223b6c6f67696e5f757365725f69647c733a313a2231223b6e616d657c733a31333a2241646d696e6973747261746f72223b666c6173685f6d6573736167657c733a31383a225375636365737366756c6c79204c6f67696e223b5f5f63695f766172737c613a313a7b733a31333a22666c6173685f6d657373616765223b733a333a226f6c64223b7d),
('2ou3jsmsqriqqp8uq9l716469gjseibr', '::1', 1706177677, 0x5f5f63695f6c6173745f726567656e65726174657c693a313730363137373637373b6572726f725f6d6573736167657c733a32333a2257726f6e6720456d61696c204f722050617373776f7264223b5f5f63695f766172737c613a323a7b733a31333a226572726f725f6d657373616765223b733a333a226f6c64223b733a31333a22666c6173685f6d657373616765223b733a333a226f6c64223b7d6c6f67696e5f747970657c733a353a2261646d696e223b61646d696e5f6c6f67696e7c733a313a2231223b61646d696e5f69647c733a313a2231223b6c6f67696e5f757365725f69647c733a313a2231223b6e616d657c733a31333a2241646d696e6973747261746f72223b666c6173685f6d6573736167657c733a31383a225375636365737366756c6c79204c6f67696e223b),
('30e2f5e56628a659ce160d1d6c718d94a90d1625', '172.70.143.75', 1706609131, 0x5f5f63695f6c6173745f726567656e65726174657c693a313730363630393038313b6572726f725f6d6573736167657c733a32333a2257726f6e6720456d61696c204f722050617373776f7264223b5f5f63695f766172737c613a323a7b733a31333a226572726f725f6d657373616765223b733a333a226f6c64223b733a31333a22666c6173685f6d657373616765223b733a333a226f6c64223b7d6c6f67696e5f747970657c733a373a2273747564656e74223b73747564656e745f6c6f67696e7c733a313a2231223b73747564656e745f69647c733a323a223435223b6c6f67696e5f757365725f69647c733a323a223435223b6e616d657c733a31353a2254657374696e672053747564656e74223b666c6173685f6d6573736167657c733a31383a225375636365737366756c6c79204c6f67696e223b),
('30kd2gcej34s9qkk8n7lhus0kfgdiom3', '::1', 1705664811, 0x5f5f63695f6c6173745f726567656e65726174657c693a313730353636343831313b6c6f67696e5f747970657c733a353a2261646d696e223b61646d696e5f6c6f67696e7c733a313a2231223b61646d696e5f69647c733a313a2231223b6c6f67696e5f757365725f69647c733a313a2231223b6e616d657c733a31333a2241646d696e6973747261746f72223b666c6173685f6d6573736167657c733a31383a225375636365737366756c6c79204c6f67696e223b5f5f63695f766172737c613a313a7b733a31333a22666c6173685f6d657373616765223b733a333a226f6c64223b7d),
('3114b4ad0dd291efd540b09bc5bf534e5e781971', '172.69.202.119', 1706609356, 0x5f5f63695f6c6173745f726567656e65726174657c693a313730363630393335363b6c6f67696e5f747970657c733a353a2261646d696e223b61646d696e5f6c6f67696e7c733a313a2231223b61646d696e5f69647c733a313a2231223b6c6f67696e5f757365725f69647c733a313a2231223b6e616d657c733a31333a2241646d696e6973747261746f72223b),
('31cbf26deb2848dba92cb2cbee51ac8f67e3dd8a', '172.69.59.133', 1706614795, 0x5f5f63695f6c6173745f726567656e65726174657c693a313730363631343739353b),
('31e3d861e89f61a353bc14cdcb3f3305d1ae533a', '172.70.131.32', 1706614742, 0x5f5f63695f6c6173745f726567656e65726174657c693a313730363631343734323b),
('33eec6c3845e3e636494b6aa56979e0e559e7878', '172.69.202.108', 1706623026, 0x5f5f63695f6c6173745f726567656e65726174657c693a313730363632333032363b6c6f67696e5f747970657c733a373a2273747564656e74223b73747564656e745f6c6f67696e7c733a313a2231223b73747564656e745f69647c733a323a223435223b6c6f67696e5f757365725f69647c733a323a223435223b6e616d657c733a31353a2254657374696e672053747564656e74223b),
('36ed14c04aa7f5b247d0ff3ee2f67696d27c42ce', '162.158.162.224', 1706687577, 0x5f5f63695f6c6173745f726567656e65726174657c693a313730363638373332313b6c6f67696e5f747970657c733a353a2261646d696e223b61646d696e5f6c6f67696e7c733a313a2231223b61646d696e5f69647c733a313a2231223b6c6f67696e5f757365725f69647c733a313a2231223b6e616d657c733a31333a2241646d696e6973747261746f72223b666c6173685f6d6573736167657c733a32333a225175697a204164646564205375636365737366756c6c79223b5f5f63695f766172737c613a313a7b733a31333a22666c6173685f6d657373616765223b733a333a226f6c64223b7d),
('37e48ad9664fd1de6e82bf9c03841061f0ca428a', '172.69.202.98', 1706681200, 0x5f5f63695f6c6173745f726567656e65726174657c693a313730363638313230303b6c6f67696e5f747970657c733a373a2273747564656e74223b73747564656e745f6c6f67696e7c733a313a2231223b73747564656e745f69647c733a323a223435223b6c6f67696e5f757365725f69647c733a323a223435223b6e616d657c733a31353a2254657374696e672053747564656e74223b),
('38ab397768cceb71346b28264dda0970ee480a0b', '172.69.202.99', 1706799502, 0x5f5f63695f6c6173745f726567656e65726174657c693a313730363739393530323b),
('38v7mjrt2ffmrbqrvitd4jur1q26sr1g', '::1', 1705669445, 0x5f5f63695f6c6173745f726567656e65726174657c693a313730353636393434353b),
('3900beaf095187846aa27fc1754d96e5bebb4cf3', '172.70.218.170', 1706529365, 0x5f5f63695f6c6173745f726567656e65726174657c693a313730363532393336353b6c6f67696e5f747970657c733a353a2261646d696e223b61646d696e5f6c6f67696e7c733a313a2231223b61646d696e5f69647c733a313a2231223b6c6f67696e5f757365725f69647c733a313a2231223b6e616d657c733a31333a2241646d696e6973747261746f72223b),
('3aeab377f7593c96ce14b727c92cc8d533abafd2', '172.69.203.3', 1706605336, 0x5f5f63695f6c6173745f726567656e65726174657c693a313730363630353333363b6c6f67696e5f747970657c733a373a2273747564656e74223b73747564656e745f6c6f67696e7c733a313a2231223b73747564656e745f69647c733a323a223435223b6c6f67696e5f757365725f69647c733a323a223435223b6e616d657c733a31353a2254657374696e672053747564656e74223b),
('3b78fb220e2c3f5b049281f00aeb6899f7205914', '172.69.202.108', 1706788245, 0x5f5f63695f6c6173745f726567656e65726174657c693a313730363738383234353b),
('3cd99fa85a93858cade485ddaf10520c7cb919b0', '172.70.188.2', 1706795196, 0x5f5f63695f6c6173745f726567656e65726174657c693a313730363739353137333b6c6f67696e5f747970657c733a373a2273747564656e74223b73747564656e745f6c6f67696e7c733a313a2231223b73747564656e745f69647c733a323a223435223b6c6f67696e5f757365725f69647c733a323a223435223b6e616d657c733a31353a2254657374696e672053747564656e74223b),
('3d2f3f8a5d89aeba5e17b04f26b05a47735c8dd8', '172.69.202.109', 1706692149, 0x5f5f63695f6c6173745f726567656e65726174657c693a313730363639323134393b6c6f67696e5f747970657c733a373a2273747564656e74223b73747564656e745f6c6f67696e7c733a313a2231223b73747564656e745f69647c733a323a223435223b6c6f67696e5f757365725f69647c733a323a223435223b6e616d657c733a31353a2254657374696e672053747564656e74223b666c6173685f6d6573736167657c733a32343a224e6f205175657374696f6e2049732050726573656e742021223b5f5f63695f766172737c613a313a7b733a31333a22666c6173685f6d657373616765223b733a333a226f6c64223b7d),
('3fb5517e112380902a4970617a9846c804b17c70', '172.70.219.56', 1706789780, 0x5f5f63695f6c6173745f726567656e65726174657c693a313730363738393738303b6c6f67696e5f747970657c733a353a2261646d696e223b61646d696e5f6c6f67696e7c733a313a2231223b61646d696e5f69647c733a313a2231223b6c6f67696e5f757365725f69647c733a313a2231223b6e616d657c733a31333a2241646d696e6973747261746f72223b666c6173685f6d6573736167657c733a32333a225175697a204164646564205375636365737366756c6c79223b5f5f63695f766172737c613a313a7b733a31333a22666c6173685f6d657373616765223b733a333a226f6c64223b7d),
('3rgp0poha4p5tf1c4t9qt78p6tic5o86', '::1', 1706188402, 0x5f5f63695f6c6173745f726567656e65726174657c693a313730363138383430323b6c6f67696e5f747970657c733a353a2261646d696e223b61646d696e5f6c6f67696e7c733a313a2231223b61646d696e5f69647c733a313a2231223b6c6f67696e5f757365725f69647c733a313a2231223b6e616d657c733a31333a2241646d696e6973747261746f72223b666c6173685f6d6573736167657c733a31383a225375636365737366756c6c79204c6f67696e223b5f5f63695f766172737c613a313a7b733a31333a22666c6173685f6d657373616765223b733a333a226f6c64223b7d),
('4122c7afc117379a376b902af5861a42857a48fd', '172.70.142.21', 1706684644, 0x5f5f63695f6c6173745f726567656e65726174657c693a313730363638343539363b6572726f725f6d6573736167657c733a32333a2257726f6e6720456d61696c204f722050617373776f7264223b5f5f63695f766172737c613a313a7b733a31333a226572726f725f6d657373616765223b733a333a226f6c64223b7d),
('416204f449515acc1fc95b8e4a9f753315ed6924', '172.70.142.147', 1706608010, 0x5f5f63695f6c6173745f726567656e65726174657c693a313730363630383031303b6c6f67696e5f747970657c733a353a2261646d696e223b61646d696e5f6c6f67696e7c733a313a2231223b61646d696e5f69647c733a313a2231223b6c6f67696e5f757365725f69647c733a313a2231223b6e616d657c733a31333a2241646d696e6973747261746f72223b666c6173685f6d6573736167657c733a31383a225375636365737366756c6c79204c6f67696e223b5f5f63695f766172737c613a313a7b733a31333a22666c6173685f6d657373616765223b733a333a226f6c64223b7d),
('42fab3a8a59cecf967581aedd4af7ab257fad434', '172.71.202.108', 1706530157, 0x5f5f63695f6c6173745f726567656e65726174657c693a313730363533303135373b6c6f67696e5f747970657c733a353a2261646d696e223b61646d696e5f6c6f67696e7c733a313a2231223b61646d696e5f69647c733a313a2231223b6c6f67696e5f757365725f69647c733a313a2231223b6e616d657c733a31333a2241646d696e6973747261746f72223b),
('44b7636773658a3388b113e7afab4855d742a5ca', '172.70.188.32', 1706607080, 0x5f5f63695f6c6173745f726567656e65726174657c693a313730363630363835373b6c6f67696e5f747970657c733a353a2261646d696e223b61646d696e5f6c6f67696e7c733a313a2231223b61646d696e5f69647c733a313a2231223b6c6f67696e5f757365725f69647c733a313a2231223b6e616d657c733a31333a2241646d696e6973747261746f72223b666c6173685f6d6573736167657c733a31383a225375636365737366756c6c79204c6f67696e223b5f5f63695f766172737c613a313a7b733a31333a22666c6173685f6d657373616765223b733a333a226f6c64223b7d),
('4507224078df8d90cf97bd54d4e94c904c1ffeaf', '172.69.202.98', 1706681110, 0x5f5f63695f6c6173745f726567656e65726174657c693a313730363638313131303b6c6f67696e5f747970657c733a353a2261646d696e223b61646d696e5f6c6f67696e7c733a313a2231223b61646d696e5f69647c733a313a2231223b6c6f67696e5f757365725f69647c733a313a2231223b6e616d657c733a31333a2241646d696e6973747261746f72223b666c6173685f6d6573736167657c733a32333a225175697a204164646564205375636365737366756c6c79223b5f5f63695f766172737c613a313a7b733a31333a22666c6173685f6d657373616765223b733a333a226f6c64223b7d),
('45779e0fd2826b19fb1265ad55e5774385514938', '162.158.106.157', 1706766369, 0x5f5f63695f6c6173745f726567656e65726174657c693a313730363736363336353b6c6f67696e5f747970657c733a353a2261646d696e223b61646d696e5f6c6f67696e7c733a313a2231223b61646d696e5f69647c733a313a2231223b6c6f67696e5f757365725f69647c733a313a2231223b6e616d657c733a31333a2241646d696e6973747261746f72223b666c6173685f6d6573736167657c733a32333a225175697a204164646564205375636365737366756c6c79223b5f5f63695f766172737c613a313a7b733a31333a22666c6173685f6d657373616765223b733a333a226f6c64223b7d),
('4812b10703cb515783fbc42b12b5f56527f08fe4', '172.69.203.3', 1706692149, 0x5f5f63695f6c6173745f726567656e65726174657c693a313730363639323134393b6c6f67696e5f747970657c733a373a2273747564656e74223b73747564656e745f6c6f67696e7c733a313a2231223b73747564656e745f69647c733a323a223435223b6c6f67696e5f757365725f69647c733a323a223435223b6e616d657c733a31353a2254657374696e672053747564656e74223b666c6173685f6d6573736167657c733a32343a224e6f205175657374696f6e2049732050726573656e742021223b5f5f63695f766172737c613a313a7b733a31333a22666c6173685f6d657373616765223b733a333a226f6c64223b7d),
('488564e35eff6afe921942315f5d9b097d91a703', '172.70.218.32', 1706350442, 0x5f5f63695f6c6173745f726567656e65726174657c693a313730363335303434323b6c6f67696e5f747970657c733a353a2261646d696e223b61646d696e5f6c6f67696e7c733a313a2231223b61646d696e5f69647c733a313a2231223b6c6f67696e5f757365725f69647c733a313a2231223b6e616d657c733a31333a2241646d696e6973747261746f72223b666c6173685f6d6573736167657c733a31383a225375636365737366756c6c79204c6f67696e223b5f5f63695f766172737c613a313a7b733a31333a22666c6173685f6d657373616765223b733a333a226f6c64223b7d),
('4b3dc8817731eac4e4f53c656e4f55dbaf3456e8', '172.70.142.119', 1706684863, 0x5f5f63695f6c6173745f726567656e65726174657c693a313730363638343836333b6c6f67696e5f747970657c733a353a2261646d696e223b61646d696e5f6c6f67696e7c733a313a2231223b61646d696e5f69647c733a313a2231223b6c6f67696e5f757365725f69647c733a313a2231223b6e616d657c733a31333a2241646d696e6973747261746f72223b666c6173685f6d6573736167657c733a31383a225375636365737366756c6c79204c6f67696e223b5f5f63695f766172737c613a313a7b733a31333a22666c6173685f6d657373616765223b733a333a226f6c64223b7d),
('4de67dc05d052aafab6214740f10c15f92c3aaac', '172.69.202.98', 1706788181, 0x5f5f63695f6c6173745f726567656e65726174657c693a313730363738383138313b6c6f67696e5f747970657c733a373a2273747564656e74223b73747564656e745f6c6f67696e7c733a313a2231223b73747564656e745f69647c733a323a223435223b6c6f67696e5f757365725f69647c733a323a223435223b6e616d657c733a31353a2254657374696e672053747564656e74223b),
('4fn2phf9p7shoodt0lvhp6c8udm0lhp4', '::1', 1706340420, 0x5f5f63695f6c6173745f726567656e65726174657c693a313730363334303432303b6c6f67696e5f747970657c733a353a2261646d696e223b61646d696e5f6c6f67696e7c733a313a2231223b61646d696e5f69647c733a313a2231223b6c6f67696e5f757365725f69647c733a313a2231223b6e616d657c733a31333a2241646d696e6973747261746f72223b666c6173685f6d6573736167657c733a31383a225375636365737366756c6c79204c6f67696e223b5f5f63695f766172737c613a313a7b733a31333a22666c6173685f6d657373616765223b733a333a226f6c64223b7d),
('4mo88vck1jfvjiofqo9ba0orq0gbch49', '::1', 1706191135, 0x5f5f63695f6c6173745f726567656e65726174657c693a313730363139313133353b6c6f67696e5f747970657c733a353a2261646d696e223b61646d696e5f6c6f67696e7c733a313a2231223b61646d696e5f69647c733a313a2231223b6c6f67696e5f757365725f69647c733a313a2231223b6e616d657c733a31333a2241646d696e6973747261746f72223b666c6173685f6d6573736167657c733a31383a225375636365737366756c6c79204c6f67696e223b5f5f63695f766172737c613a313a7b733a31333a22666c6173685f6d657373616765223b733a333a226f6c64223b7d),
('4uuqrf765lq9hgbkkbhjgpjv1v8r2gdj', '::1', 1706341218, 0x5f5f63695f6c6173745f726567656e65726174657c693a313730363334313231383b6c6f67696e5f747970657c733a353a2261646d696e223b61646d696e5f6c6f67696e7c733a313a2231223b61646d696e5f69647c733a313a2231223b6c6f67696e5f757365725f69647c733a313a2231223b6e616d657c733a31333a2241646d696e6973747261746f72223b666c6173685f6d6573736167657c733a31383a225375636365737366756c6c79204c6f67696e223b5f5f63695f766172737c613a313a7b733a31333a22666c6173685f6d657373616765223b733a333a226f6c64223b7d),
('507da70f25c14e77798b76726acb2b8f151f9c75', '172.68.39.185', 1706533668, 0x5f5f63695f6c6173745f726567656e65726174657c693a313730363533333636383b6c6f67696e5f747970657c733a353a2261646d696e223b61646d696e5f6c6f67696e7c733a313a2231223b61646d696e5f69647c733a313a2231223b6c6f67696e5f757365725f69647c733a313a2231223b6e616d657c733a31333a2241646d696e6973747261746f72223b),
('50eae7c96837f4f46f42e923ed13ccb8b0de2d2b', '172.70.218.190', 1706351759, 0x5f5f63695f6c6173745f726567656e65726174657c693a313730363335313730383b6c6f67696e5f747970657c733a353a2261646d696e223b61646d696e5f6c6f67696e7c733a313a2231223b61646d696e5f69647c733a313a2231223b6c6f67696e5f757365725f69647c733a313a2231223b6e616d657c733a31333a2241646d696e6973747261746f72223b666c6173685f6d6573736167657c733a31383a225375636365737366756c6c79204c6f67696e223b5f5f63695f766172737c613a313a7b733a31333a22666c6173685f6d657373616765223b733a333a226f6c64223b7d),
('518550bace6e3be206cc74f4b54cf42385a4b002', '172.71.81.28', 1706685604, 0x5f5f63695f6c6173745f726567656e65726174657c693a313730363638353630343b6c6f67696e5f747970657c733a353a2261646d696e223b61646d696e5f6c6f67696e7c733a313a2231223b61646d696e5f69647c733a313a2231223b6c6f67696e5f757365725f69647c733a313a2231223b6e616d657c733a31333a2241646d696e6973747261746f72223b666c6173685f6d6573736167657c733a32333a225175697a204164646564205375636365737366756c6c79223b5f5f63695f766172737c613a313a7b733a31333a22666c6173685f6d657373616765223b733a333a226f6c64223b7d),
('52bf9f64e2ed33a5fbbcbfdf7019bf51d26dc3b5', '172.69.202.99', 1706686494, 0x5f5f63695f6c6173745f726567656e65726174657c693a313730363638363439343b6c6f67696e5f747970657c733a353a2261646d696e223b61646d696e5f6c6f67696e7c733a313a2231223b61646d696e5f69647c733a313a2231223b6c6f67696e5f757365725f69647c733a313a2231223b6e616d657c733a31333a2241646d696e6973747261746f72223b666c6173685f6d6573736167657c733a32333a225175697a204164646564205375636365737366756c6c79223b5f5f63695f766172737c613a313a7b733a31333a22666c6173685f6d657373616765223b733a333a226f6c64223b7d),
('52f6b8db7a2f754cef5454e4fb44f8f221097c7d', '172.69.203.4', 1706786191, 0x5f5f63695f6c6173745f726567656e65726174657c693a313730363738363139313b),
('53b09501bb5f55a0d79f5b764f89d860fff028a2', '172.69.202.118', 1706614505, 0x5f5f63695f6c6173745f726567656e65726174657c693a313730363631343530353b),
('55a986ba26dea54f59ed85dc36dd44e54643de85', '172.70.142.168', 1706534128, 0x5f5f63695f6c6173745f726567656e65726174657c693a313730363533343132383b6c6f67696e5f747970657c733a353a2261646d696e223b61646d696e5f6c6f67696e7c733a313a2231223b61646d696e5f69647c733a313a2231223b6c6f67696e5f757365725f69647c733a313a2231223b6e616d657c733a31333a2241646d696e6973747261746f72223b),
('577b2f88c1ecc6fd32062308fad1c408c7141487', '172.69.134.73', 1706612696, 0x5f5f63695f6c6173745f726567656e65726174657c693a313730363631323639363b6c6f67696e5f747970657c733a353a2261646d696e223b73747564656e745f6c6f67696e7c733a313a2231223b73747564656e745f69647c733a323a223435223b6c6f67696e5f757365725f69647c733a313a2231223b6e616d657c733a31333a2241646d696e6973747261746f72223b666c6173685f6d6573736167657c733a32353a22446174612055706461746564205375636365737366756c6c79223b5f5f63695f766172737c613a313a7b733a31333a22666c6173685f6d657373616765223b733a333a226f6c64223b7d61646d696e5f6c6f67696e7c733a313a2231223b61646d696e5f69647c733a313a2231223b),
('5964b190de66c4baea060e78afe3cef356bf2a2a', '172.69.202.98', 1706616305, 0x5f5f63695f6c6173745f726567656e65726174657c693a313730363631363238383b6c6f67696e5f747970657c733a353a2261646d696e223b61646d696e5f6c6f67696e7c733a313a2231223b61646d696e5f69647c733a313a2231223b6c6f67696e5f757365725f69647c733a313a2231223b6e616d657c733a31333a2241646d696e6973747261746f72223b666c6173685f6d6573736167657c733a31383a225375636365737366756c6c79204c6f67696e223b5f5f63695f766172737c613a313a7b733a31333a22666c6173685f6d657373616765223b733a333a226f6c64223b7d),
('59708da5be3f99fb743fa24fa24e57812c961b83', '172.70.218.191', 1706615129, 0x5f5f63695f6c6173745f726567656e65726174657c693a313730363631353132393b6c6f67696e5f747970657c733a353a2261646d696e223b61646d696e5f6c6f67696e7c733a313a2231223b61646d696e5f69647c733a313a2231223b6c6f67696e5f757365725f69647c733a313a2231223b6e616d657c733a31333a2241646d696e6973747261746f72223b),
('5ad9a64a6f2af7cad558a6432c1f4987b8bfba97', '172.70.188.185', 1706766503, 0x5f5f63695f6c6173745f726567656e65726174657c693a313730363736363337373b6c6f67696e5f747970657c733a373a2273747564656e74223b73747564656e745f6c6f67696e7c733a313a2231223b73747564656e745f69647c733a323a223435223b6c6f67696e5f757365725f69647c733a323a223435223b6e616d657c733a31353a2254657374696e672053747564656e74223b),
('5ajk0vi2i5485e102f3p7ris7uchpone', '::1', 1705662731, 0x5f5f63695f6c6173745f726567656e65726174657c693a313730353636323730353b6c6f67696e5f747970657c733a353a2261646d696e223b61646d696e5f6c6f67696e7c733a313a2231223b61646d696e5f69647c733a313a2231223b6c6f67696e5f757365725f69647c733a313a2231223b6e616d657c733a31333a2241646d696e6973747261746f72223b666c6173685f6d6573736167657c733a31383a225375636365737366756c6c79204c6f67696e223b5f5f63695f766172737c613a313a7b733a31333a22666c6173685f6d657373616765223b733a333a226f6c64223b7d),
('5c51ba08cbcacf100b29a4a8cd6e9590bdd94ec3', '172.69.203.4', 1706793521, 0x5f5f63695f6c6173745f726567656e65726174657c693a313730363739333532313b6c6f67696e5f747970657c733a353a2261646d696e223b61646d696e5f6c6f67696e7c733a313a2231223b61646d696e5f69647c733a313a2231223b6c6f67696e5f757365725f69647c733a313a2231223b6e616d657c733a31333a2241646d696e6973747261746f72223b666c6173685f6d6573736167657c733a32333a225175697a204164646564205375636365737366756c6c79223b5f5f63695f766172737c613a313a7b733a31333a22666c6173685f6d657373616765223b733a333a226f6c64223b7d),
('5d24b6b1eee56a35879b71233c99c93df74abdd0', '172.70.142.244', 1706687321, 0x5f5f63695f6c6173745f726567656e65726174657c693a313730363638373332313b6c6f67696e5f747970657c733a353a2261646d696e223b61646d696e5f6c6f67696e7c733a313a2231223b61646d696e5f69647c733a313a2231223b6c6f67696e5f757365725f69647c733a313a2231223b6e616d657c733a31333a2241646d696e6973747261746f72223b666c6173685f6d6573736167657c733a32333a225175697a204164646564205375636365737366756c6c79223b5f5f63695f766172737c613a313a7b733a31333a22666c6173685f6d657373616765223b733a333a226f6c64223b7d),
('5e8e4a14a82cb27562c4096ec83c44c8d8918b0b', '162.158.162.56', 1706686009, 0x5f5f63695f6c6173745f726567656e65726174657c693a313730363638363030393b6c6f67696e5f747970657c733a353a2261646d696e223b61646d696e5f6c6f67696e7c733a313a2231223b61646d696e5f69647c733a313a2231223b6c6f67696e5f757365725f69647c733a313a2231223b6e616d657c733a31333a2241646d696e6973747261746f72223b666c6173685f6d6573736167657c733a32333a225175697a204164646564205375636365737366756c6c79223b5f5f63695f766172737c613a313a7b733a31333a22666c6173685f6d657373616765223b733a333a226f6c64223b7d),
('5f5693696b50d05bb545ab8e949f37d2cbe43df0', '172.70.142.154', 1706679976, 0x5f5f63695f6c6173745f726567656e65726174657c693a313730363637393937363b6c6f67696e5f747970657c733a373a2273747564656e74223b73747564656e745f6c6f67696e7c733a313a2231223b73747564656e745f69647c733a323a223435223b6c6f67696e5f757365725f69647c733a323a223435223b6e616d657c733a31353a2254657374696e672053747564656e74223b),
('5f779383740d811722ccdf86f2b5ba31f7dde9b8', '172.69.202.118', 1706792285, 0x5f5f63695f6c6173745f726567656e65726174657c693a313730363739323238353b6c6f67696e5f747970657c733a353a2261646d696e223b61646d696e5f6c6f67696e7c733a313a2231223b61646d696e5f69647c733a313a2231223b6c6f67696e5f757365725f69647c733a313a2231223b6e616d657c733a31333a2241646d696e6973747261746f72223b),
('5t9n383cod62vmrb2p6057f5g3e6d8ih', '::1', 1705664500, 0x5f5f63695f6c6173745f726567656e65726174657c693a313730353636343530303b6c6f67696e5f747970657c733a353a2261646d696e223b61646d696e5f6c6f67696e7c733a313a2231223b61646d696e5f69647c733a313a2231223b6c6f67696e5f757365725f69647c733a313a2231223b6e616d657c733a31333a2241646d696e6973747261746f72223b666c6173685f6d6573736167657c733a31383a225375636365737366756c6c79204c6f67696e223b5f5f63695f766172737c613a313a7b733a31333a22666c6173685f6d657373616765223b733a333a226f6c64223b7d),
('6187aae0c3a907401053593b3f33036781d5bd3a', '172.69.202.108', 1706623197, 0x5f5f63695f6c6173745f726567656e65726174657c693a313730363632333134363b6c6f67696e5f747970657c733a373a2273747564656e74223b73747564656e745f6c6f67696e7c733a313a2231223b73747564656e745f69647c733a323a223435223b6c6f67696e5f757365725f69647c733a323a223435223b6e616d657c733a31353a2254657374696e672053747564656e74223b),
('61b2607cd25f888b360805d6316a8adeb3babcc5', '172.69.202.119', 1706523155, 0x5f5f63695f6c6173745f726567656e65726174657c693a313730363532333135353b6c6f67696e5f747970657c733a353a2261646d696e223b61646d696e5f6c6f67696e7c733a313a2231223b61646d696e5f69647c733a313a2231223b6c6f67696e5f757365725f69647c733a313a2231223b6e616d657c733a31333a2241646d696e6973747261746f72223b666c6173685f6d6573736167657c733a31383a225375636365737366756c6c79204c6f67696e223b5f5f63695f766172737c613a313a7b733a31333a22666c6173685f6d657373616765223b733a333a226f6c64223b7d),
('6394790c5d31a5eccbfc32e045078a885b8e5f8b', '172.69.67.55', 1706690730, 0x5f5f63695f6c6173745f726567656e65726174657c693a313730363639303733303b),
('645f4e576d57da6c3e914f6a13ef8ab8de076d36', '172.69.203.4', 1706792285, 0x5f5f63695f6c6173745f726567656e65726174657c693a313730363739323238353b6c6f67696e5f747970657c733a353a2261646d696e223b61646d696e5f6c6f67696e7c733a313a2231223b61646d696e5f69647c733a313a2231223b6c6f67696e5f757365725f69647c733a313a2231223b6e616d657c733a31333a2241646d696e6973747261746f72223b),
('668c3b637ab714cde14f8ca02b349111d6337bd6', '172.69.202.119', 1706795115, 0x5f5f63695f6c6173745f726567656e65726174657c693a313730363739353131353b6c6f67696e5f747970657c733a353a2261646d696e223b61646d696e5f6c6f67696e7c733a313a2231223b61646d696e5f69647c733a313a2231223b6c6f67696e5f757365725f69647c733a313a2231223b6e616d657c733a31333a2241646d696e6973747261746f72223b666c6173685f6d6573736167657c733a32353a22446174612055706461746564205375636365737366756c6c79223b5f5f63695f766172737c613a313a7b733a31333a22666c6173685f6d657373616765223b733a333a226f6c64223b7d),
('67bf2ae6120088ad0988e216456acaa6a3d78d23', '162.158.163.152', 1706691517, 0x5f5f63695f6c6173745f726567656e65726174657c693a313730363639313531373b6c6f67696e5f747970657c733a353a2261646d696e223b61646d696e5f6c6f67696e7c733a313a2231223b61646d696e5f69647c733a313a2231223b6c6f67696e5f757365725f69647c733a313a2231223b6e616d657c733a31333a2241646d696e6973747261746f72223b666c6173685f6d6573736167657c733a31383a225375636365737366756c6c79204c6f67696e223b5f5f63695f766172737c613a313a7b733a31333a22666c6173685f6d657373616765223b733a333a226f6c64223b7d),
('687a6fb32945a1e5e5a480c3026bc098d49fd345', '172.68.27.50', 1706614745, 0x5f5f63695f6c6173745f726567656e65726174657c693a313730363631343734353b),
('68bf0603a937cad97f2d1d36de9a9d1be2d2f058', '162.158.163.121', 1706681422, 0x5f5f63695f6c6173745f726567656e65726174657c693a313730363638313432323b6c6f67696e5f747970657c733a373a2273747564656e74223b73747564656e745f6c6f67696e7c733a313a2231223b73747564656e745f69647c733a323a223435223b6c6f67696e5f757365725f69647c733a323a223435223b6e616d657c733a31353a2254657374696e672053747564656e74223b);
INSERT INTO `ci_sessions` (`id`, `ip_address`, `timestamp`, `data`) VALUES
('6aec172999295e8a46c0c79ae12a4d290ca3cb84', '172.70.111.6', 1706789176, 0x5f5f63695f6c6173745f726567656e65726174657c693a313730363738393137363b757365725f69647c693a313b66697273745f6e616d657c733a31353a22526168756c204d616e7774616b6172223b757365725f6e616d657c733a31313a225240474d41494c2e434f4d223b757365725f726f6c657c693a323b6c6f67696e5f747970657c733a353a2261646d696e223b61646d696e5f6c6f67696e7c733a313a2231223b61646d696e5f69647c733a313a2231223b6c6f67696e5f757365725f69647c733a313a2231223b6e616d657c733a31333a2241646d696e6973747261746f72223b),
('6bcc1a8a664b6a25fa606a9fba0c7bce39a38201', '172.69.202.119', 1706786006, 0x5f5f63695f6c6173745f726567656e65726174657c693a313730363738363030363b6c6f67696e5f747970657c733a373a2273747564656e74223b73747564656e745f6c6f67696e7c733a313a2231223b73747564656e745f69647c733a323a223435223b6c6f67696e5f757365725f69647c733a323a223435223b6e616d657c733a31353a2254657374696e672053747564656e74223b),
('6ca0f324705e97454276b3746fd618fc541d0e74', '162.158.22.170', 1706629077, 0x5f5f63695f6c6173745f726567656e65726174657c693a313730363632393037373b),
('6f3d8c25f2c3cd8e531cce4af38831e9f4f04d8e', '172.69.202.99', 1706622351, 0x5f5f63695f6c6173745f726567656e65726174657c693a313730363632323335313b6c6f67696e5f747970657c733a353a2261646d696e223b61646d696e5f6c6f67696e7c733a313a2231223b61646d696e5f69647c733a313a2231223b6c6f67696e5f757365725f69647c733a313a2231223b6e616d657c733a31333a2241646d696e6973747261746f72223b666c6173685f6d6573736167657c733a32333a225175697a204164646564205375636365737366756c6c79223b5f5f63695f766172737c613a313a7b733a31333a22666c6173685f6d657373616765223b733a333a226f6c64223b7d),
('6fbf79c27947db47cabc0fe39543129684e41beb', '162.158.163.207', 1706684266, 0x5f5f63695f6c6173745f726567656e65726174657c693a313730363638343236363b6c6f67696e5f747970657c733a353a2261646d696e223b61646d696e5f6c6f67696e7c733a313a2231223b61646d696e5f69647c733a313a2231223b6c6f67696e5f757365725f69647c733a313a2231223b6e616d657c733a31333a2241646d696e6973747261746f72223b666c6173685f6d6573736167657c733a32333a225175697a204164646564205375636365737366756c6c79223b5f5f63695f766172737c613a313a7b733a31333a22666c6173685f6d657373616765223b733a333a226f6c64223b7d),
('6fc36b9648dc0e1102bacd73c8f700026d8b6f77', '141.101.68.118', 1706629173, 0x5f5f63695f6c6173745f726567656e65726174657c693a313730363632393137333b),
('6r5a8psorpdj6koemtb1j69n5vb9ufrc', '::1', 1705668022, 0x5f5f63695f6c6173745f726567656e65726174657c693a313730353636383032323b6c6f67696e5f747970657c733a353a2261646d696e223b61646d696e5f6c6f67696e7c733a313a2231223b61646d696e5f69647c733a313a2231223b6c6f67696e5f757365725f69647c733a313a2231223b6e616d657c733a31333a2241646d696e6973747261746f72223b666c6173685f6d6573736167657c733a31383a225375636365737366756c6c79204c6f67696e223b5f5f63695f766172737c613a313a7b733a31333a22666c6173685f6d657373616765223b733a333a226f6c64223b7d),
('7316d6aa1f9d527d4409584bff7475690e15116e', '172.71.198.122', 1706528783, 0x5f5f63695f6c6173745f726567656e65726174657c693a313730363532383738333b),
('743252fc5b8cab9ebe19c53ca95491882051931d', '172.69.202.119', 1706683762, 0x5f5f63695f6c6173745f726567656e65726174657c693a313730363638333736323b6c6f67696e5f747970657c733a373a2273747564656e74223b61646d696e5f6c6f67696e7c733a313a2231223b61646d696e5f69647c733a313a2231223b6c6f67696e5f757365725f69647c733a323a223435223b6e616d657c733a31353a2254657374696e672053747564656e74223b73747564656e745f6c6f67696e7c733a313a2231223b73747564656e745f69647c733a323a223435223b),
('7454a87650988a39a37aae45137411e552dafdb5', '162.158.48.105', 1706351708, 0x5f5f63695f6c6173745f726567656e65726174657c693a313730363335313730383b6c6f67696e5f747970657c733a353a2261646d696e223b61646d696e5f6c6f67696e7c733a313a2231223b61646d696e5f69647c733a313a2231223b6c6f67696e5f757365725f69647c733a313a2231223b6e616d657c733a31333a2241646d696e6973747261746f72223b666c6173685f6d6573736167657c733a31383a225375636365737366756c6c79204c6f67696e223b5f5f63695f766172737c613a313a7b733a31333a22666c6173685f6d657373616765223b733a333a226f6c64223b7d),
('7585c268398d3e83e10bbae144d797d5f9aa83ae', '172.71.198.17', 1706530173, 0x5f5f63695f6c6173745f726567656e65726174657c693a313730363533303136363b),
('75c57eedec59611fdadba2a4a835bc291d392f87', '172.71.81.131', 1706679397, 0x5f5f63695f6c6173745f726567656e65726174657c693a313730363637393339373b),
('76a0809045263d82f343aa5e675ff7e4a68871c7', '172.69.202.98', 1706529065, 0x5f5f63695f6c6173745f726567656e65726174657c693a313730363532393036353b6c6f67696e5f747970657c733a353a2261646d696e223b61646d696e5f6c6f67696e7c733a313a2231223b61646d696e5f69647c733a313a2231223b6c6f67696e5f757365725f69647c733a313a2231223b6e616d657c733a31333a2241646d696e6973747261746f72223b),
('76ad241f1f11ba5ecc504984b36bf704b32453be', '172.71.135.12', 1706788151, 0x5f5f63695f6c6173745f726567656e65726174657c693a313730363738383135313b757365725f69647c693a313b66697273745f6e616d657c733a31353a22526168756c204d616e7774616b6172223b757365725f6e616d657c733a31313a225240474d41494c2e434f4d223b757365725f726f6c657c693a323b),
('78441569ff0bf0a9d01407ab76a4ddbcd35e9669', '172.69.119.145', 1706852705, 0x5f5f63695f6c6173745f726567656e65726174657c693a313730363835323534323b6c6f67696e5f747970657c733a353a2261646d696e223b61646d696e5f6c6f67696e7c733a313a2231223b61646d696e5f69647c733a313a2231223b6c6f67696e5f757365725f69647c733a313a2231223b6e616d657c733a31333a2241646d696e6973747261746f72223b666c6173685f6d6573736167657c733a31383a225375636365737366756c6c79204c6f67696e223b5f5f63695f766172737c613a313a7b733a31333a22666c6173685f6d657373616765223b733a333a226f6c64223b7d),
('78cd442f627e7cf85c9cc613ed6a8a81f2f9789a', '162.158.163.210', 1706605929, 0x5f5f63695f6c6173745f726567656e65726174657c693a313730363630353932393b),
('7b71dd4852dbab4e8e614a785b8e2cbb8d09a1ea', '108.162.216.103', 1706614832, 0x5f5f63695f6c6173745f726567656e65726174657c693a313730363631343833323b),
('7beca0e636b031273c40f770a7517554316e9ec0', '172.69.202.99', 1706620899, 0x5f5f63695f6c6173745f726567656e65726174657c693a313730363632303839393b),
('7bf90239f272a883ed498d0768df907e4530c2f4', '172.70.218.122', 1706532904, 0x5f5f63695f6c6173745f726567656e65726174657c693a313730363533323930343b6c6f67696e5f747970657c733a353a2261646d696e223b61646d696e5f6c6f67696e7c733a313a2231223b61646d696e5f69647c733a313a2231223b6c6f67696e5f757365725f69647c733a313a2231223b6e616d657c733a31333a2241646d696e6973747261746f72223b),
('7c9b08a883e7b950c058bc7141cdc0a96e5a5ef1', '172.69.202.98', 1706680653, 0x5f5f63695f6c6173745f726567656e65726174657c693a313730363638303635333b),
('7ebeeb5a3847fd0e928055e9296ee534224e86bd', '172.70.218.171', 1706795173, 0x5f5f63695f6c6173745f726567656e65726174657c693a313730363739353137333b6c6f67696e5f747970657c733a373a2273747564656e74223b73747564656e745f6c6f67696e7c733a313a2231223b73747564656e745f69647c733a323a223435223b6c6f67696e5f757365725f69647c733a323a223435223b6e616d657c733a31353a2254657374696e672053747564656e74223b),
('7ec5562e4fabda5e67dfc0650202f14189b8c392', '172.70.142.229', 1706691517, 0x5f5f63695f6c6173745f726567656e65726174657c693a313730363639313531373b6c6f67696e5f747970657c733a353a2261646d696e223b61646d696e5f6c6f67696e7c733a313a2231223b61646d696e5f69647c733a313a2231223b6c6f67696e5f757365725f69647c733a313a2231223b6e616d657c733a31333a2241646d696e6973747261746f72223b),
('7f2d4bcd37d6ca32ba0f08773f83996c7dabbc30', '172.69.7.25', 1706515795, 0x5f5f63695f6c6173745f726567656e65726174657c693a313730363531353739353b),
('7mgk6rq6s28m1nt5cq3va2u813hbguav', '::1', 1706344796, 0x5f5f63695f6c6173745f726567656e65726174657c693a313730363334343739363b6c6f67696e5f747970657c733a353a2261646d696e223b61646d696e5f6c6f67696e7c733a313a2231223b61646d696e5f69647c733a313a2231223b6c6f67696e5f757365725f69647c733a313a2231223b6e616d657c733a31333a2241646d696e6973747261746f72223b666c6173685f6d6573736167657c733a31383a225375636365737366756c6c79204c6f67696e223b5f5f63695f766172737c613a313a7b733a31333a22666c6173685f6d657373616765223b733a333a226f6c64223b7d),
('7pthi042pl0r3j5re4a7uh2gkqhd7g6o', '::1', 1705665457, 0x5f5f63695f6c6173745f726567656e65726174657c693a313730353636353435373b6c6f67696e5f747970657c733a353a2261646d696e223b61646d696e5f6c6f67696e7c733a313a2231223b61646d696e5f69647c733a313a2231223b6c6f67696e5f757365725f69647c733a313a2231223b6e616d657c733a31333a2241646d696e6973747261746f72223b666c6173685f6d6573736167657c733a31383a225375636365737366756c6c79204c6f67696e223b5f5f63695f766172737c613a313a7b733a31333a22666c6173685f6d657373616765223b733a333a226f6c64223b7d),
('7qih10ihltclk0pa549h0u4acfqe76lp', '::1', 1705669062, 0x5f5f63695f6c6173745f726567656e65726174657c693a313730353636393036323b6572726f725f6d6573736167657c733a32333a2257726f6e6720456d61696c204f722050617373776f7264223b5f5f63695f766172737c613a323a7b733a31333a226572726f725f6d657373616765223b733a333a226f6c64223b733a31333a22666c6173685f6d657373616765223b733a333a226f6c64223b7d6c6f67696e5f747970657c733a373a2273747564656e74223b73747564656e745f6c6f67696e7c733a313a2231223b73747564656e745f69647c733a323a223435223b6c6f67696e5f757365725f69647c733a323a223435223b6e616d657c733a31353a2254657374696e672053747564656e74223b666c6173685f6d6573736167657c733a31383a225375636365737366756c6c79204c6f67696e223b),
('81bcbb0c5dbf21e8eb62f2552f43df1965345a98', '172.69.202.108', 1706515539, 0x5f5f63695f6c6173745f726567656e65726174657c693a313730363531353533393b6c6f67696e5f747970657c733a353a2261646d696e223b61646d696e5f6c6f67696e7c733a313a2231223b61646d696e5f69647c733a313a2231223b6c6f67696e5f757365725f69647c733a313a2231223b6e616d657c733a31333a2241646d696e6973747261746f72223b666c6173685f6d6573736167657c733a31383a225375636365737366756c6c79204c6f67696e223b5f5f63695f766172737c613a313a7b733a31333a22666c6173685f6d657373616765223b733a333a226f6c64223b7d),
('82289838600bd7b178d565a5a5cd5b4a43fb3302', '172.69.203.3', 1706789721, 0x5f5f63695f6c6173745f726567656e65726174657c693a313730363738393636353b6c6f67696e5f747970657c733a373a2273747564656e74223b73747564656e745f6c6f67696e7c733a313a2231223b73747564656e745f69647c733a323a223435223b6c6f67696e5f757365725f69647c733a323a223435223b6e616d657c733a31353a2254657374696e672053747564656e74223b),
('86b3db0fb0fa75968770d33d45915fbac488dc89', '172.69.202.109', 1706620933, 0x5f5f63695f6c6173745f726567656e65726174657c693a313730363632303933333b),
('899b1ff46ad8c5d49aabf90cafebd9c0fea23df3', '172.70.189.182', 1706794097, 0x5f5f63695f6c6173745f726567656e65726174657c693a313730363739343031393b6c6f67696e5f747970657c733a373a2273747564656e74223b73747564656e745f6c6f67696e7c733a313a2231223b73747564656e745f69647c733a323a223435223b6c6f67696e5f757365725f69647c733a323a223435223b6e616d657c733a31353a2254657374696e672053747564656e74223b),
('8a609ffa91020c1603f98c421661f7126a9208c2', '172.71.81.100', 1706766377, 0x5f5f63695f6c6173745f726567656e65726174657c693a313730363736363337373b6c6f67696e5f747970657c733a373a2273747564656e74223b73747564656e745f6c6f67696e7c733a313a2231223b73747564656e745f69647c733a323a223435223b6c6f67696e5f757365725f69647c733a323a223435223b6e616d657c733a31353a2254657374696e672053747564656e74223b666c6173685f6d6573736167657c733a32343a224e6f205175657374696f6e2049732050726573656e742021223b5f5f63695f766172737c613a313a7b733a31333a22666c6173685f6d657373616765223b733a333a226f6c64223b7d),
('8c2b1f4c81de1986424493844c000e01832da29c', '172.69.203.3', 1706599139, 0x5f5f63695f6c6173745f726567656e65726174657c693a313730363539383930383b),
('8fd03aadfd27f7bd209d93dc69d3736afd41fe1f', '162.158.154.65', 1706629178, 0x5f5f63695f6c6173745f726567656e65726174657c693a313730363632393137383b),
('8fef2526ed0d6523ef03a43bce68b91725d050a1', '172.69.203.3', 1706778851, 0x5f5f63695f6c6173745f726567656e65726174657c693a313730363737383731313b6c6f67696e5f747970657c733a353a2261646d696e223b61646d696e5f6c6f67696e7c733a313a2231223b61646d696e5f69647c733a313a2231223b6c6f67696e5f757365725f69647c733a313a2231223b6e616d657c733a31333a2241646d696e6973747261746f72223b666c6173685f6d6573736167657c733a32353a22446174612055706461746564205375636365737366756c6c79223b5f5f63695f766172737c613a313a7b733a31333a22666c6173685f6d657373616765223b733a333a226f6c64223b7d),
('92c5fab6d8cf70b7f7465343fd459fbdd116789b', '172.69.202.99', 1706621352, 0x5f5f63695f6c6173745f726567656e65726174657c693a313730363632313333383b6c6f67696e5f747970657c733a353a2261646d696e223b61646d696e5f6c6f67696e7c733a313a2231223b61646d696e5f69647c733a313a2231223b6c6f67696e5f757365725f69647c733a313a2231223b6e616d657c733a31333a2241646d696e6973747261746f72223b666c6173685f6d6573736167657c733a31383a225375636365737366756c6c79204c6f67696e223b5f5f63695f766172737c613a313a7b733a31333a22666c6173685f6d657373616765223b733a333a226f6c64223b7d),
('958d071e76519c523005e2576e2ef395e38e7b41', '162.158.227.154', 1706611191, 0x5f5f63695f6c6173745f726567656e65726174657c693a313730363631313139313b6c6f67696e5f747970657c733a353a2261646d696e223b61646d696e5f6c6f67696e7c733a313a2231223b61646d696e5f69647c733a313a2231223b6c6f67696e5f757365725f69647c733a313a2231223b6e616d657c733a31333a2241646d696e6973747261746f72223b666c6173685f6d6573736167657c733a32333a225175697a204164646564205375636365737366756c6c79223b5f5f63695f766172737c613a313a7b733a31333a22666c6173685f6d657373616765223b733a333a226f6c64223b7d),
('95ac9dfbdf86ed3cab041df00707e290e819ca7b', '162.158.163.208', 1706685916, 0x5f5f63695f6c6173745f726567656e65726174657c693a313730363638353931363b6c6f67696e5f747970657c733a373a2273747564656e74223b73747564656e745f6c6f67696e7c733a313a2231223b73747564656e745f69647c733a323a223435223b6c6f67696e5f757365725f69647c733a323a223435223b6e616d657c733a31353a2254657374696e672053747564656e74223b),
('983e3dfe6a6a7005654320683f429076c2fa07f0', '162.158.162.154', 1706598367, 0x5f5f63695f6c6173745f726567656e65726174657c693a313730363539383336373b6c6f67696e5f747970657c733a373a2273747564656e74223b73747564656e745f6c6f67696e7c733a313a2231223b73747564656e745f69647c733a323a223435223b6c6f67696e5f757365725f69647c733a323a223435223b6e616d657c733a31353a2254657374696e672053747564656e74223b757365725f69647c693a32333b66697273745f6e616d657c733a343a2274657374223b757365725f6e616d657c733a31393a22726974696b612e64407665657269742e636f6d223b757365725f726f6c657c693a323b),
('99fb6a20962e1a2cbff4fe8c29c5965db677b449', '172.70.142.21', 1706684700, 0x5f5f63695f6c6173745f726567656e65726174657c693a313730363638343730303b6c6f67696e5f747970657c733a353a2261646d696e223b61646d696e5f6c6f67696e7c733a313a2231223b61646d696e5f69647c733a313a2231223b6c6f67696e5f757365725f69647c733a313a2231223b6e616d657c733a31333a2241646d696e6973747261746f72223b666c6173685f6d6573736167657c733a32333a225175697a204164646564205375636365737366756c6c79223b5f5f63695f766172737c613a313a7b733a31333a22666c6173685f6d657373616765223b733a333a226f6c64223b7d),
('9d1c09489ff1d959852d1957e6b1156d8cb11eba', '172.69.202.98', 1706685600, 0x5f5f63695f6c6173745f726567656e65726174657c693a313730363638353630303b6c6f67696e5f747970657c733a373a2273747564656e74223b73747564656e745f6c6f67696e7c733a313a2231223b73747564656e745f69647c733a323a223435223b6c6f67696e5f757365725f69647c733a323a223435223b6e616d657c733a31353a2254657374696e672053747564656e74223b),
('9d744fa9fac899f613a6b44b078c4bead5b523da', '172.70.218.32', 1706793201, 0x5f5f63695f6c6173745f726567656e65726174657c693a313730363739333230313b6c6f67696e5f747970657c733a353a2261646d696e223b61646d696e5f6c6f67696e7c733a313a2231223b61646d696e5f69647c733a313a2231223b6c6f67696e5f757365725f69647c733a313a2231223b6e616d657c733a31333a2241646d696e6973747261746f72223b),
('9f15bfbe5f73cb7bf2fd96b85731f13b69e188a9', '172.69.203.4', 1706536265, 0x5f5f63695f6c6173745f726567656e65726174657c693a313730363533363236353b6c6f67696e5f747970657c733a353a2261646d696e223b61646d696e5f6c6f67696e7c733a313a2231223b61646d696e5f69647c733a313a2231223b6c6f67696e5f757365725f69647c733a313a2231223b6e616d657c733a31333a2241646d696e6973747261746f72223b),
('9od81ud8f4k8fn199h755b7kd4m6r6jj', '::1', 1706345287, 0x5f5f63695f6c6173745f726567656e65726174657c693a313730363334353230343b6c6f67696e5f747970657c733a373a2273747564656e74223b73747564656e745f6c6f67696e7c733a313a2231223b73747564656e745f69647c733a323a223435223b6c6f67696e5f757365725f69647c733a323a223435223b6e616d657c733a31353a2254657374696e672053747564656e74223b666c6173685f6d6573736167657c733a31383a225375636365737366756c6c79204c6f67696e223b5f5f63695f766172737c613a313a7b733a31333a22666c6173685f6d657373616765223b733a333a226f6c64223b7d),
('9tctk9es72k92njhh06hohie5dn0bbml', '::1', 1706340883, 0x5f5f63695f6c6173745f726567656e65726174657c693a313730363334303838333b6c6f67696e5f747970657c733a353a2261646d696e223b61646d696e5f6c6f67696e7c733a313a2231223b61646d696e5f69647c733a313a2231223b6c6f67696e5f757365725f69647c733a313a2231223b6e616d657c733a31333a2241646d696e6973747261746f72223b666c6173685f6d6573736167657c733a31383a225375636365737366756c6c79204c6f67696e223b5f5f63695f766172737c613a313a7b733a31333a22666c6173685f6d657373616765223b733a333a226f6c64223b7d),
('a1927f1c7c048cbe1ea236cf6f6493a57a776995', '172.69.165.41', 1706686945, 0x5f5f63695f6c6173745f726567656e65726174657c693a313730363638363934353b6c6f67696e5f747970657c733a373a2273747564656e74223b73747564656e745f6c6f67696e7c733a313a2231223b73747564656e745f69647c733a323a223435223b6c6f67696e5f757365725f69647c733a323a223435223b6e616d657c733a31353a2254657374696e672053747564656e74223b),
('a29d71b3c5a59ce457aa9b0b590463db76041584', '172.69.67.49', 1706621378, 0x5f5f63695f6c6173745f726567656e65726174657c693a313730363632313337383b),
('a4014cac4aabedb9a8d84e2f455da80bfe05cc8b', '162.158.163.39', 1706686945, 0x5f5f63695f6c6173745f726567656e65726174657c693a313730363638363934353b6c6f67696e5f747970657c733a373a2273747564656e74223b73747564656e745f6c6f67696e7c733a313a2231223b73747564656e745f69647c733a323a223435223b6c6f67696e5f757365725f69647c733a323a223435223b6e616d657c733a31353a2254657374696e672053747564656e74223b666c6173685f6d6573736167657c733a32343a224e6f205175657374696f6e2049732050726573656e742021223b5f5f63695f766172737c613a313a7b733a31333a22666c6173685f6d657373616765223b733a333a226f6c64223b7d),
('a715f588ffe9f9b9a26c1e6e3ce9d3c4befcc5c1', '172.69.203.4', 1706789365, 0x5f5f63695f6c6173745f726567656e65726174657c693a313730363738393336353b6c6f67696e5f747970657c733a373a2273747564656e74223b73747564656e745f6c6f67696e7c733a313a2231223b73747564656e745f69647c733a323a223435223b6c6f67696e5f757365725f69647c733a323a223435223b6e616d657c733a31353a2254657374696e672053747564656e74223b666c6173685f6d6573736167657c733a32343a224e6f205175657374696f6e2049732050726573656e742021223b5f5f63695f766172737c613a313a7b733a31333a22666c6173685f6d657373616765223b733a333a226f6c64223b7d),
('a7980abf5eb7edeafcf445f86f7ac7c4f0ebd457', '162.158.48.12', 1706610467, 0x5f5f63695f6c6173745f726567656e65726174657c693a313730363631303436373b),
('a7a8b29fc187e2ccd12b96d2ab3d65e41942b77f', '172.69.202.98', 1706520365, 0x5f5f63695f6c6173745f726567656e65726174657c693a313730363532303336353b6c6f67696e5f747970657c733a353a2261646d696e223b61646d696e5f6c6f67696e7c733a313a2231223b61646d696e5f69647c733a313a2231223b6c6f67696e5f757365725f69647c733a313a2231223b6e616d657c733a31333a2241646d696e6973747261746f72223b666c6173685f6d6573736167657c733a31383a225375636365737366756c6c79204c6f67696e223b5f5f63695f766172737c613a313a7b733a31333a22666c6173685f6d657373616765223b733a333a226f6c64223b7d),
('a7h7jh6dnaj4i5dd7bb2dskaocveoc15', '::1', 1705992623, 0x5f5f63695f6c6173745f726567656e65726174657c693a313730353939323632303b6572726f725f6d6573736167657c733a32333a2257726f6e6720456d61696c204f722050617373776f7264223b5f5f63695f766172737c613a313a7b733a31333a226572726f725f6d657373616765223b733a333a226f6c64223b7d),
('a883i91hql7dghp1rqmpuonh28lmqm0i', '::1', 1705668116, 0x5f5f63695f6c6173745f726567656e65726174657c693a313730353636383032323b6c6f67696e5f747970657c733a373a2273747564656e74223b73747564656e745f6c6f67696e7c733a313a2231223b73747564656e745f69647c733a323a223435223b6c6f67696e5f757365725f69647c733a323a223435223b6e616d657c733a31353a2254657374696e672053747564656e74223b666c6173685f6d6573736167657c733a31383a225375636365737366756c6c79204c6f67696e223b5f5f63695f766172737c613a313a7b733a31333a22666c6173685f6d657373616765223b733a333a226f6c64223b7d),
('a916eb22ce5ca7bacc60e332e0c4a7e4dd6f29b5', '172.69.119.145', 1706853127, 0x5f5f63695f6c6173745f726567656e65726174657c693a313730363835333132373b6572726f725f6d6573736167657c733a32333a2257726f6e6720456d61696c204f722050617373776f7264223b5f5f63695f766172737c613a313a7b733a31333a226572726f725f6d657373616765223b733a333a226f6c64223b7d),
('a9ca92f2b2492ded2b9adcca629e7bbd97c0a8cb', '172.69.202.119', 1706611696, 0x5f5f63695f6c6173745f726567656e65726174657c693a313730363631313639363b6c6f67696e5f747970657c733a353a2261646d696e223b73747564656e745f6c6f67696e7c733a313a2231223b73747564656e745f69647c733a323a223435223b6c6f67696e5f757365725f69647c733a313a2231223b6e616d657c733a31333a2241646d696e6973747261746f72223b666c6173685f6d6573736167657c733a31383a225375636365737366756c6c79204c6f67696e223b5f5f63695f766172737c613a313a7b733a31333a22666c6173685f6d657373616765223b733a333a226f6c64223b7d61646d696e5f6c6f67696e7c733a313a2231223b61646d696e5f69647c733a313a2231223b),
('aa95d0cd45e909239885e0c9cae48864d7813ba6', '172.70.142.10', 1706687293, 0x5f5f63695f6c6173745f726567656e65726174657c693a313730363638373236333b6c6f67696e5f747970657c733a373a2273747564656e74223b73747564656e745f6c6f67696e7c733a313a2231223b73747564656e745f69647c733a323a223435223b6c6f67696e5f757365725f69647c733a323a223435223b6e616d657c733a31353a2254657374696e672053747564656e74223b),
('ab0dc69e90b47d43e02591a32ef70e1bacb14be6', '162.158.162.97', 1706795213, 0x5f5f63695f6c6173745f726567656e65726174657c693a313730363739353132343b6c6f67696e5f747970657c733a373a2274656163686572223b746561636865725f6c6f67696e7c733a313a2231223b746561636865725f69647c733a313a2231223b6c6f67696e5f757365725f69647c733a313a2231223b6e616d657c733a31353a2254657374696e672054656163686572223b666c6173685f6d6573736167657c733a31383a225375636365737366756c6c79204c6f67696e223b5f5f63695f766172737c613a313a7b733a31333a22666c6173685f6d657373616765223b733a333a226f6c64223b7d),
('ab73e32721fd3fb7a01b97ecc2bc3670aa62faee', '172.71.198.16', 1706530289, 0x5f5f63695f6c6173745f726567656e65726174657c693a313730363533303238343b),
('abd0f0be5ee4e26cb36433ecaaebb1acc8875155', '172.69.203.4', 1706612065, 0x5f5f63695f6c6173745f726567656e65726174657c693a313730363631323036353b6c6f67696e5f747970657c733a353a2261646d696e223b73747564656e745f6c6f67696e7c733a313a2231223b73747564656e745f69647c733a323a223435223b6c6f67696e5f757365725f69647c733a313a2231223b6e616d657c733a31333a2241646d696e6973747261746f72223b666c6173685f6d6573736167657c733a31383a225375636365737366756c6c79204c6f67696e223b5f5f63695f766172737c613a313a7b733a31333a22666c6173685f6d657373616765223b733a333a226f6c64223b7d61646d696e5f6c6f67696e7c733a313a2231223b61646d696e5f69647c733a313a2231223b),
('ad32c26ee32bba8df53a36cc81dfecf3f00d4d39', '172.70.189.184', 1706608984, 0x5f5f63695f6c6173745f726567656e65726174657c693a313730363630383938343b),
('ad94206ca7be3558eaaa984f0d7afb483dc455f3', '172.69.202.98', 1706681037, 0x5f5f63695f6c6173745f726567656e65726174657c693a313730363638313033373b6c6f67696e5f747970657c733a373a2273747564656e74223b73747564656e745f6c6f67696e7c733a313a2231223b73747564656e745f69647c733a323a223435223b6c6f67696e5f757365725f69647c733a323a223435223b6e616d657c733a31353a2254657374696e672053747564656e74223b),
('aeec56eb8f29670fdf23ae00f04904cfd932260b', '162.158.48.12', 1706611382, 0x5f5f63695f6c6173745f726567656e65726174657c693a313730363631313338323b),
('aef30bf1e5744f3ccb5ad6b0470e70d4aed900b3', '172.69.203.3', 1706793885, 0x5f5f63695f6c6173745f726567656e65726174657c693a313730363739333838353b6c6f67696e5f747970657c733a353a2261646d696e223b61646d696e5f6c6f67696e7c733a313a2231223b61646d696e5f69647c733a313a2231223b6c6f67696e5f757365725f69647c733a313a2231223b6e616d657c733a31333a2241646d696e6973747261746f72223b666c6173685f6d6573736167657c733a32333a225175697a204164646564205375636365737366756c6c79223b5f5f63695f766172737c613a313a7b733a31333a22666c6173685f6d657373616765223b733a333a226f6c64223b7d),
('afbcfaae19c09bfd6cece935e8e8295cc7f53b7b', '172.69.202.98', 1706596813, 0x5f5f63695f6c6173745f726567656e65726174657c693a313730363539363831333b6c6f67696e5f747970657c733a353a2261646d696e223b61646d696e5f6c6f67696e7c733a313a2231223b61646d696e5f69647c733a313a2231223b6c6f67696e5f757365725f69647c733a313a2231223b6e616d657c733a31333a2241646d696e6973747261746f72223b),
('aff46e7038f94f44535b4ea66acbb30814d0c779', '172.69.202.99', 1706623146, 0x5f5f63695f6c6173745f726567656e65726174657c693a313730363632333134363b),
('aib150tlg6l31cc5ev0dedmss3mh2b22', '::1', 1706190806, 0x5f5f63695f6c6173745f726567656e65726174657c693a313730363139303830363b6c6f67696e5f747970657c733a353a2261646d696e223b61646d696e5f6c6f67696e7c733a313a2231223b61646d696e5f69647c733a313a2231223b6c6f67696e5f757365725f69647c733a313a2231223b6e616d657c733a31333a2241646d696e6973747261746f72223b666c6173685f6d6573736167657c733a31383a225375636365737366756c6c79204c6f67696e223b5f5f63695f766172737c613a313a7b733a31333a22666c6173685f6d657373616765223b733a333a226f6c64223b7d),
('b0260af8a052b67bfbd3d8310088430e46c703d7', '172.69.203.4', 1706534238, 0x5f5f63695f6c6173745f726567656e65726174657c693a313730363533343233383b6c6f67696e5f747970657c733a353a2261646d696e223b61646d696e5f6c6f67696e7c733a313a2231223b61646d696e5f69647c733a313a2231223b6c6f67696e5f757365725f69647c733a313a2231223b6e616d657c733a31333a2241646d696e6973747261746f72223b),
('b12adecbc93e737dd48e80fe2dc39c4109422f51', '172.69.203.3', 1706534599, 0x5f5f63695f6c6173745f726567656e65726174657c693a313730363533343539393b6c6f67696e5f747970657c733a353a2261646d696e223b61646d696e5f6c6f67696e7c733a313a2231223b61646d696e5f69647c733a313a2231223b6c6f67696e5f757365725f69647c733a313a2231223b6e616d657c733a31333a2241646d696e6973747261746f72223b666c6173685f6d6573736167657c733a31303a2244617461204164646564223b5f5f63695f766172737c613a313a7b733a31333a22666c6173685f6d657373616765223b733a333a226f6c64223b7d),
('b2685e3644aaf82d093170926e249ea40e86f77c', '172.69.203.4', 1706622908, 0x5f5f63695f6c6173745f726567656e65726174657c693a313730363632323638373b6c6f67696e5f747970657c733a353a2261646d696e223b61646d696e5f6c6f67696e7c733a313a2231223b61646d696e5f69647c733a313a2231223b6c6f67696e5f757365725f69647c733a313a2231223b6e616d657c733a31333a2241646d696e6973747261746f72223b666c6173685f6d6573736167657c733a32333a225175697a204164646564205375636365737366756c6c79223b5f5f63695f766172737c613a313a7b733a31333a22666c6173685f6d657373616765223b733a333a226f6c64223b7d),
('b48da03db1f9ad9858fbbfabc033948dd603bc95', '172.71.81.131', 1706766365, 0x5f5f63695f6c6173745f726567656e65726174657c693a313730363736363336353b6c6f67696e5f747970657c733a353a2261646d696e223b61646d696e5f6c6f67696e7c733a313a2231223b61646d696e5f69647c733a313a2231223b6c6f67696e5f757365725f69647c733a313a2231223b6e616d657c733a31333a2241646d696e6973747261746f72223b666c6173685f6d6573736167657c733a32333a225175697a204164646564205375636365737366756c6c79223b5f5f63695f766172737c613a313a7b733a31333a22666c6173685f6d657373616765223b733a333a226f6c64223b7d),
('b587d2e2ebe064da64cca02a7851b8584d8e15ca', '162.158.154.245', 1706789675, 0x5f5f63695f6c6173745f726567656e65726174657c693a313730363738393632353b6572726f725f6d6573736167657c733a32333a2257726f6e6720456d61696c204f722050617373776f7264223b5f5f63695f766172737c613a323a7b733a31333a226572726f725f6d657373616765223b733a333a226f6c64223b733a31333a22666c6173685f6d657373616765223b733a333a226f6c64223b7d6c6f67696e5f747970657c733a373a2274656163686572223b746561636865725f6c6f67696e7c733a313a2231223b746561636865725f69647c733a313a2231223b6c6f67696e5f757365725f69647c733a313a2231223b6e616d657c733a31353a2254657374696e672054656163686572223b666c6173685f6d6573736167657c733a31383a225375636365737366756c6c79204c6f67696e223b),
('b64504d1e0ef2eedb0b69c42848c1b70bc6d0f1a', '172.71.81.99', 1706684244, 0x5f5f63695f6c6173745f726567656e65726174657c693a313730363638343132353b6c6f67696e5f747970657c733a373a2273747564656e74223b61646d696e5f6c6f67696e7c733a313a2231223b61646d696e5f69647c733a313a2231223b6c6f67696e5f757365725f69647c733a323a223435223b6e616d657c733a31353a2254657374696e672053747564656e74223b73747564656e745f6c6f67696e7c733a313a2231223b73747564656e745f69647c733a323a223435223b666c6173685f6d6573736167657c733a32343a224e6f205175657374696f6e2049732050726573656e742021223b5f5f63695f766172737c613a313a7b733a31333a22666c6173685f6d657373616765223b733a333a226f6c64223b7d),
('b718fda9901a44128810c2eef52e0baa8da7ac11', '172.69.166.71', 1706797882, 0x5f5f63695f6c6173745f726567656e65726174657c693a313730363739373838323b6572726f725f6d6573736167657c733a32333a2257726f6e6720456d61696c204f722050617373776f7264223b5f5f63695f766172737c613a313a7b733a31333a226572726f725f6d657373616765223b733a333a226f6c64223b7d),
('ba0d82864f7ef5a6e55d2c4390d90700fa66456a', '172.69.202.108', 1706621893, 0x5f5f63695f6c6173745f726567656e65726174657c693a313730363632313839333b),
('bbca03640c73cca9bcefecdecad2fb093191fb83', '172.70.110.225', 1706629700, 0x5f5f63695f6c6173745f726567656e65726174657c693a313730363632393730303b6c6f67696e5f747970657c733a353a2261646d696e223b61646d696e5f6c6f67696e7c733a313a2231223b61646d696e5f69647c733a313a2231223b6c6f67696e5f757365725f69647c733a313a2231223b6e616d657c733a31333a2241646d696e6973747261746f72223b666c6173685f6d6573736167657c733a31383a225375636365737366756c6c79204c6f67696e223b5f5f63695f766172737c613a313a7b733a31333a22666c6173685f6d657373616765223b733a333a226e6577223b7d),
('bc9b3f904e20c2a6f64bf1eeb5b0d59987062021', '162.158.22.41', 1706630071, 0x5f5f63695f6c6173745f726567656e65726174657c693a313730363633303037313b6c6f67696e5f747970657c733a353a2261646d696e223b61646d696e5f6c6f67696e7c733a313a2231223b61646d696e5f69647c733a313a2231223b6c6f67696e5f757365725f69647c733a313a2231223b6e616d657c733a31333a2241646d696e6973747261746f72223b666c6173685f6d6573736167657c733a32333a225175697a204164646564205375636365737366756c6c79223b5f5f63695f766172737c613a323a7b733a31333a22666c6173685f6d657373616765223b733a333a226f6c64223b733a31333a226572726f725f6d657373616765223b733a333a226f6c64223b7d6572726f725f6d6573736167657c733a32333a2257726f6e6720456d61696c204f722050617373776f7264223b),
('bcdcf624660ee5831074defdfdd95618decb4bac', '172.71.81.67', 1706685156, 0x5f5f63695f6c6173745f726567656e65726174657c693a313730363638353135363b6c6f67696e5f747970657c733a373a2273747564656e74223b73747564656e745f6c6f67696e7c733a313a2231223b73747564656e745f69647c733a323a223435223b6c6f67696e5f757365725f69647c733a323a223435223b6e616d657c733a31353a2254657374696e672053747564656e74223b),
('bd03f6228ea6c1ccb54581805451506645c19662', '172.70.218.122', 1706620894, 0x5f5f63695f6c6173745f726567656e65726174657c693a313730363632303839343b),
('bd1658fc90c9b50e9bdc971fb7fa0134fd3d491a', '172.69.203.3', 1706622687, 0x5f5f63695f6c6173745f726567656e65726174657c693a313730363632323638373b6c6f67696e5f747970657c733a353a2261646d696e223b61646d696e5f6c6f67696e7c733a313a2231223b61646d696e5f69647c733a313a2231223b6c6f67696e5f757365725f69647c733a313a2231223b6e616d657c733a31333a2241646d696e6973747261746f72223b666c6173685f6d6573736167657c733a32333a225175697a204164646564205375636365737366756c6c79223b5f5f63695f766172737c613a313a7b733a31333a22666c6173685f6d657373616765223b733a333a226f6c64223b7d),
('bd71c1dfedd302f7f9817d4965134c22df2e2364', '172.68.39.184', 1706779333, 0x5f5f63695f6c6173745f726567656e65726174657c693a313730363737393333333b6c6f67696e5f747970657c733a353a2261646d696e223b61646d696e5f6c6f67696e7c733a313a2231223b61646d696e5f69647c733a313a2231223b6c6f67696e5f757365725f69647c733a313a2231223b6e616d657c733a31333a2241646d696e6973747261746f72223b666c6173685f6d6573736167657c733a31383a225375636365737366756c6c79204c6f67696e223b5f5f63695f766172737c613a313a7b733a31333a22666c6173685f6d657373616765223b733a333a226f6c64223b7d),
('be02d0a6cd07d9f15883cd99658c5e2a81f9f34d', '172.69.203.4', 1706786255, 0x5f5f63695f6c6173745f726567656e65726174657c693a313730363738363235353b6c6f67696e5f747970657c733a373a2273747564656e74223b73747564656e745f6c6f67696e7c733a313a2231223b73747564656e745f69647c733a323a223435223b6c6f67696e5f757365725f69647c733a323a223435223b6e616d657c733a31353a2254657374696e672053747564656e74223b),
('bf2q6drd4og4lc1t6qfbs2srrspmuf5k', '::1', 1706189418, 0x5f5f63695f6c6173745f726567656e65726174657c693a313730363138393431383b6c6f67696e5f747970657c733a353a2261646d696e223b61646d696e5f6c6f67696e7c733a313a2231223b61646d696e5f69647c733a313a2231223b6c6f67696e5f757365725f69647c733a313a2231223b6e616d657c733a31333a2241646d696e6973747261746f72223b666c6173685f6d6573736167657c733a31383a225375636365737366756c6c79204c6f67696e223b5f5f63695f766172737c613a313a7b733a31333a22666c6173685f6d657373616765223b733a333a226f6c64223b7d),
('bs1qgedb7rt2r7il0m9m1i1h9phc50jt', '::1', 1706187268, 0x5f5f63695f6c6173745f726567656e65726174657c693a313730363138373236383b6c6f67696e5f747970657c733a353a2261646d696e223b61646d696e5f6c6f67696e7c733a313a2231223b61646d696e5f69647c733a313a2231223b6c6f67696e5f757365725f69647c733a313a2231223b6e616d657c733a31333a2241646d696e6973747261746f72223b666c6173685f6d6573736167657c733a31383a225375636365737366756c6c79204c6f67696e223b5f5f63695f766172737c613a313a7b733a31333a22666c6173685f6d657373616765223b733a333a226f6c64223b7d),
('c230193fe57b4aae0b4e4175b2415bb5e042b0b7', '172.71.81.99', 1706609325, 0x5f5f63695f6c6173745f726567656e65726174657c693a313730363630393332353b),
('c2967a9d6dcfff72e3f2abf05575ee519db8e8fc', '172.71.81.131', 1706606562, 0x5f5f63695f6c6173745f726567656e65726174657c693a313730363630363536323b6c6f67696e5f747970657c733a353a2261646d696e223b61646d696e5f6c6f67696e7c733a313a2231223b61646d696e5f69647c733a313a2231223b6c6f67696e5f757365725f69647c733a313a2231223b6e616d657c733a31333a2241646d696e6973747261746f72223b666c6173685f6d6573736167657c733a31383a225375636365737366756c6c79204c6f67696e223b5f5f63695f766172737c613a313a7b733a31333a22666c6173685f6d657373616765223b733a333a226f6c64223b7d),
('c34110f2186932e06b09d01795021714265ab305', '172.70.93.34', 1706779062, 0x5f5f63695f6c6173745f726567656e65726174657c693a313730363737393036323b6c6f67696e5f747970657c733a373a2273747564656e74223b73747564656e745f6c6f67696e7c733a313a2231223b73747564656e745f69647c733a323a223435223b6c6f67696e5f757365725f69647c733a323a223435223b6e616d657c733a31353a2254657374696e672053747564656e74223b666c6173685f6d6573736167657c733a32343a224e6f205175657374696f6e2049732050726573656e742021223b5f5f63695f766172737c613a313a7b733a31333a22666c6173685f6d657373616765223b733a333a226f6c64223b7d),
('c435979abb19c5fd56c9c5314f31737d12cee0da', '172.69.202.99', 1706784832, 0x5f5f63695f6c6173745f726567656e65726174657c693a313730363738343833323b),
('c4b9a133dd4468f55e87103b9e6abd54bec985ac', '172.71.81.132', 1706684125, 0x5f5f63695f6c6173745f726567656e65726174657c693a313730363638343132353b6c6f67696e5f747970657c733a373a2273747564656e74223b61646d696e5f6c6f67696e7c733a313a2231223b61646d696e5f69647c733a313a2231223b6c6f67696e5f757365725f69647c733a323a223435223b6e616d657c733a31353a2254657374696e672053747564656e74223b73747564656e745f6c6f67696e7c733a313a2231223b73747564656e745f69647c733a323a223435223b),
('c76253dd8894fa33fded0493e4855c8cdaff036a', '172.69.202.99', 1706616061, 0x5f5f63695f6c6173745f726567656e65726174657c693a313730363631363036313b6c6f67696e5f747970657c733a353a2261646d696e223b61646d696e5f6c6f67696e7c733a313a2231223b61646d696e5f69647c733a313a2231223b6c6f67696e5f757365725f69647c733a313a2231223b6e616d657c733a31333a2241646d696e6973747261746f72223b),
('c7cfacff899b99c254921f8548dbd85a765262fd', '162.158.235.52', 1706616061, 0x5f5f63695f6c6173745f726567656e65726174657c693a313730363631363036313b6c6f67696e5f747970657c733a353a2261646d696e223b61646d696e5f6c6f67696e7c733a313a2231223b61646d696e5f69647c733a313a2231223b6c6f67696e5f757365725f69647c733a313a2231223b6e616d657c733a31333a2241646d696e6973747261746f72223b),
('cbpdt320o9n5kri5rbve0633lnr6knhs', '::1', 1705920058, 0x5f5f63695f6c6173745f726567656e65726174657c693a313730353932303033333b6572726f725f6d6573736167657c733a32333a2257726f6e6720456d61696c204f722050617373776f7264223b5f5f63695f766172737c613a313a7b733a31333a226572726f725f6d657373616765223b733a333a226f6c64223b7d),
('cd687cf99712210444f87a1f564e8f7fa1793e0d', '172.70.218.109', 1706604822, 0x5f5f63695f6c6173745f726567656e65726174657c693a313730363630343832323b6c6f67696e5f747970657c733a373a2273747564656e74223b73747564656e745f6c6f67696e7c733a313a2231223b73747564656e745f69647c733a323a223435223b6c6f67696e5f757365725f69647c733a323a223435223b6e616d657c733a31353a2254657374696e672053747564656e74223b),
('cdb18cc6001909e9d92e4f8fd6348ed8dd24a145', '172.71.202.16', 1706350749, 0x5f5f63695f6c6173745f726567656e65726174657c693a313730363335303734393b6c6f67696e5f747970657c733a353a2261646d696e223b61646d696e5f6c6f67696e7c733a313a2231223b61646d696e5f69647c733a313a2231223b6c6f67696e5f757365725f69647c733a313a2231223b6e616d657c733a31333a2241646d696e6973747261746f72223b666c6173685f6d6573736167657c733a31383a225375636365737366756c6c79204c6f67696e223b5f5f63695f766172737c613a313a7b733a31333a22666c6173685f6d657373616765223b733a333a226f6c64223b7d),
('ce7el7ul8eut79p71sps3m1otklr5kud', '::1', 1706184231, 0x5f5f63695f6c6173745f726567656e65726174657c693a313730363138343233313b6c6f67696e5f747970657c733a353a2261646d696e223b61646d696e5f6c6f67696e7c733a313a2231223b61646d696e5f69647c733a313a2231223b6c6f67696e5f757365725f69647c733a313a2231223b6e616d657c733a31333a2241646d696e6973747261746f72223b666c6173685f6d6573736167657c733a31383a225375636365737366756c6c79204c6f67696e223b5f5f63695f766172737c613a313a7b733a31333a22666c6173685f6d657373616765223b733a333a226f6c64223b7d),
('cf8a67d05b378e01b545cd8988208c9ca3efdc21', '172.69.202.98', 1706610090, 0x5f5f63695f6c6173745f726567656e65726174657c693a313730363631303038343b6c6f67696e5f747970657c733a373a2273747564656e74223b73747564656e745f6c6f67696e7c733a313a2231223b73747564656e745f69647c733a323a223435223b6c6f67696e5f757365725f69647c733a323a223435223b6e616d657c733a31353a2254657374696e672053747564656e74223b),
('cf9q16rnr6vg1qh5j2hkhv3c10iankkm', '::1', 1705669822, 0x5f5f63695f6c6173745f726567656e65726174657c693a313730353636393832323b),
('d00ced3ab73c5abdd4c1ae258c0f065b1dc72230', '141.101.69.101', 1706788782, 0x5f5f63695f6c6173745f726567656e65726174657c693a313730363738383738323b757365725f69647c693a313b66697273745f6e616d657c733a31353a22526168756c204d616e7774616b6172223b757365725f6e616d657c733a31313a225240474d41494c2e434f4d223b757365725f726f6c657c693a323b6c6f67696e5f747970657c733a353a2261646d696e223b61646d696e5f6c6f67696e7c733a313a2231223b61646d696e5f69647c733a313a2231223b6c6f67696e5f757365725f69647c733a313a2231223b6e616d657c733a31333a2241646d696e6973747261746f72223b),
('d158d3664f66baf42cd7a7883ba3db0df68de28f', '172.69.202.118', 1706612372, 0x5f5f63695f6c6173745f726567656e65726174657c693a313730363631323337323b6c6f67696e5f747970657c733a353a2261646d696e223b73747564656e745f6c6f67696e7c733a313a2231223b73747564656e745f69647c733a323a223435223b6c6f67696e5f757365725f69647c733a313a2231223b6e616d657c733a31333a2241646d696e6973747261746f72223b666c6173685f6d6573736167657c733a32353a22446174612055706461746564205375636365737366756c6c79223b5f5f63695f766172737c613a313a7b733a31333a22666c6173685f6d657373616765223b733a333a226f6c64223b7d61646d696e5f6c6f67696e7c733a313a2231223b61646d696e5f69647c733a313a2231223b),
('d2a6d69a8100f0c08f2841603123edf9f5bb36e6', '162.158.23.21', 1706630963, 0x5f5f63695f6c6173745f726567656e65726174657c693a313730363633303936333b6c6f67696e5f747970657c733a373a2273747564656e74223b73747564656e745f6c6f67696e7c733a313a2231223b73747564656e745f69647c733a323a223435223b6c6f67696e5f757365725f69647c733a323a223435223b6e616d657c733a31353a2254657374696e672053747564656e74223b),
('d2fada2877122e0491c45a055ac8944096208472', '172.71.186.36', 1706543965, 0x5f5f63695f6c6173745f726567656e65726174657c693a313730363534333936343b),
('d470133af973d680459607e8a36c99e9e2237683', '172.69.202.109', 1706792537, 0x5f5f63695f6c6173745f726567656e65726174657c693a313730363739323533373b6c6f67696e5f747970657c733a373a2273747564656e74223b73747564656e745f6c6f67696e7c733a313a2231223b73747564656e745f69647c733a323a223435223b6c6f67696e5f757365725f69647c733a323a223435223b6e616d657c733a31353a2254657374696e672053747564656e74223b),
('d5148d97b0828627ffccedd4b9427e25e722f241', '172.70.143.3', 1706679196, 0x5f5f63695f6c6173745f726567656e65726174657c693a313730363637393139363b6c6f67696e5f747970657c733a353a2261646d696e223b61646d696e5f6c6f67696e7c733a313a2231223b61646d696e5f69647c733a313a2231223b6c6f67696e5f757365725f69647c733a313a2231223b6e616d657c733a31333a2241646d696e6973747261746f72223b666c6173685f6d6573736167657c733a31383a225375636365737366756c6c79204c6f67696e223b5f5f63695f766172737c613a313a7b733a31333a22666c6173685f6d657373616765223b733a333a226f6c64223b7d),
('d6aec79e5841fa7c5f82a30836c77746758943e0', '172.69.202.98', 1706791967, 0x5f5f63695f6c6173745f726567656e65726174657c693a313730363739313936373b6c6f67696e5f747970657c733a353a2261646d696e223b61646d696e5f6c6f67696e7c733a313a2231223b61646d696e5f69647c733a313a2231223b6c6f67696e5f757365725f69647c733a313a2231223b6e616d657c733a31333a2241646d696e6973747261746f72223b),
('d72fef4f58f7797b94df7ad7cfc061f8b1b0eeb9', '172.71.81.28', 1706608567, 0x5f5f63695f6c6173745f726567656e65726174657c693a313730363630383536373b6c6f67696e5f747970657c733a353a2261646d696e223b61646d696e5f6c6f67696e7c733a313a2231223b61646d696e5f69647c733a313a2231223b6c6f67696e5f757365725f69647c733a313a2231223b6e616d657c733a31333a2241646d696e6973747261746f72223b),
('d7543cf360dfb60c7cae93985886e5978c5c1e4e', '162.158.163.179', 1706686471, 0x5f5f63695f6c6173745f726567656e65726174657c693a313730363638363437313b6c6f67696e5f747970657c733a373a2273747564656e74223b73747564656e745f6c6f67696e7c733a313a2231223b73747564656e745f69647c733a323a223435223b6c6f67696e5f757365725f69647c733a323a223435223b6e616d657c733a31353a2254657374696e672053747564656e74223b),
('d9321d24123454f78271deca7c2729ecdb3e131e', '172.69.202.98', 1706690651, 0x5f5f63695f6c6173745f726567656e65726174657c693a313730363639303635313b),
('da544208f4c56a24106008d5cf390273e2d9475d', '172.70.218.48', 1706789656, 0x5f5f63695f6c6173745f726567656e65726174657c693a313730363738393635363b6c6f67696e5f747970657c733a373a2273747564656e74223b73747564656e745f6c6f67696e7c733a313a2231223b73747564656e745f69647c733a323a223435223b6c6f67696e5f757365725f69647c733a323a223435223b6e616d657c733a31353a2254657374696e672053747564656e74223b),
('dc1e60940934d7fb991c952b45129b428e827788', '172.69.202.119', 1706623026, 0x5f5f63695f6c6173745f726567656e65726174657c693a313730363632333032363b6c6f67696e5f747970657c733a373a2273747564656e74223b73747564656e745f6c6f67696e7c733a313a2231223b73747564656e745f69647c733a323a223435223b6c6f67696e5f757365725f69647c733a323a223435223b6e616d657c733a31353a2254657374696e672053747564656e74223b),
('dd6754073972d5feed7849baf03ef3fc7c4922ea', '162.158.163.57', 1706602094, 0x5f5f63695f6c6173745f726567656e65726174657c693a313730363630323039343b6c6f67696e5f747970657c733a353a2261646d696e223b61646d696e5f6c6f67696e7c733a313a2231223b61646d696e5f69647c733a313a2231223b6c6f67696e5f757365725f69647c733a313a2231223b6e616d657c733a31333a2241646d696e6973747261746f72223b666c6173685f6d6573736167657c733a31383a225375636365737366756c6c79204c6f67696e223b5f5f63695f766172737c613a313a7b733a31333a22666c6173685f6d657373616765223b733a333a226f6c64223b7d),
('de8ac9c691b2b7c43e5aeb3dac53a3cf20e4bf7f', '172.69.202.119', 1706536265, 0x5f5f63695f6c6173745f726567656e65726174657c693a313730363533363236353b6c6f67696e5f747970657c733a353a2261646d696e223b61646d696e5f6c6f67696e7c733a313a2231223b61646d696e5f69647c733a313a2231223b6c6f67696e5f757365725f69647c733a313a2231223b6e616d657c733a31333a2241646d696e6973747261746f72223b),
('defe0c214bf3f0cff0133332cf7ea66f566a777f', '162.158.227.204', 1706612696, 0x5f5f63695f6c6173745f726567656e65726174657c693a313730363631323639363b6c6f67696e5f747970657c733a353a2261646d696e223b73747564656e745f6c6f67696e7c733a313a2231223b73747564656e745f69647c733a323a223435223b6c6f67696e5f757365725f69647c733a313a2231223b6e616d657c733a31333a2241646d696e6973747261746f72223b61646d696e5f6c6f67696e7c733a313a2231223b61646d696e5f69647c733a313a2231223b),
('df1d4febd07870ccd45762d5a60dac9608485bcf', '172.69.203.4', 1706607521, 0x5f5f63695f6c6173745f726567656e65726174657c693a313730363630373532313b6c6f67696e5f747970657c733a373a2273747564656e74223b61646d696e5f6c6f67696e7c733a313a2231223b61646d696e5f69647c733a313a2231223b6c6f67696e5f757365725f69647c733a323a223435223b6e616d657c733a31353a2254657374696e672053747564656e74223b757365725f69647c693a32353b66697273745f6e616d657c733a343a2274657374223b757365725f6e616d657c733a31393a22726974696b612e64407665657269742e636f6d223b757365725f726f6c657c693a323b73747564656e745f6c6f67696e7c733a313a2231223b73747564656e745f69647c733a323a223435223b),
('e1050721c192348a6a5a473ff4ae0408f828eaac', '162.158.23.21', 1706629283, 0x5f5f63695f6c6173745f726567656e65726174657c693a313730363632393037373b6c6f67696e5f747970657c733a353a2261646d696e223b61646d696e5f6c6f67696e7c733a313a2231223b61646d696e5f69647c733a313a2231223b6c6f67696e5f757365725f69647c733a313a2231223b6e616d657c733a31333a2241646d696e6973747261746f72223b666c6173685f6d6573736167657c733a31383a225375636365737366756c6c79204c6f67696e223b5f5f63695f766172737c613a313a7b733a31333a22666c6173685f6d657373616765223b733a333a226f6c64223b7d),
('e1094c6e963b0a2f56266b5f0f47f2f022694c97', '172.69.59.134', 1706690729, 0x5f5f63695f6c6173745f726567656e65726174657c693a313730363639303732393b),
('e1a7473fa55b84abd88dbc1d7b1fff6645726886', '172.68.39.133', 1706515786, 0x5f5f63695f6c6173745f726567656e65726174657c693a313730363531353533393b6c6f67696e5f747970657c733a353a2261646d696e223b61646d696e5f6c6f67696e7c733a313a2231223b61646d696e5f69647c733a313a2231223b6c6f67696e5f757365725f69647c733a313a2231223b6e616d657c733a31333a2241646d696e6973747261746f72223b),
('e2b25d35801f70026ab59f04a6a9c80557347517', '172.69.202.98', 1706794919, 0x5f5f63695f6c6173745f726567656e65726174657c693a313730363739343931393b),
('e2bih5p6qtoavh6vgh6uk6pgjc39ra1c', '::1', 1705670681, 0x5f5f63695f6c6173745f726567656e65726174657c693a313730353637303638313b),
('e4b94d77c07ce877771cc084a013287ff1d8768b', '172.69.202.99', 1706526201, 0x5f5f63695f6c6173745f726567656e65726174657c693a313730363532363230313b6c6f67696e5f747970657c733a353a2261646d696e223b61646d696e5f6c6f67696e7c733a313a2231223b61646d696e5f69647c733a313a2231223b6c6f67696e5f757365725f69647c733a313a2231223b6e616d657c733a31333a2241646d696e6973747261746f72223b),
('e5b80aec66c0b618bafa65c817f3ad95e554d566', '172.69.202.118', 1706529916, 0x5f5f63695f6c6173745f726567656e65726174657c693a313730363532393931363b6c6f67696e5f747970657c733a353a2261646d696e223b61646d696e5f6c6f67696e7c733a313a2231223b61646d696e5f69647c733a313a2231223b6c6f67696e5f757365725f69647c733a313a2231223b6e616d657c733a31333a2241646d696e6973747261746f72223b),
('e5b8c30ed5bed70303b8d6a2384e303746eb7c1f', '172.70.143.4', 1706681866, 0x5f5f63695f6c6173745f726567656e65726174657c693a313730363638313836363b6c6f67696e5f747970657c733a373a2273747564656e74223b73747564656e745f6c6f67696e7c733a313a2231223b73747564656e745f69647c733a323a223435223b6c6f67696e5f757365725f69647c733a323a223435223b6e616d657c733a31353a2254657374696e672053747564656e74223b666c6173685f6d6573736167657c733a31383a225375636365737366756c6c79204c6f67696e223b5f5f63695f766172737c613a313a7b733a31333a22666c6173685f6d657373616765223b733a333a226f6c64223b7d),
('e605dc79b51a87ffeb24969fa76bf9b088a6f142', '172.68.39.248', 1706527043, 0x5f5f63695f6c6173745f726567656e65726174657c693a313730363532373034333b6c6f67696e5f747970657c733a353a2261646d696e223b61646d696e5f6c6f67696e7c733a313a2231223b61646d696e5f69647c733a313a2231223b6c6f67696e5f757365725f69647c733a313a2231223b6e616d657c733a31333a2241646d696e6973747261746f72223b666c6173685f6d6573736167657c733a32353a22446174612044656c65746564205375636365737366756c6c79223b5f5f63695f766172737c613a313a7b733a31333a22666c6173685f6d657373616765223b733a333a226f6c64223b7d),
('e77228b270c9bc54c6dcef1b834715673a9ad88c', '162.158.227.205', 1706533638, 0x5f5f63695f6c6173745f726567656e65726174657c693a313730363533333633383b6c6f67696e5f747970657c733a353a2261646d696e223b61646d696e5f6c6f67696e7c733a313a2231223b61646d696e5f69647c733a313a2231223b6c6f67696e5f757365725f69647c733a313a2231223b6e616d657c733a31333a2241646d696e6973747261746f72223b),
('e7a0b97ae1267fbf3c09edb16e4b1dee4a71fa93', '172.69.202.98', 1706784806, 0x5f5f63695f6c6173745f726567656e65726174657c693a313730363738343830363b6c6f67696e5f747970657c733a373a2273747564656e74223b73747564656e745f6c6f67696e7c733a313a2231223b73747564656e745f69647c733a323a223435223b6c6f67696e5f757365725f69647c733a323a223435223b6e616d657c733a31353a2254657374696e672053747564656e74223b),
('e80ebc816ac9f31612b51cfa685ab6fa61b1b561', '162.158.155.157', 1706852622, 0x5f5f63695f6c6173745f726567656e65726174657c693a313730363835323632323b),
('ea024a7f402f1937f0faa477b50bf6dfba1a9b3b', '172.69.202.99', 1706525338, 0x5f5f63695f6c6173745f726567656e65726174657c693a313730363532353333383b6c6f67696e5f747970657c733a353a2261646d696e223b61646d696e5f6c6f67696e7c733a313a2231223b61646d696e5f69647c733a313a2231223b6c6f67696e5f757365725f69647c733a313a2231223b6e616d657c733a31333a2241646d696e6973747261746f72223b666c6173685f6d6573736167657c733a31383a225375636365737366756c6c79204c6f67696e223b5f5f63695f766172737c613a313a7b733a31333a22666c6173685f6d657373616765223b733a333a226f6c64223b7d),
('ea7837ce845d1fa1afd5cb4587afcb49fb05f21d', '172.69.203.3', 1706790138, 0x5f5f63695f6c6173745f726567656e65726174657c693a313730363739303133383b6c6f67696e5f747970657c733a353a2261646d696e223b61646d696e5f6c6f67696e7c733a313a2231223b61646d696e5f69647c733a313a2231223b6c6f67696e5f757365725f69647c733a313a2231223b6e616d657c733a31333a2241646d696e6973747261746f72223b),
('ea7f3bc8e2e21830f0d4477fa740c906feab5835', '162.158.162.87', 1706681869, 0x5f5f63695f6c6173745f726567656e65726174657c693a313730363638313836393b6c6f67696e5f747970657c733a373a2273747564656e74223b73747564656e745f6c6f67696e7c733a313a2231223b73747564656e745f69647c733a323a223435223b6c6f67696e5f757365725f69647c733a323a223435223b6e616d657c733a31353a2254657374696e672053747564656e74223b),
('ead9ed63e0e7e79f0432da48f72c5fc9a3e4f154', '172.70.143.132', 1706605929, 0x5f5f63695f6c6173745f726567656e65726174657c693a313730363630353932393b);
INSERT INTO `ci_sessions` (`id`, `ip_address`, `timestamp`, `data`) VALUES
('eaec55da08f6deab24893781d1cceb21b320b0d4', '172.69.202.119', 1706784201, 0x5f5f63695f6c6173745f726567656e65726174657c693a313730363738343230313b6c6f67696e5f747970657c733a353a2261646d696e223b61646d696e5f6c6f67696e7c733a313a2231223b61646d696e5f69647c733a313a2231223b6c6f67696e5f757365725f69647c733a313a2231223b6e616d657c733a31333a2241646d696e6973747261746f72223b),
('ed2fe422fabddfddf1ed565fbf57f003d14a65d3', '172.70.142.244', 1706606874, 0x5f5f63695f6c6173745f726567656e65726174657c693a313730363630363837343b6c6f67696e5f747970657c733a353a2261646d696e223b61646d696e5f6c6f67696e7c733a313a2231223b61646d696e5f69647c733a313a2231223b6c6f67696e5f757365725f69647c733a313a2231223b6e616d657c733a31333a2241646d696e6973747261746f72223b666c6173685f6d6573736167657c733a31383a225375636365737366756c6c79204c6f67696e223b5f5f63695f766172737c613a313a7b733a31333a22666c6173685f6d657373616765223b733a333a226f6c64223b7d),
('el69nea5pu9mrilp4bg1rbojhvii9al4', '::1', 1706189053, 0x5f5f63695f6c6173745f726567656e65726174657c693a313730363138393035333b6c6f67696e5f747970657c733a353a2261646d696e223b61646d696e5f6c6f67696e7c733a313a2231223b61646d696e5f69647c733a313a2231223b6c6f67696e5f757365725f69647c733a313a2231223b6e616d657c733a31333a2241646d696e6973747261746f72223b666c6173685f6d6573736167657c733a31383a225375636365737366756c6c79204c6f67696e223b5f5f63695f766172737c613a313a7b733a31333a22666c6173685f6d657373616765223b733a333a226f6c64223b7d),
('f1071922d9dddb377f8c8ef7c99857e520bffac2', '172.70.219.79', 1706785107, 0x5f5f63695f6c6173745f726567656e65726174657c693a313730363738353130373b6c6f67696e5f747970657c733a373a2273747564656e74223b73747564656e745f6c6f67696e7c733a313a2231223b73747564656e745f69647c733a323a223435223b6c6f67696e5f757365725f69647c733a323a223435223b6e616d657c733a31353a2254657374696e672053747564656e74223b),
('f3edf28b4ff0b9fbae8a2e24a1fc07a1489f88d4', '172.69.67.55', 1706515795, 0x5f5f63695f6c6173745f726567656e65726174657c693a313730363531353739353b),
('f5071309f872fc40ee2a06550621e9b9e93b651b', '172.70.218.191', 1706785826, 0x5f5f63695f6c6173745f726567656e65726174657c693a313730363738353832363b6c6f67696e5f747970657c733a373a2273747564656e74223b73747564656e745f6c6f67696e7c733a313a2231223b73747564656e745f69647c733a323a223435223b6c6f67696e5f757365725f69647c733a323a223435223b6e616d657c733a31353a2254657374696e672053747564656e74223b),
('f538112081bc4b53f2dc27bdb391d283105b2e92', '172.71.81.67', 1706687263, 0x5f5f63695f6c6173745f726567656e65726174657c693a313730363638373236333b6c6f67696e5f747970657c733a373a2273747564656e74223b73747564656e745f6c6f67696e7c733a313a2231223b73747564656e745f69647c733a323a223435223b6c6f67696e5f757365725f69647c733a323a223435223b6e616d657c733a31353a2254657374696e672053747564656e74223b),
('f5636b486eb21e87726ccfb83f5fd7240744dfdd', '172.68.39.199', 1706537590, 0x5f5f63695f6c6173745f726567656e65726174657c693a313730363533373538303b6c6f67696e5f747970657c733a353a2261646d696e223b61646d696e5f6c6f67696e7c733a313a2231223b61646d696e5f69647c733a313a2231223b6c6f67696e5f757365725f69647c733a313a2231223b6e616d657c733a31333a2241646d696e6973747261746f72223b666c6173685f6d6573736167657c733a31383a225375636365737366756c6c79204c6f67696e223b5f5f63695f766172737c613a313a7b733a31333a22666c6173685f6d657373616765223b733a333a226f6c64223b7d),
('f5b6fc4911ed8a2174bdf8c7f501c663c1f69ab7', '172.69.202.109', 1706796113, 0x5f5f63695f6c6173745f726567656e65726174657c693a313730363739363033363b6c6f67696e5f747970657c733a373a2274656163686572223b746561636865725f6c6f67696e7c733a313a2231223b746561636865725f69647c733a313a2231223b6c6f67696e5f757365725f69647c733a313a2231223b6e616d657c733a31353a2254657374696e672054656163686572223b666c6173685f6d6573736167657c733a31383a225375636365737366756c6c79204c6f67696e223b5f5f63695f766172737c613a313a7b733a31333a22666c6173685f6d657373616765223b733a333a226f6c64223b7d),
('f6209264834da587cf088dc47b34451af578840c', '172.70.143.45', 1706680651, 0x5f5f63695f6c6173745f726567656e65726174657c693a313730363638303635313b6c6f67696e5f747970657c733a373a2273747564656e74223b73747564656e745f6c6f67696e7c733a313a2231223b73747564656e745f69647c733a323a223435223b6c6f67696e5f757365725f69647c733a323a223435223b6e616d657c733a31353a2254657374696e672053747564656e74223b6572726f725f6d6573736167657c733a32343a22506c656173656e2053656c65637420536f6d657468696e67223b5f5f63695f766172737c613a313a7b733a31333a226572726f725f6d657373616765223b733a333a226f6c64223b7d),
('f6898274049f8e6d7e503b36abd3108b3ba82a9e', '172.69.202.99', 1706605997, 0x5f5f63695f6c6173745f726567656e65726174657c693a313730363630353939373b6c6f67696e5f747970657c733a353a2261646d696e223b61646d696e5f6c6f67696e7c733a313a2231223b61646d696e5f69647c733a313a2231223b6c6f67696e5f757365725f69647c733a313a2231223b6e616d657c733a31333a2241646d696e6973747261746f72223b),
('f95fbe5b82837dd1a6ad4d5f8aa79b0c7522f155', '172.71.81.132', 1706609491, 0x5f5f63695f6c6173745f726567656e65726174657c693a313730363630393439313b6c6f67696e5f747970657c733a353a2261646d696e223b61646d696e5f6c6f67696e7c733a313a2231223b61646d696e5f69647c733a313a2231223b6c6f67696e5f757365725f69647c733a313a2231223b6e616d657c733a31333a2241646d696e6973747261746f72223b),
('f995c4541101b27de1f7c919135cc0ba6d88b8f8', '172.71.198.114', 1706351096, 0x5f5f63695f6c6173745f726567656e65726174657c693a313730363335313039363b6c6f67696e5f747970657c733a353a2261646d696e223b61646d696e5f6c6f67696e7c733a313a2231223b61646d696e5f69647c733a313a2231223b6c6f67696e5f757365725f69647c733a313a2231223b6e616d657c733a31333a2241646d696e6973747261746f72223b666c6173685f6d6573736167657c733a31383a225375636365737366756c6c79204c6f67696e223b5f5f63695f766172737c613a313a7b733a31333a22666c6173685f6d657373616765223b733a333a226f6c64223b7d),
('f9ca5b44fa57884c60cc9567ecc70f3642e897a8', '172.69.202.99', 1706794019, 0x5f5f63695f6c6173745f726567656e65726174657c693a313730363739343031393b6c6f67696e5f747970657c733a373a2273747564656e74223b73747564656e745f6c6f67696e7c733a313a2231223b73747564656e745f69647c733a323a223435223b6c6f67696e5f757365725f69647c733a323a223435223b6e616d657c733a31353a2254657374696e672053747564656e74223b),
('fabd0e0dfb3a48a6e0a0aad4b0ea1cf518f12c80', '162.158.227.155', 1706789659, 0x5f5f63695f6c6173745f726567656e65726174657c693a313730363738393635393b),
('fca3ae53513831eff73a5fa386190a5c3599b1a8', '162.158.227.204', 1706529980, 0x5f5f63695f6c6173745f726567656e65726174657c693a313730363532393938303b),
('fda542992c6e0fdd0e549025f99d2e3f18b8e0d2', '172.70.143.133', 1706681802, 0x5f5f63695f6c6173745f726567656e65726174657c693a313730363638313830323b6c6f67696e5f747970657c733a353a2261646d696e223b61646d696e5f6c6f67696e7c733a313a2231223b61646d696e5f69647c733a313a2231223b6c6f67696e5f757365725f69647c733a313a2231223b6e616d657c733a31333a2241646d696e6973747261746f72223b666c6173685f6d6573736167657c733a32333a225175697a204164646564205375636365737366756c6c79223b5f5f63695f766172737c613a313a7b733a31333a22666c6173685f6d657373616765223b733a333a226f6c64223b7d),
('fe62f1454e90a82888cd447ed44d0c059efa4ac1', '141.101.68.72', 1706788478, 0x5f5f63695f6c6173745f726567656e65726174657c693a313730363738383437383b),
('ffof6sv787d3u7gs0u46mt7mr5a27kmp', '::1', 1706191549, 0x5f5f63695f6c6173745f726567656e65726174657c693a313730363139313534393b6c6f67696e5f747970657c733a353a2261646d696e223b61646d696e5f6c6f67696e7c733a313a2231223b61646d696e5f69647c733a313a2231223b6c6f67696e5f757365725f69647c733a313a2231223b6e616d657c733a31333a2241646d696e6973747261746f72223b666c6173685f6d6573736167657c733a31383a225375636365737366756c6c79204c6f67696e223b5f5f63695f766172737c613a313a7b733a31333a22666c6173685f6d657373616765223b733a333a226f6c64223b7d),
('hf5c4ltm4mbg7vckgue39ogfjasnjchv', '::1', 1705670128, 0x5f5f63695f6c6173745f726567656e65726174657c693a313730353637303132383b),
('hfu3bhjal99g8hdhvm58rjvitdu8mkq7', '::1', 1706190332, 0x5f5f63695f6c6173745f726567656e65726174657c693a313730363139303333323b6c6f67696e5f747970657c733a353a2261646d696e223b61646d696e5f6c6f67696e7c733a313a2231223b61646d696e5f69647c733a313a2231223b6c6f67696e5f757365725f69647c733a313a2231223b6e616d657c733a31333a2241646d696e6973747261746f72223b666c6173685f6d6573736167657c733a31383a225375636365737366756c6c79204c6f67696e223b5f5f63695f766172737c613a313a7b733a31333a22666c6173685f6d657373616765223b733a333a226f6c64223b7d),
('i06r1r9vau9eln97gbomlid4d2mknl76', '::1', 1706189968, 0x5f5f63695f6c6173745f726567656e65726174657c693a313730363138393936383b6c6f67696e5f747970657c733a353a2261646d696e223b61646d696e5f6c6f67696e7c733a313a2231223b61646d696e5f69647c733a313a2231223b6c6f67696e5f757365725f69647c733a313a2231223b6e616d657c733a31333a2241646d696e6973747261746f72223b666c6173685f6d6573736167657c733a31383a225375636365737366756c6c79204c6f67696e223b5f5f63695f766172737c613a313a7b733a31333a22666c6173685f6d657373616765223b733a333a226f6c64223b7d),
('jkm3a2c1c177an6qpf7h2gcvs00k72s5', '::1', 1706183396, 0x5f5f63695f6c6173745f726567656e65726174657c693a313730363138333336333b6c6f67696e5f747970657c733a353a2261646d696e223b61646d696e5f6c6f67696e7c733a313a2231223b61646d696e5f69647c733a313a2231223b6c6f67696e5f757365725f69647c733a313a2231223b6e616d657c733a31333a2241646d696e6973747261746f72223b666c6173685f6d6573736167657c733a31383a225375636365737366756c6c79204c6f67696e223b5f5f63695f766172737c613a313a7b733a31333a22666c6173685f6d657373616765223b733a333a226f6c64223b7d),
('m6kqk9bacf41nsnjjcf5akn4onnrill6', '::1', 1706177687, 0x5f5f63695f6c6173745f726567656e65726174657c693a313730363137373637373b6572726f725f6d6573736167657c733a32333a2257726f6e6720456d61696c204f722050617373776f7264223b5f5f63695f766172737c613a323a7b733a31333a226572726f725f6d657373616765223b733a333a226f6c64223b733a31333a22666c6173685f6d657373616765223b733a333a226f6c64223b7d6c6f67696e5f747970657c733a353a2261646d696e223b61646d696e5f6c6f67696e7c733a313a2231223b61646d696e5f69647c733a313a2231223b6c6f67696e5f757365725f69647c733a313a2231223b6e616d657c733a31333a2241646d696e6973747261746f72223b666c6173685f6d6573736167657c733a31383a225375636365737366756c6c79204c6f67696e223b),
('np1j7lvufktlnbepqiah5iv9ef2d9bgn', '::1', 1706344803, 0x5f5f63695f6c6173745f726567656e65726174657c693a313730363334343739373b6c6f67696e5f747970657c733a373a2273747564656e74223b73747564656e745f6c6f67696e7c733a313a2231223b73747564656e745f69647c733a323a223435223b6c6f67696e5f757365725f69647c733a323a223435223b6e616d657c733a31353a2254657374696e672053747564656e74223b666c6173685f6d6573736167657c733a31383a225375636365737366756c6c79204c6f67696e223b5f5f63695f766172737c613a313a7b733a31333a22666c6173685f6d657373616765223b733a333a226f6c64223b7d),
('p96r935gcerl1c4ja13nd0kap1ushpdp', '::1', 1706341219, 0x5f5f63695f6c6173745f726567656e65726174657c693a313730363334313231383b6c6f67696e5f747970657c733a353a2261646d696e223b61646d696e5f6c6f67696e7c733a313a2231223b61646d696e5f69647c733a313a2231223b6c6f67696e5f757365725f69647c733a313a2231223b6e616d657c733a31333a2241646d696e6973747261746f72223b666c6173685f6d6573736167657c733a31383a225375636365737366756c6c79204c6f67696e223b5f5f63695f766172737c613a313a7b733a31333a22666c6173685f6d657373616765223b733a333a226f6c64223b7d),
('pdehu8fg2li6bd74lrq4jn3cqfd4c9ri', '::1', 1705669062, 0x5f5f63695f6c6173745f726567656e65726174657c693a313730353636393036323b6572726f725f6d6573736167657c733a32333a2257726f6e6720456d61696c204f722050617373776f7264223b5f5f63695f766172737c613a323a7b733a31333a226572726f725f6d657373616765223b733a333a226f6c64223b733a31333a22666c6173685f6d657373616765223b733a333a226f6c64223b7d6c6f67696e5f747970657c733a373a2273747564656e74223b73747564656e745f6c6f67696e7c733a313a2231223b73747564656e745f69647c733a323a223435223b6c6f67696e5f757365725f69647c733a323a223435223b6e616d657c733a31353a2254657374696e672053747564656e74223b666c6173685f6d6573736167657c733a31383a225375636365737366756c6c79204c6f67696e223b),
('pvdudd7a9cphkdpc154sm3hf13qj6r3k', '::1', 1706178014, 0x5f5f63695f6c6173745f726567656e65726174657c693a313730363137383031343b6c6f67696e5f747970657c733a353a2261646d696e223b61646d696e5f6c6f67696e7c733a313a2231223b61646d696e5f69647c733a313a2231223b6c6f67696e5f757365725f69647c733a313a2231223b6e616d657c733a31333a2241646d696e6973747261746f72223b666c6173685f6d6573736167657c733a31383a225375636365737366756c6c79204c6f67696e223b5f5f63695f766172737c613a313a7b733a31333a22666c6173685f6d657373616765223b733a333a226f6c64223b7d),
('qdo9n82s9dh4acptq3605lg0ot5goufa', '::1', 1705670968, 0x5f5f63695f6c6173745f726567656e65726174657c693a313730353637303936383b),
('r3b8lcr026t46m6tvv8u847u0bh4gspj', '::1', 1705662148, 0x5f5f63695f6c6173745f726567656e65726174657c693a313730353636323030333b6572726f725f6d6573736167657c733a32333a2257726f6e6720456d61696c204f722050617373776f7264223b5f5f63695f766172737c613a323a7b733a31333a226572726f725f6d657373616765223b733a333a226f6c64223b733a31333a22666c6173685f6d657373616765223b733a333a226f6c64223b7d6c6f67696e5f747970657c733a353a2261646d696e223b61646d696e5f6c6f67696e7c733a313a2231223b61646d696e5f69647c733a313a2231223b6c6f67696e5f757365725f69647c733a313a2231223b6e616d657c733a31333a2241646d696e6973747261746f72223b666c6173685f6d6573736167657c733a31383a225375636365737366756c6c79204c6f67696e223b),
('rdi2s5mrend5hr97bsji692k40ajt6aa', '::1', 1706187638, 0x5f5f63695f6c6173745f726567656e65726174657c693a313730363138373633383b6c6f67696e5f747970657c733a353a2261646d696e223b61646d696e5f6c6f67696e7c733a313a2231223b61646d696e5f69647c733a313a2231223b6c6f67696e5f757365725f69647c733a313a2231223b6e616d657c733a31333a2241646d696e6973747261746f72223b666c6173685f6d6573736167657c733a31383a225375636365737366756c6c79204c6f67696e223b5f5f63695f766172737c613a313a7b733a31333a22666c6173685f6d657373616765223b733a333a226f6c64223b7d),
('ro61caej1gdlg0826q7ffjqgd78btrlk', '::1', 1706183908, 0x5f5f63695f6c6173745f726567656e65726174657c693a313730363138333930383b6c6f67696e5f747970657c733a353a2261646d696e223b61646d696e5f6c6f67696e7c733a313a2231223b61646d696e5f69647c733a313a2231223b6c6f67696e5f757365725f69647c733a313a2231223b6e616d657c733a31333a2241646d696e6973747261746f72223b666c6173685f6d6573736167657c733a31383a225375636365737366756c6c79204c6f67696e223b5f5f63695f766172737c613a313a7b733a31333a22666c6173685f6d657373616765223b733a333a226f6c64223b7d),
('se1pvdpa5tfbln70cvlja9h19mp35s3f', '::1', 1706341873, 0x5f5f63695f6c6173745f726567656e65726174657c693a313730363334313837333b6572726f725f6d6573736167657c733a32333a2257726f6e6720456d61696c204f722050617373776f7264223b5f5f63695f766172737c613a323a7b733a31333a226572726f725f6d657373616765223b733a333a226f6c64223b733a31333a22666c6173685f6d657373616765223b733a333a226f6c64223b7d6c6f67696e5f747970657c733a353a2261646d696e223b61646d696e5f6c6f67696e7c733a313a2231223b61646d696e5f69647c733a313a2231223b6c6f67696e5f757365725f69647c733a313a2231223b6e616d657c733a31333a2241646d696e6973747261746f72223b666c6173685f6d6573736167657c733a31383a225375636365737366756c6c79204c6f67696e223b),
('t1su2ggd3n96adhsfons3g8j3k7q8puh', '::1', 1705662705, 0x5f5f63695f6c6173745f726567656e65726174657c693a313730353636323730353b),
('tkrk8p00615opg8rt6l2hhqcc1ev601j', '::1', 1706183359, 0x5f5f63695f6c6173745f726567656e65726174657c693a313730363138333235353b6572726f725f6d6573736167657c733a32333a2257726f6e6720456d61696c204f722050617373776f7264223b5f5f63695f766172737c613a323a7b733a31333a226572726f725f6d657373616765223b733a333a226f6c64223b733a31333a22666c6173685f6d657373616765223b733a333a226f6c64223b7d6c6f67696e5f747970657c733a353a2261646d696e223b61646d696e5f6c6f67696e7c733a313a2231223b61646d696e5f69647c733a313a2231223b6c6f67696e5f757365725f69647c733a313a2231223b6e616d657c733a31333a2241646d696e6973747261746f72223b666c6173685f6d6573736167657c733a31383a225375636365737366756c6c79204c6f67696e223b),
('v4jvbp16v59k6s5vadd1bc930am7d1d9', '::1', 1706178068, 0x5f5f63695f6c6173745f726567656e65726174657c693a313730363137383031343b6c6f67696e5f747970657c733a353a2261646d696e223b61646d696e5f6c6f67696e7c733a313a2231223b61646d696e5f69647c733a313a2231223b6c6f67696e5f757365725f69647c733a313a2231223b6e616d657c733a31333a2241646d696e6973747261746f72223b666c6173685f6d6573736167657c733a31383a225375636365737366756c6c79204c6f67696e223b5f5f63695f766172737c613a313a7b733a31333a22666c6173685f6d657373616765223b733a333a226f6c64223b7d);

-- --------------------------------------------------------

--
-- Table structure for table `class`
--

CREATE TABLE `class` (
  `class_id` int(11) NOT NULL,
  `name` longtext CHARACTER SET utf8 COLLATE utf8_unicode_ci NOT NULL,
  `name_numeric` longtext CHARACTER SET utf8 COLLATE utf8_unicode_ci NOT NULL,
  `teacher_id` int(11) NOT NULL
) ENGINE=MyISAM DEFAULT CHARSET=latin1;

--
-- Dumping data for table `class`
--

INSERT INTO `class` (`class_id`, `name`, `name_numeric`, `teacher_id`) VALUES
(2, 'Nursery One', 'Nursery 1', 1),
(3, 'class 1', 'class 1', 1),
(5, 'JEE', 'jee ', 3),
(6, 'NEET', 'neet', 3);

-- --------------------------------------------------------

--
-- Table structure for table `classroom`
--

CREATE TABLE `classroom` (
  `id` int(11) NOT NULL,
  `classroom` varchar(255) COLLATE utf8_unicode_ci NOT NULL,
  `subclass` varchar(255) COLLATE utf8_unicode_ci NOT NULL,
  `date` varchar(255) COLLATE utf8_unicode_ci NOT NULL,
  `document` varchar(255) COLLATE utf8_unicode_ci NOT NULL,
  `created_date` datetime NOT NULL
) ENGINE=InnoDB DEFAULT CHARSET=utf8 COLLATE=utf8_unicode_ci;

-- --------------------------------------------------------

--
-- Table structure for table `club`
--

CREATE TABLE `club` (
  `club_id` int(11) NOT NULL,
  `club_name` longtext CHARACTER SET utf8 COLLATE utf8_unicode_ci NOT NULL,
  `desc` longtext CHARACTER SET utf8 COLLATE utf8_unicode_ci NOT NULL,
  `date` longtext CHARACTER SET utf8 COLLATE utf8_unicode_ci NOT NULL
) ENGINE=MyISAM DEFAULT CHARSET=latin1;

--
-- Dumping data for table `club`
--

INSERT INTO `club` (`club_id`, `club_name`, `desc`, `date`) VALUES
(1, 'Jet club', 'This is for those who love science.', '2019-08-25'),
(4, 'defgt', 'dsefg', '2023-12-13');

-- --------------------------------------------------------

--
-- Table structure for table `courses`
--

CREATE TABLE `courses` (
  `id` int(11) NOT NULL,
  `section` varchar(255) COLLATE utf8_unicode_ci NOT NULL,
  `title` varchar(255) COLLATE utf8_unicode_ci NOT NULL,
  `class_id` varchar(255) COLLATE utf8_unicode_ci NOT NULL,
  `batch` varchar(255) COLLATE utf8_unicode_ci NOT NULL,
  `target_year` varchar(255) COLLATE utf8_unicode_ci NOT NULL,
  `course_img` varchar(255) COLLATE utf8_unicode_ci NOT NULL,
  `created_date` datetime NOT NULL DEFAULT CURRENT_TIMESTAMP
) ENGINE=InnoDB DEFAULT CHARSET=utf8 COLLATE=utf8_unicode_ci;

--
-- Dumping data for table `courses`
--

INSERT INTO `courses` (`id`, `section`, `title`, `class_id`, `batch`, `target_year`, `course_img`, `created_date`) VALUES
(18, 'JEE', 'JEE Batch', '5', '2024-01-31', '2025', 'jee.jpg', '2024-01-30 22:56:38'),
(19, 'NEET', 'NEET Batch', '3', '2024-01-31', '2025', 'neet.jpg', '2024-01-30 22:57:06'),
(20, 'Foundation', 'Foundation Course', '3', '2024-01-31', '2025', 'foundation.png', '2024-02-01 05:17:15'),
(21, 'Foundation', 'Foundation Course', '3', '2024-01-31', '2024', 'fvd01.jpg', '2024-02-01 05:22:18'),
(22, 'JEE', 'JEE', '5', '2024-01-31', '2025', 'jee02.jpg', '2024-02-01 05:22:46'),
(23, 'JEE', 'JEE', '5', '2024-02-03', '2025', 'jee01.jpg', '2024-02-01 05:23:18'),
(24, 'NEET', 'NEET', '3', '2024-01-31', '2024', 'neet01.jpg', '2024-02-01 05:23:44'),
(25, 'JEE', 'JEE Batch', '5', '2024-01-31', '2025', 'jee03.jpg', '2024-02-01 06:07:01'),
(26, 'NEET', 'NEET Batch', '2', '2024-02-01', '2025', 'neet01.jpg', '2024-02-01 06:13:54');

-- --------------------------------------------------------

--
-- Table structure for table `department`
--

CREATE TABLE `department` (
  `department_id` int(11) NOT NULL,
  `name` longtext CHARACTER SET utf8 COLLATE utf8_unicode_ci NOT NULL,
  `department_code` longtext CHARACTER SET utf8 COLLATE utf8_unicode_ci NOT NULL
) ENGINE=MyISAM DEFAULT CHARSET=latin1;

--
-- Dumping data for table `department`
--

INSERT INTO `department` (`department_id`, `name`, `department_code`) VALUES
(2, 'Bursar', 'aed7c689d676c7c'),
(5, 'science', '1ff72b9a092b75a');

-- --------------------------------------------------------

--
-- Table structure for table `designation`
--

CREATE TABLE `designation` (
  `designation_id` int(11) NOT NULL,
  `name` longtext CHARACTER SET utf8 COLLATE utf8_unicode_ci NOT NULL,
  `department_id` int(11) NOT NULL
) ENGINE=MyISAM DEFAULT CHARSET=latin1;

--
-- Dumping data for table `designation`
--

INSERT INTO `designation` (`designation_id`, `name`, `department_id`) VALUES
(5, 'Tutorial', 2),
(4, 'Udemy', 2),
(6, 'Student', 2),
(14, 'adsgegg', 5);

-- --------------------------------------------------------

--
-- Table structure for table `dormitory`
--

CREATE TABLE `dormitory` (
  `dormitory_id` int(11) NOT NULL,
  `name` longtext CHARACTER SET utf8 COLLATE utf8_unicode_ci NOT NULL,
  `hostel_room_id` int(11) NOT NULL,
  `hostel_category_id` int(11) NOT NULL,
  `capacity` longtext CHARACTER SET utf8 COLLATE utf8_unicode_ci NOT NULL,
  `address` longtext CHARACTER SET utf8 COLLATE utf8_unicode_ci NOT NULL,
  `description` longtext CHARACTER SET utf8 COLLATE utf8_unicode_ci NOT NULL
) ENGINE=MyISAM DEFAULT CHARSET=latin1;

--
-- Dumping data for table `dormitory`
--

INSERT INTO `dormitory` (`dormitory_id`, `name`, `hostel_room_id`, `hostel_category_id`, `capacity`, `address`, `description`) VALUES
(2, 'Wiz Hostel', 2, 3, '200', 'Address for hostel location', 'Address for hostel location');

-- --------------------------------------------------------

--
-- Table structure for table `dosen`
--

CREATE TABLE `dosen` (
  `id_dosen` int(11) NOT NULL,
  `nip` char(12) NOT NULL,
  `nama_dosen` varchar(50) NOT NULL,
  `email` varchar(254) NOT NULL,
  `matkul_id` int(11) NOT NULL
) ENGINE=InnoDB DEFAULT CHARSET=latin1;

--
-- Dumping data for table `dosen`
--

INSERT INTO `dosen` (`id_dosen`, `nip`, `nama_dosen`, `email`, `matkul_id`) VALUES
(7, '62314546', 'Mark Cooper', 'mcooper@mail.com', 8);

-- --------------------------------------------------------

--
-- Table structure for table `enquiry`
--

CREATE TABLE `enquiry` (
  `enquiry_id` int(11) NOT NULL,
  `category` longtext CHARACTER SET utf8 COLLATE utf8_unicode_ci NOT NULL,
  `mobile` longtext CHARACTER SET utf8 COLLATE utf8_unicode_ci NOT NULL,
  `purpose` longtext CHARACTER SET utf8 COLLATE utf8_unicode_ci NOT NULL,
  `name` longtext CHARACTER SET utf8 COLLATE utf8_unicode_ci NOT NULL,
  `whom_to_meet` longtext CHARACTER SET utf8 COLLATE utf8_unicode_ci NOT NULL,
  `email` longtext CHARACTER SET utf8 COLLATE utf8_unicode_ci NOT NULL,
  `content` longtext CHARACTER SET utf8 COLLATE utf8_unicode_ci NOT NULL,
  `date` timestamp NOT NULL DEFAULT CURRENT_TIMESTAMP ON UPDATE CURRENT_TIMESTAMP
) ENGINE=MyISAM DEFAULT CHARSET=latin1;

-- --------------------------------------------------------

--
-- Table structure for table `enquiry_category`
--

CREATE TABLE `enquiry_category` (
  `enquiry_category_id` int(11) NOT NULL,
  `category` longtext CHARACTER SET utf8 COLLATE utf8_unicode_ci NOT NULL,
  `purpose` longtext CHARACTER SET utf8 COLLATE utf8_unicode_ci NOT NULL,
  `whom` longtext CHARACTER SET utf8 COLLATE utf8_unicode_ci NOT NULL
) ENGINE=MyISAM DEFAULT CHARSET=latin1;

--
-- Dumping data for table `enquiry_category`
--

INSERT INTO `enquiry_category` (`enquiry_category_id`, `category`, `purpose`, `whom`) VALUES
(3, 'This is for ID 3 information.', 'Payment', 'Tutorial'),
(4, 'This is Udemy Information', 'School fees information', 'Just edited now'),
(6, 'dfghj', 'deghj', 'efghju');

-- --------------------------------------------------------

--
-- Table structure for table `exam`
--

CREATE TABLE `exam` (
  `exam_id` int(11) NOT NULL,
  `name` longtext CHARACTER SET utf8 COLLATE utf8_unicode_ci NOT NULL,
  `comment` longtext CHARACTER SET utf8 COLLATE utf8_unicode_ci NOT NULL,
  `timestamp` longtext CHARACTER SET utf8 COLLATE utf8_unicode_ci NOT NULL
) ENGINE=MyISAM DEFAULT CHARSET=latin1;

--
-- Dumping data for table `exam`
--

INSERT INTO `exam` (`exam_id`, `name`, `comment`, `timestamp`) VALUES
(1, 'First Term Examination', 'First Ter
