-- phpMyAdmin SQL Dump
-- version 5.2.1
-- https://www.phpmyadmin.net/
--
-- Host: localhost:3306
-- Generation Time: Feb 01, 2024 at 11:07 PM
-- Server version: 5.7.43
-- PHP Version: 8.1.16

SET SQL_MODE = "NO_AUTO_VALUE_ON_ZERO";
START TRANSACTION;
SET time_zone = "+00:00";


/*!40101 SET @OLD_CHARACTER_SET_CLIENT=@@CHARACTER_SET_CLIENT */;
/*!40101 SET @OLD_CHARACTER_SET_RESULTS=@@CHARACTER_SET_RESULTS */;
/*!40101 SET @OLD_COLLATION_CONNECTION=@@COLLATION_CONNECTION */;
/*!40101 SET NAMES utf8mb4 */;

--
-- Database: `devveerit_open2`
--

-- --------------------------------------------------------

--
-- Table structure for table `academic_syllabus`
--

CREATE TABLE `academic_syllabus` (
  `id` int(11) NOT NULL,
  `academic_syllabus_code` longtext CHARACTER SET utf8 COLLATE utf8_unicode_ci NOT NULL,
  `title` longtext CHARACTER SET utf8 COLLATE utf8_unicode_ci NOT NULL,
  `class_id` int(11) NOT NULL,
  `subject_id` int(11) NOT NULL,
  `description` longtext CHARACTER SET utf8 COLLATE utf8_unicode_ci NOT NULL,
  `uploader_type` longtext CHARACTER SET utf8 COLLATE utf8_unicode_ci NOT NULL,
  `uploader_id` longtext CHARACTER SET utf8 COLLATE utf8_unicode_ci NOT NULL,
  `session` longtext CHARACTER SET utf8 COLLATE utf8_unicode_ci NOT NULL,
  `timestamp` int(11) NOT NULL,
  `file_name` longtext CHARACTER SET utf8 COLLATE utf8_unicode_ci NOT NULL
) ENGINE=MyISAM DEFAULT CHARSET=latin1;

--
-- Dumping data for table `academic_syllabus`
--

INSERT INTO `academic_syllabus` (`id`, `academic_syllabus_code`, `title`, `class_id`, `subject_id`, `description`, `uploader_type`, `uploader_id`, `session`, `timestamp`, `file_name`) VALUES
(4, 'c92aa3b', 'swegft', 2, 4, 'sdfgvhgj', 'admin', '1', '2019-2020', 1701157021, 'index.html'),
(5, 'ad5997a', 'esrdthyuj', 2, 4, 'wedtghyui', 'admin', '1', '2019-2020', 1702487540, 'customer-support.png');

-- --------------------------------------------------------

--
-- Table structure for table `activity`
--

CREATE TABLE `activity` (
  `activity_id` int(11) NOT NULL,
  `name` longtext CHARACTER SET utf8 COLLATE utf8_unicode_ci NOT NULL,
  `colour` longtext CHARACTER SET utf8 COLLATE utf8_unicode_ci NOT NULL,
  `icon` longtext CHARACTER SET utf8 COLLATE utf8_unicode_ci NOT NULL,
  `club_id` int(11) NOT NULL,
  `description` longtext CHARACTER SET utf8 COLLATE utf8_unicode_ci NOT NULL,
  `date` longtext CHARACTER SET utf8 COLLATE utf8_unicode_ci NOT NULL
) ENGINE=MyISAM DEFAULT CHARSET=latin1;

-- --------------------------------------------------------

--
-- Table structure for table `admin`
--

CREATE TABLE `admin` (
  `admin_id` int(11) NOT NULL,
  `name` longtext COLLATE utf8_unicode_ci NOT NULL,
  `email` longtext COLLATE utf8_unicode_ci NOT NULL,
  `phone` longtext COLLATE utf8_unicode_ci NOT NULL,
  `password` longtext COLLATE utf8_unicode_ci NOT NULL,
  `userfile` varchar(255) COLLATE utf8_unicode_ci NOT NULL,
  `level` longtext COLLATE utf8_unicode_ci NOT NULL,
  `login_status` longtext COLLATE utf8_unicode_ci NOT NULL
) ENGINE=InnoDB DEFAULT CHARSET=utf8 COLLATE=utf8_unicode_ci;

--
-- Dumping data for table `admin`
--

INSERT INTO `admin` (`admin_id`, `name`, `email`, `phone`, `password`, `userfile`, `level`, `login_status`) VALUES
(1, 'Administrator', 'admin@admin.com', '07133445656', 'f865b53623b121fd34ee5426c792e5c33af8c227', 'passport-photo.jpeg', '1', '0'),
(16, 'ankita', 'ankita@gmail.com', '9890987678', 'da54e6c92368d10baaca171faf8dad325c3542d3', '', '2', '0'),
(17, 'sudipa', 'sudipa@gmail.com', '8765432123', '42e6ea9c6e89fbac7d5fe72df4fbeabde334da9c', '', '2', '1');

-- --------------------------------------------------------

--
-- Table structure for table `admin_role`
--

CREATE TABLE `admin_role` (
  `admin_role_id` int(11) NOT NULL,
  `admin_id` int(11) NOT NULL,
  `dashboard` int(11) NOT NULL,
  `manage_academics` int(11) NOT NULL,
  `manage_employee` int(11) NOT NULL,
  `manage_meeting` int(11) NOT NULL,
  `manage_recorded_lecture` int(11) NOT NULL,
  `manage_student` int(11) NOT NULL,
  `manage_attendance` int(11) NOT NULL,
  `download_page` int(11) NOT NULL,
  `manage_parent` int(11) NOT NULL,
  `manage_alumni` int(11) NOT NULL,
  `manage_quiz` int(11) NOT NULL
) ENGINE=MyISAM DEFAULT CHARSET=latin1;

--
-- Dumping data for table `admin_role`
--

INSERT INTO `admin_role` (`admin_role_id`, `admin_id`, `dashboard`, `manage_academics`, `manage_employee`, `manage_meeting`, `manage_recorded_lecture`, `manage_student`, `manage_attendance`, `download_page`, `manage_parent`, `manage_alumni`, `manage_quiz`) VALUES
(4, 1, 1, 1, 1, 1, 1, 1, 1, 1, 1, 1, 1),
(7, 9, 1, 1, 1, 0, 0, 1, 1, 0, 0, 0, 0),
(8, 1, 1, 1, 1, 1, 0, 1, 1, 1, 1, 1, 1),
(9, 10, 1, 1, 1, 0, 0, 1, 1, 1, 1, 1, 0),
(10, 11, 1, 1, 0, 0, 0, 0, 0, 0, 0, 0, 0),
(11, 15, 0, 0, 0, 0, 0, 0, 0, 0, 0, 0, 0),
(12, 16, 1, 0, 0, 0, 0, 0, 0, 0, 0, 0, 0),
(13, 17, 0, 0, 0, 0, 0, 0, 0, 0, 0, 0, 1);

-- --------------------------------------------------------

--
-- Table structure for table `announcement`
--

CREATE TABLE `announcement` (
  `id` int(11) NOT NULL,
  `title` varchar(255) COLLATE utf8_unicode_ci NOT NULL,
  `announcement_img` varchar(255) COLLATE utf8_unicode_ci NOT NULL,
  `created_date` datetime NOT NULL DEFAULT CURRENT_TIMESTAMP
) ENGINE=InnoDB DEFAULT CHARSET=utf8 COLLATE=utf8_unicode_ci;

--
-- Dumping data for table `announcement`
--

INSERT INTO `announcement` (`id`, `title`, `announcement_img`, `created_date`) VALUES
(8, 'JEET/NEET Test Series', '1702101097815841.jpg', '2024-01-16 14:06:34');

-- --------------------------------------------------------

--
-- Table structure for table `assignment`
--

CREATE TABLE `assignment` (
  `assignment_id` int(11) NOT NULL,
  `name` longtext CHARACTER SET utf8 COLLATE utf8_unicode_ci NOT NULL,
  `subject_id` int(11) NOT NULL,
  `class_id` int(11) NOT NULL,
  `teacher_id` int(11) NOT NULL,
  `description` longtext CHARACTER SET utf8 COLLATE utf8_unicode_ci NOT NULL,
  `file_name` longtext CHARACTER SET utf8 COLLATE utf8_unicode_ci NOT NULL,
  `file_type` longtext CHARACTER SET utf8 COLLATE utf8_unicode_ci NOT NULL,
  `timestamp` longtext CHARACTER SET utf8 COLLATE utf8_unicode_ci NOT NULL
) ENGINE=MyISAM DEFAULT CHARSET=latin1;

--
-- Dumping data for table `assignment`
--

INSERT INTO `assignment` (`assignment_id`, `name`, `subject_id`, `class_id`, `teacher_id`, `description`, `file_name`, `file_type`, `timestamp`) VALUES
(1, 'Assignment for Nursery One', 4, 2, 1, 'DESC', 'invoice.docx', 'pdf', '2018-08-19');

-- --------------------------------------------------------

--
-- Table structure for table `attendance`
--

CREATE TABLE `attendance` (
  `attendance_id` int(11) NOT NULL,
  `status` int(11) NOT NULL COMMENT '0 undefined , 1 present , 2  absent, 3 holiday, 4 half day, 5 late',
  `student_id` int(11) NOT NULL,
  `date` date NOT NULL,
  `session` longtext CHARACTER SET utf8 COLLATE utf8_unicode_ci NOT NULL
) ENGINE=InnoDB DEFAULT CHARSET=latin1;

--
-- Dumping data for table `attendance`
--

INSERT INTO `attendance` (`attendance_id`, `status`, `student_id`, `date`, `session`) VALUES
(39, 1, 45, '2019-12-20', ''),
(40, 1, 45, '2019-12-22', ''),
(41, 1, 45, '2021-12-02', ''),
(42, 2, 45, '2021-12-03', ''),
(43, 4, 45, '2023-11-28', ''),
(44, 0, 45, '2024-01-12', '');

-- --------------------------------------------------------

--
-- Table structure for table `bank`
--

CREATE TABLE `bank` (
  `bank_id` int(11) NOT NULL,
  `account_holder_name` longtext CHARACTER SET utf8 COLLATE utf8_unicode_ci NOT NULL,
  `account_number` longtext CHARACTER SET utf8 COLLATE utf8_unicode_ci NOT NULL,
  `bank_name` longtext CHARACTER SET utf8 COLLATE utf8_unicode_ci NOT NULL,
  `branch` longtext CHARACTER SET utf8 COLLATE utf8_unicode_ci NOT NULL
) ENGINE=MyISAM DEFAULT CHARSET=latin1;

--
-- Dumping data for table `bank`
--

INSERT INTO `bank` (`bank_id`, `account_holder_name`, `account_number`, `bank_name`, `branch`) VALUES
(2, 'Udemy Instructor', '1234567', 'Payoneer or paypal', 'USA'),
(3, 'Udemy Instructor', '1234567', 'Payoneer or paypal', 'USA'),
(4, 'Udemy Instructor', '1234567', 'Payoneer or paypal', 'USA'),
(5, 'ANKITA', '88765443212345', 'BOI', 'Reshimbag'),
(6, 'ASDFGH', 'SDFGH', 'SDXFCG', 'XDFDGH');

-- --------------------------------------------------------

--
-- Table structure for table `book`
--

CREATE TABLE `book` (
  `book_id` int(11) NOT NULL,
  `name` longtext CHARACTER SET utf8 COLLATE utf8_unicode_ci NOT NULL,
  `description` longtext CHARACTER SET utf8 COLLATE utf8_unicode_ci NOT NULL,
  `author_id` int(11) NOT NULL,
  `publisher_id` int(11) NOT NULL,
  `book_category_id` int(11) NOT NULL,
  `isbn` longtext CHARACTER SET utf8 COLLATE utf8_unicode_ci NOT NULL,
  `edition` longtext CHARACTER SET utf8 COLLATE utf8_unicode_ci NOT NULL,
  `subject_id` int(11) NOT NULL,
  `quantity` longtext CHARACTER SET utf8 COLLATE utf8_unicode_ci NOT NULL,
  `timestamp` int(11) NOT NULL,
  `class_id` int(11) NOT NULL,
  `status` varchar(255) CHARACTER SET utf8 COLLATE utf8_unicode_ci NOT NULL,
  `price` varchar(255) CHARACTER SET utf8 COLLATE utf8_unicode_ci NOT NULL
) ENGINE=MyISAM DEFAULT CHARSET=latin1;

--
-- Dumping data for table `book`
--

INSERT INTO `book` (`book_id`, `name`, `description`, `author_id`, `publisher_id`, `book_category_id`, `isbn`, `edition`, `subject_id`, `quantity`, `timestamp`, `class_id`, `status`, `price`) VALUES
(1, 'Advance Java.', 'This is the newly released book by Sheg', 2, 1, 2, 'DS34FD', '1st', 0, '1', 1576951200, 2, '1', '200'),
(2, 'Python', 'Python', 2, 1, 2, 'DS34FD', '1st', 4, '2', 1574186400, 2, '2', '500');

-- --------------------------------------------------------

--
-- Table structure for table `book_category`
--

CREATE TABLE `book_category` (
  `book_category_id` int(11) NOT NULL,
  `name` longtext CHARACTER SET utf8 COLLATE utf8_unicode_ci NOT NULL,
  `description` longtext CHARACTER SET utf8 COLLATE utf8_unicode_ci NOT NULL
) ENGINE=MyISAM DEFAULT CHARSET=latin1;

--
-- Dumping data for table `book_category`
--

INSERT INTO `book_category` (`book_category_id`, `name`, `description`) VALUES
(2, 'Non fictional.', 'This is another non-fictional book');

-- --------------------------------------------------------

--
-- Table structure for table `circular`
--

CREATE TABLE `circular` (
  `circular_id` int(11) NOT NULL,
  `title` longtext CHARACTER SET utf8 COLLATE utf8_unicode_ci NOT NULL,
  `reference` longtext CHARACTER SET utf8 COLLATE utf8_unicode_ci NOT NULL,
  `content` longtext CHARACTER SET utf8 COLLATE utf8_unicode_ci NOT NULL,
  `date` longtext CHARACTER SET utf8 COLLATE utf8_unicode_ci NOT NULL
) ENGINE=MyISAM DEFAULT CHARSET=latin1;

--
-- Dumping data for table `circular`
--

INSERT INTO `circular` (`circular_id`, `title`, `reference`, `content`, `date`) VALUES
(2, 'Meeting for all the members of the school', 'DF46SFGH', 'This is for all the teaching staff. Ensure you are all present.', '2018-08-24');

-- --------------------------------------------------------

--
-- Table structure for table `ci_sessions`
--

CREATE TABLE `ci_sessions` (
  `id` varchar(40) COLLATE utf8_unicode_ci NOT NULL,
  `ip_address` varchar(45) COLLATE utf8_unicode_ci NOT NULL,
  `timestamp` int(10) UNSIGNED NOT NULL DEFAULT '0',
  `data` blob NOT NULL
) ENGINE=InnoDB DEFAULT CHARSET=utf8 COLLATE=utf8_unicode_ci;

--
-- Dumping data for table `ci_sessions`
--

INSERT INTO `ci_sessions` (`id`, `ip_address`, `timestamp`, `data`) VALUES
('000b2696c05fac2ebdd99f1ea8ce39242b8397d8', '172.69.202.118', 1706789321, 0x5f5f63695f6c6173745f726567656e65726174657c693a313730363738393332313b6c6f67696e5f747970657c733a353a2261646d696e223b61646d696e5f6c6f67696e7c733a313a2231223b61646d696e5f69647c733a313a2231223b6c6f67696e5f757365725f69647c733a313a2231223b6e616d657c733a31333a2241646d696e6973747261746f72223b),
('02221c12180aded61ed1db80a5048b35b79db231', '172.69.202.99', 1706686565, 0x5f5f63695f6c6173745f726567656e65726174657c693a313730363638363536353b6c6f67696e5f747970657c733a373a2273747564656e74223b73747564656e745f6c6f67696e7c733a313a2231223b73747564656e745f69647c733a323a223435223b6c6f67696e5f757365725f69647c733a323a223435223b6e616d657c733a31353a2254657374696e672053747564656e74223b666c6173685f6d6573736167657c733a32343a224e6f205175657374696f6e2049732050726573656e742021223b5f5f63695f766172737c613a323a7b733a31333a22666c6173685f6d657373616765223b733a333a226f6c64223b733a31333a226572726f725f6d657373616765223b733a333a226f6c64223b7d6572726f725f6d6573736167657c733a32343a22506c656173656e2053656c65637420536f6d657468696e67223b),
('02a09b76ffa6345b47047f5876560b9c4e222d33', '162.158.227.198', 1706611263, 0x5f5f63695f6c6173745f726567656e65726174657c693a313730363631313139313b6c6f67696e5f747970657c733a353a2261646d696e223b61646d696e5f6c6f67696e7c733a313a2231223b61646d696e5f69647c733a313a2231223b6c6f67696e5f757365725f69647c733a313a2231223b6e616d657c733a31333a2241646d696e6973747261746f72223b666c6173685f6d6573736167657c733a32333a225175697a204164646564205375636365737366756c6c79223b5f5f63695f766172737c613a313a7b733a31333a22666c6173685f6d657373616765223b733a333a226f6c64223b7d),
('02a6f9da467fdded3f2cd48050f46ec18b03db2b', '172.69.202.99', 1706786228, 0x5f5f63695f6c6173745f726567656e65726174657c693a313730363738363232383b6c6f67696e5f747970657c733a353a2261646d696e223b61646d696e5f6c6f67696e7c733a313a2231223b61646d696e5f69647c733a313a2231223b6c6f67696e5f757365725f69647c733a313a2231223b6e616d657c733a31333a2241646d696e6973747261746f72223b),
('03574475eed979adec9045f763f55c339da34cda', '172.69.202.119', 1706621317, 0x5f5f63695f6c6173745f726567656e65726174657c693a313730363632313038363b6c6f67696e5f747970657c733a373a2273747564656e74223b73747564656e745f6c6f67696e7c733a313a2231223b73747564656e745f69647c733a323a223435223b6c6f67696e5f757365725f69647c733a323a223435223b6e616d657c733a31353a2254657374696e672053747564656e74223b),
('0574dcc95eb44138b5600178ffb90a661d371864', '172.69.203.4', 1706786190, 0x5f5f63695f6c6173745f726567656e65726174657c693a313730363738363139303b),
('072f84709f79238425f154ee5e6badc39620aadb', '172.71.81.99', 1706682185, 0x5f5f63695f6c6173745f726567656e65726174657c693a313730363638323138353b6c6f67696e5f747970657c733a373a2273747564656e74223b73747564656e745f6c6f67696e7c733a313a2231223b73747564656e745f69647c733a323a223435223b6c6f67696e5f757365725f69647c733a323a223435223b6e616d657c733a31353a2254657374696e672053747564656e74223b),
('07b5a69b3c0999b4871ab1b2ef844099cdba2d38', '172.68.39.185', 1706599730, 0x5f5f63695f6c6173745f726567656e65726174657c693a313730363539393733303b6c6f67696e5f747970657c733a373a2273747564656e74223b73747564656e745f6c6f67696e7c733a313a2231223b73747564656e745f69647c733a323a223435223b6c6f67696e5f757365725f69647c733a323a223435223b6e616d657c733a31353a2254657374696e672053747564656e74223b757365725f69647c693a32343b66697273745f6e616d657c733a343a2274657374223b757365725f6e616d657c733a31393a22726974696b612e64407665657269742e636f6d223b757365725f726f6c657c693a323b),
('07d1ihrdnkv6sf7219m70ig269vn7f1q', '::1', 1706342319, 0x5f5f63695f6c6173745f726567656e65726174657c693a313730363334323331393b6572726f725f6d6573736167657c733a32333a2257726f6e6720456d61696c204f722050617373776f7264223b5f5f63695f766172737c613a323a7b733a31333a226572726f725f6d657373616765223b733a333a226f6c64223b733a31333a22666c6173685f6d657373616765223b733a333a226f6c64223b7d6c6f67696e5f747970657c733a353a2261646d696e223b61646d696e5f6c6f67696e7c733a313a2231223b61646d696e5f69647c733a313a2231223b6c6f67696e5f757365725f69647c733a313a2231223b6e616d657c733a31333a2241646d696e6973747261746f72223b666c6173685f6d6573736167657c733a31383a225375636365737366756c6c79204c6f67696e223b),
('087b064657a10b7bff06f8afa315f8ec6aa20ed1', '172.71.81.28', 1706680525, 0x5f5f63695f6c6173745f726567656e65726174657c693a313730363638303532353b6c6f67696e5f747970657c733a353a2261646d696e223b61646d696e5f6c6f67696e7c733a313a2231223b61646d696e5f69647c733a313a2231223b6c6f67696e5f757365725f69647c733a313a2231223b6e616d657c733a31333a2241646d696e6973747261746f72223b),
('098167afa345b1dacfffacae195655209c710d9b', '172.70.219.79', 1706612281, 0x5f5f63695f6c6173745f726567656e65726174657c693a313730363631323238313b),
('0992d379812ce51f14f3d72a1994b1717f191485', '172.69.202.98', 1706616132, 0x5f5f63695f6c6173745f726567656e65726174657c693a313730363631363133323b6c6f67696e5f747970657c733a353a2261646d696e223b61646d696e5f6c6f67696e7c733a313a2231223b61646d696e5f69647c733a313a2231223b6c6f67696e5f757365725f69647c733a313a2231223b6e616d657c733a31333a2241646d696e6973747261746f72223b666c6173685f6d6573736167657c733a31383a225375636365737366756c6c79204c6f67696e223b5f5f63695f766172737c613a313a7b733a31333a22666c6173685f6d657373616765223b733a333a226f6c64223b7d),
('09d17cae4f2f9e694b2d610c83773ff275e6da69', '172.69.202.119', 1706529057, 0x5f5f63695f6c6173745f726567656e65726174657c693a313730363532383738333b),
('0b21f7e4a2ec36a8efca7fb6f144d60ed21100d7', '172.69.202.119', 1706622655, 0x5f5f63695f6c6173745f726567656e65726174657c693a313730363632323631353b6c6f67696e5f747970657c733a373a2273747564656e74223b73747564656e745f6c6f67696e7c733a313a2231223b73747564656e745f69647c733a323a223435223b6c6f67696e5f757365725f69647c733a323a223435223b6e616d657c733a31353a2254657374696e672053747564656e74223b666c6173685f6d6573736167657c733a32343a224e6f205175657374696f6e2049732050726573656e742021223b5f5f63695f766172737c613a313a7b733a31333a22666c6173685f6d657373616765223b733a333a226f6c64223b7d),
('0b30b982dbb3098a6ecb5e082a9d5939c81d1b3a', '172.69.202.98', 1706612342, 0x5f5f63695f6c6173745f726567656e65726174657c693a313730363631323238313b),
('0b6eb59a2df65bf021418f4201387b7d70758432', '172.69.119.145', 1706852644, 0x5f5f63695f6c6173745f726567656e65726174657c693a313730363835323634343b),
('0be445c93c5ede1d29dfcf005e304249125a0e31', '172.69.202.109', 1706789664, 0x5f5f63695f6c6173745f726567656e65726174657c693a313730363738393636343b6c6f67696e5f747970657c733a353a2261646d696e223b61646d696e5f6c6f67696e7c733a313a2231223b61646d696e5f69647c733a313a2231223b6c6f67696e5f757365725f69647c733a313a2231223b6e616d657c733a31333a2241646d696e6973747261746f72223b666c6173685f6d6573736167657c733a31383a225375636365737366756c6c79204c6f67696e223b5f5f63695f766172737c613a313a7b733a31333a22666c6173685f6d657373616765223b733a333a226f6c64223b7d),
('0c6b63b5ecc8735f2ba2640822b35c4b4b6cd303', '162.158.23.7', 1706788454, 0x5f5f63695f6c6173745f726567656e65726174657c693a313730363738383435343b757365725f69647c693a313b66697273745f6e616d657c733a31353a22526168756c204d616e7774616b6172223b757365725f6e616d657c733a31313a225240474d41494c2e434f4d223b757365725f726f6c657c693a323b6c6f67696e5f747970657c733a353a2261646d696e223b61646d696e5f6c6f67696e7c733a313a2231223b61646d696e5f69647c733a313a2231223b6c6f67696e5f757365725f69647c733a313a2231223b6e616d657c733a31333a2241646d696e6973747261746f72223b666c6173685f6d6573736167657c733a32333a225175697a204164646564205375636365737366756c6c79223b5f5f63695f766172737c613a313a7b733a31333a22666c6173685f6d657373616765223b733a333a226f6c64223b7d),
('0d730424edeb12f2a64dd872e8b8fc3c4b54f114', '172.71.81.131', 1706686005, 0x5f5f63695f6c6173745f726567656e65726174657c693a313730363638363030353b6c6f67696e5f747970657c733a373a2273747564656e74223b73747564656e745f6c6f67696e7c733a313a2231223b73747564656e745f69647c733a323a223435223b6c6f67696e5f757365725f69647c733a323a223435223b6e616d657c733a31353a2254657374696e672053747564656e74223b666c6173685f6d6573736167657c733a32343a224e6f205175657374696f6e2049732050726573656e742021223b5f5f63695f766172737c613a313a7b733a31333a22666c6173685f6d657373616765223b733a333a226f6c64223b7d),
('0ee2a601074b3e29c0f34c6081d97deaf083365d', '172.69.202.119', 1706691222, 0x5f5f63695f6c6173745f726567656e65726174657c693a313730363639313232323b6c6f67696e5f747970657c733a373a2273747564656e74223b73747564656e745f6c6f67696e7c733a313a2231223b73747564656e745f69647c733a323a223435223b6c6f67696e5f757365725f69647c733a323a223435223b6e616d657c733a31353a2254657374696e672053747564656e74223b666c6173685f6d6573736167657c733a32343a224e6f205175657374696f6e2049732050726573656e742021223b5f5f63695f766172737c613a313a7b733a31333a22666c6173685f6d657373616765223b733a333a226e6577223b7d),
('11486cacc5800cf7d49dbb9ce2e395773b0a826e', '172.70.143.17', 1706685181, 0x5f5f63695f6c6173745f726567656e65726174657c693a313730363638353138313b6c6f67696e5f747970657c733a353a2261646d696e223b61646d696e5f6c6f67696e7c733a313a2231223b61646d696e5f69647c733a313a2231223b6c6f67696e5f757365725f69647c733a313a2231223b6e616d657c733a31333a2241646d696e6973747261746f72223b666c6173685f6d6573736167657c733a32333a225175697a204164646564205375636365737366756c6c79223b5f5f63695f766172737c613a313a7b733a31333a22666c6173685f6d657373616765223b733a333a226f6c64223b7d),
('11f8b1cbdaa3df6c7d18be3bbc2230f8fb376441', '172.70.218.185', 1706793044, 0x5f5f63695f6c6173745f726567656e65726174657c693a313730363739333034343b6c6f67696e5f747970657c733a373a2273747564656e74223b73747564656e745f6c6f67696e7c733a313a2231223b73747564656e745f69647c733a323a223435223b6c6f67696e5f757365725f69647c733a323a223435223b6e616d657c733a31353a2254657374696e672053747564656e74223b),
('1213fdfddecb7ce4418eadae90c205333832125d', '172.70.93.35', 1706783847, 0x5f5f63695f6c6173745f726567656e65726174657c693a313730363738333834373b6c6f67696e5f747970657c733a353a2261646d696e223b61646d696e5f6c6f67696e7c733a313a2231223b61646d696e5f69647c733a313a2231223b6c6f67696e5f757365725f69647c733a313a2231223b6e616d657c733a31333a2241646d696e6973747261746f72223b666c6173685f6d6573736167657c733a32333a225175697a204164646564205375636365737366756c6c79223b5f5f63695f766172737c613a313a7b733a31333a22666c6173685f6d657373616765223b733a333a226f6c64223b7d),
('12c003336e75b009257bbcee50b2fa64f1921ed8', '172.69.203.4', 1706683112, 0x5f5f63695f6c6173745f726567656e65726174657c693a313730363638333131323b6c6f67696e5f747970657c733a373a2273747564656e74223b73747564656e745f6c6f67696e7c733a313a2231223b73747564656e745f69647c733a323a223435223b6c6f67696e5f757365725f69647c733a323a223435223b6e616d657c733a31353a2254657374696e672053747564656e74223b),
('133d297c1a4f4e2734156391d205f8e780fcbe9a', '172.69.202.108', 1706784265, 0x5f5f63695f6c6173745f726567656e65726174657c693a313730363738343236353b6c6f67696e5f747970657c733a373a2273747564656e74223b73747564656e745f6c6f67696e7c733a313a2231223b73747564656e745f69647c733a323a223435223b6c6f67696e5f757365725f69647c733a323a223435223b6e616d657c733a31353a2254657374696e672053747564656e74223b),
('143fb3cacb98d28d80f8576814117ff47a3d6cc4', '172.69.202.108', 1706792770, 0x5f5f63695f6c6173745f726567656e65726174657c693a313730363739323737303b6c6f67696e5f747970657c733a353a2261646d696e223b61646d696e5f6c6f67696e7c733a313a2231223b61646d696e5f69647c733a313a2231223b6c6f67696e5f757365725f69647c733a313a2231223b6e616d657c733a31333a2241646d696e6973747261746f72223b666c6173685f6d6573736167657c733a32333a225175697a204164646564205375636365737366756c6c79223b5f5f63695f766172737c613a313a7b733a31333a22666c6173685f6d657373616765223b733a333a226f6c64223b7d),
('1620aeac77eb45368ba610c4838116e5d491acdb', '172.69.202.98', 1706790405, 0x5f5f63695f6c6173745f726567656e65726174657c693a313730363739303430353b6c6f67696e5f747970657c733a373a2273747564656e74223b73747564656e745f6c6f67696e7c733a313a2231223b73747564656e745f69647c733a323a223435223b6c6f67696e5f757365725f69647c733a323a223435223b6e616d657c733a31353a2254657374696e672053747564656e74223b),
('16a1149fabb2aae4b4360215f979fd2097a2a493', '172.69.202.98', 1706792193, 0x5f5f63695f6c6173745f726567656e65726174657c693a313730363739323139333b6c6f67696e5f747970657c733a353a2261646d696e223b61646d696e5f6c6f67696e7c733a313a2231223b61646d696e5f69647c733a313a2231223b6c6f67696e5f757365725f69647c733a313a2231223b6e616d657c733a31333a2241646d696e6973747261746f72223b666c6173685f6d6573736167657c733a32333a225175697a204164646564205375636365737366756c6c79223b5f5f63695f766172737c613a313a7b733a31333a22666c6173685f6d657373616765223b733a333a226f6c64223b7d),
('174c27b3f18c42d8078f7d4330037a138ae9b4e3', '172.70.218.170', 1706529803, 0x5f5f63695f6c6173745f726567656e65726174657c693a313730363532393830333b6c6f67696e5f747970657c733a353a2261646d696e223b61646d696e5f6c6f67696e7c733a313a2231223b61646d696e5f69647c733a313a2231223b6c6f67696e5f757365725f69647c733a313a2231223b6e616d657c733a31333a2241646d696e6973747261746f72223b),
('18d0338fe283ec865502c9c8d9e257011ac8e5ca', '162.158.106.52', 1706598871, 0x5f5f63695f6c6173745f726567656e65726174657c693a313730363539383837313b),
('195a22f8983a11c439d6ae859bed624cc8f30008', '172.69.202.98', 1706622615, 0x5f5f63695f6c6173745f726567656e65726174657c693a313730363632323631353b),
('1a00e4cca7d2aa374004b9527ce53f01a964f5ee', '162.158.159.32', 1706631004, 0x5f5f63695f6c6173745f726567656e65726174657c693a313730363633303936333b6c6f67696e5f747970657c733a373a2273747564656e74223b73747564656e745f6c6f67696e7c733a313a2231223b73747564656e745f69647c733a323a223435223b6c6f67696e5f757365725f69647c733a323a223435223b6e616d657c733a31353a2254657374696e672053747564656e74223b),
('1a458bbb358c170b8445b29c4fd7a4dabe7c6a62', '172.69.202.98', 1706793562, 0x5f5f63695f6c6173745f726567656e65726174657c693a313730363739333536323b6c6f67696e5f747970657c733a373a2273747564656e74223b73747564656e745f6c6f67696e7c733a313a2231223b73747564656e745f69647c733a323a223435223b6c6f67696e5f757365725f69647c733a323a223435223b6e616d657c733a31353a2254657374696e672053747564656e74223b666c6173685f6d6573736167657c733a31383a225375636365737366756c6c79204c6f67696e223b5f5f63695f766172737c613a313a7b733a31333a22666c6173685f6d657373616765223b733a333a226f6c64223b7d),
('1a61d9ac8448abf136377bd9f9cad3260ef969b3', '172.70.126.16', 1706614830, 0x5f5f63695f6c6173745f726567656e65726174657c693a313730363631343833303b),
('1a7e5cc64b42b74a26294568797818d1985b9b9b', '162.158.170.36', 1706597827, 0x5f5f63695f6c6173745f726567656e65726174657c693a313730363539373832373b6c6f67696e5f747970657c733a373a2273747564656e74223b73747564656e745f6c6f67696e7c733a313a2231223b73747564656e745f69647c733a323a223435223b6c6f67696e5f757365725f69647c733a323a223435223b6e616d657c733a31353a2254657374696e672053747564656e74223b666c6173685f6d6573736167657c733a31383a225375636365737366756c6c79204c6f67696e223b5f5f63695f766172737c613a313a7b733a31333a22666c6173685f6d657373616765223b733a333a226f6c64223b7d),
('1b87e446bac7c8b17537a5416294b1b4a672d161', '172.69.202.108', 1706621338, 0x5f5f63695f6c6173745f726567656e65726174657c693a313730363632313333383b6c6f67696e5f747970657c733a353a2261646d696e223b61646d696e5f6c6f67696e7c733a313a2231223b61646d696e5f69647c733a313a2231223b6c6f67696e5f757365725f69647c733a313a2231223b6e616d657c733a31333a2241646d696e6973747261746f72223b666c6173685f6d6573736167657c733a31383a225375636365737366756c6c79204c6f67696e223b5f5f63695f766172737c613a313a7b733a31333a22666c6173685f6d657373616765223b733a333a226f6c64223b7d),
('1d15e4cc87e4e412ed519d00f4d6bfba0447a737', '172.69.202.109', 1706799311, 0x5f5f63695f6c6173745f726567656e65726174657c693a313730363739393331313b6572726f725f6d6573736167657c733a32333a2257726f6e6720456d61696c204f722050617373776f7264223b5f5f63695f766172737c613a313a7b733a31333a226572726f725f6d657373616765223b733a333a226f6c64223b7d),
('1d88030052637ffb53eb4c61ba1dc36fadf14b78', '172.69.202.118', 1706537544, 0x5f5f63695f6c6173745f726567656e65726174657c693a313730363533373534343b6c6f67696e5f747970657c733a353a2261646d696e223b61646d696e5f6c6f67696e7c733a313a2231223b61646d696e5f69647c733a313a2231223b6c6f67696e5f757365725f69647c733a313a2231223b6e616d657c733a31333a2241646d696e6973747261746f72223b),
('1dj3j571vhqsel13k4bhi6st03tfatkr', '::1', 1705665149, 0x5f5f63695f6c6173745f726567656e65726174657c693a313730353636353134393b6c6f67696e5f747970657c733a353a2261646d696e223b61646d696e5f6c6f67696e7c733a313a2231223b61646d696e5f69647c733a313a2231223b6c6f67696e5f757365725f69647c733a313a2231223b6e616d657c733a31333a2241646d696e6973747261746f72223b666c6173685f6d6573736167657c733a31383a225375636365737366756c6c79204c6f67696e223b5f5f63695f766172737c613a313a7b733a31333a22666c6173685f6d657373616765223b733a333a226f6c64223b7d),
('1e03427273e98e7ba2fa18729b80d8539ab55aac', '162.158.48.13', 1706528752, 0x5f5f63695f6c6173745f726567656e65726174657c693a313730363532383735323b6c6f67696e5f747970657c733a353a2261646d696e223b61646d696e5f6c6f67696e7c733a313a2231223b61646d696e5f69647c733a313a2231223b6c6f67696e5f757365725f69647c733a313a2231223b6e616d657c733a31333a2241646d696e6973747261746f72223b666c6173685f6d6573736167657c733a32353a22446174612044656c65746564205375636365737366756c6c79223b5f5f63695f766172737c613a313a7b733a31333a22666c6173685f6d657373616765223b733a333a226f6c64223b7d),
('1e32a2517c729eb10611ee337f1772dd847a1220', '172.69.165.40', 1706686781, 0x5f5f63695f6c6173745f726567656e65726174657c693a313730363638363738313b),
('201bdfa732002cf0222cfcc3c748a79363e05c8d', '172.70.230.157', 1706788138, 0x5f5f63695f6c6173745f726567656e65726174657c693a313730363738383133383b),
('2033d50a3f3255af76eb6e6ff356e414b93f8b11', '162.158.163.178', 1706682849, 0x5f5f63695f6c6173745f726567656e65726174657c693a313730363638323834393b6c6f67696e5f747970657c733a353a2261646d696e223b61646d696e5f6c6f67696e7c733a313a2231223b61646d696e5f69647c733a313a2231223b6c6f67696e5f757365725f69647c733a313a2231223b6e616d657c733a31333a2241646d696e6973747261746f72223b666c6173685f6d6573736167657c733a32333a225175697a204164646564205375636365737366756c6c79223b5f5f63695f766172737c613a313a7b733a31333a22666c6173685f6d657373616765223b733a333a226f6c64223b7d),
('208bbc652e046e7ef524dcc42d283fd68559b2aa', '172.69.202.108', 1706596810, 0x5f5f63695f6c6173745f726567656e65726174657c693a313730363539363831303b6c6f67696e5f747970657c733a353a2261646d696e223b61646d696e5f6c6f67696e7c733a313a2231223b61646d696e5f69647c733a313a2231223b6c6f67696e5f757365725f69647c733a313a2231223b6e616d657c733a31333a2241646d696e6973747261746f72223b666c6173685f6d6573736167657c733a31383a225375636365737366756c6c79204c6f67696e223b5f5f63695f766172737c613a313a7b733a31333a22666c6173685f6d657373616765223b733a333a226f6c64223b7d),
('2105aeb034a0da8b9e508d69d6c0b64bcd108428', '162.158.163.207', 1706610084, 0x5f5f63695f6c6173745f726567656e65726174657c693a313730363631303038343b6c6f67696e5f747970657c733a373a2273747564656e74223b73747564656e745f6c6f67696e7c733a313a2231223b73747564656e745f69647c733a323a223435223b6c6f67696e5f757365725f69647c733a323a223435223b6e616d657c733a31353a2254657374696e672053747564656e74223b),
('21637044ba0a0d6351d325d40c677c1011b319ea', '172.69.202.119', 1706600042, 0x5f5f63695f6c6173745f726567656e65726174657c693a313730363630303034323b6c6f67696e5f747970657c733a373a2273747564656e74223b73747564656e745f6c6f67696e7c733a313a2231223b73747564656e745f69647c733a323a223435223b6c6f67696e5f757365725f69647c733a323a223435223b6e616d657c733a31353a2254657374696e672053747564656e74223b757365725f69647c693a32343b66697273745f6e616d657c733a343a2274657374223b757365725f6e616d657c733a31393a22726974696b612e64407665657269742e636f6d223b757365725f726f6c657c693a323b),
('218fc96b85b840e9464510e4abc69ccd77cac452', '172.69.119.68', 1706853235, 0x5f5f63695f6c6173745f726567656e65726174657c693a313730363835333132373b6c6f67696e5f747970657c733a373a2273747564656e74223b73747564656e745f6c6f67696e7c733a313a2231223b73747564656e745f69647c733a323a223435223b6c6f67696e5f757365725f69647c733a323a223435223b6e616d657c733a31353a2254657374696e672053747564656e74223b),
('2201e8a2109add736be0199f3c21bef86e02c25e', '172.70.219.80', 1706610147, 0x5f5f63695f6c6173745f726567656e65726174657c693a313730363631303134373b6c6f67696e5f747970657c733a353a2261646d696e223b61646d696e5f6c6f67696e7c733a313a2231223b61646d696e5f69647c733a313a2231223b6c6f67696e5f757365725f69647c733a313a2231223b6e616d657c733a31333a2241646d696e6973747261746f72223b666c6173685f6d6573736167657c733a31383a225375636365737366756c6c79204c6f67696e223b5f5f63695f766172737c613a313a7b733a31333a22666c6173685f6d657373616765223b733a333a226f6c64223b7d),
('2343dac94bd7a7e1c5a713018767d70de576e1c5', '172.69.202.119', 1706605660, 0x5f5f63695f6c6173745f726567656e65726174657c693a313730363630353636303b6c6f67696e5f747970657c733a353a2261646d696e223b61646d696e5f6c6f67696e7c733a313a2231223b61646d696e5f69647c733a313a2231223b6c6f67696e5f757365725f69647c733a313a2231223b6e616d657c733a31333a2241646d696e6973747261746f72223b666c6173685f6d6573736167657c733a31383a225375636365737366756c6c79204c6f67696e223b5f5f63695f766172737c613a313a7b733a31333a22666c6173685f6d657373616765223b733a333a226f6c64223b7d),
('242totu334oattchoskihasf0ea813n7', '::1', 1706186943, 0x5f5f63695f6c6173745f726567656e65726174657c693a313730363138363934333b6c6f67696e5f747970657c733a353a2261646d696e223b61646d696e5f6c6f67696e7c733a313a2231223b61646d696e5f69647c733a313a2231223b6c6f67696e5f757365725f69647c733a313a2231223b6e616d657c733a31333a2241646d696e6973747261746f72223b666c6173685f6d6573736167657c733a31383a225375636365737366756c6c79204c6f67696e223b5f5f63695f766172737c613a313a7b733a31333a22666c6173685f6d657373616765223b733a333a226f6c64223b7d),
('2849c2c61a3ce888d1b2e538453c0a3e97b87dde', '172.71.31.23', 1706690331, 0x5f5f63695f6c6173745f726567656e65726174657c693a313730363639303333313b),
('29586bac5687e3abacf50cdbcc138b57526cbe11', '172.69.202.108', 1706606818, 0x5f5f63695f6c6173745f726567656e65726174657c693a313730363630363831383b6c6f67696e5f747970657c733a353a2261646d696e223b61646d696e5f6c6f67696e7c733a313a2231223b61646d696e5f69647c733a313a2231223b6c6f67696e5f757365725f69647c733a313a2231223b6e616d657c733a31333a2241646d696e6973747261746f72223b),
('2a14e7f7387608b796aa9d2ad92cb711cc405fd3', '172.70.218.123', 1706789770, 0x5f5f63695f6c6173745f726567656e65726174657c693a313730363738393737303b6c6f67696e5f747970657c733a373a2273747564656e74223b73747564656e745f6c6f67696e7c733a313a2231223b73747564656e745f69647c733a323a223435223b6c6f67696e5f757365725f69647c733a323a223435223b6e616d657c733a31353a2254657374696e672053747564656e74223b),
('2d09itojoen0qdmlhvaud8c5gqo4bkuu', '::1', 1706338591, 0x5f5f63695f6c6173745f726567656e65726174657c693a313730363333383539313b6c6f67696e5f747970657c733a353a2261646d696e223b61646d696e5f6c6f67696e7c733a313a2231223b61646d696e5f69647c733a313a2231223b6c6f67696e5f757365725f69647c733a313a2231223b6e616d657c733a31333a2241646d696e6973747261746f72223b666c6173685f6d6573736167657c733a31383a225375636365737366756c6c79204c6f67696e223b5f5f63695f766172737c613a313a7b733a31333a22666c6173685f6d657373616765223b733a333a226f6c64223b7d),
('2d16d6fcded0e4bef093760c53a60de9603e0573', '172.69.165.36', 1706685480, 0x5f5f63695f6c6173745f726567656e65726174657c693a313730363638353438303b6c6f67696e5f747970657c733a373a2273747564656e74223b73747564656e745f6c6f67696e7c733a313a2231223b73747564656e745f69647c733a323a223435223b6c6f67696e5f757365725f69647c733a323a223435223b6e616d657c733a31353a2254657374696e672053747564656e74223b),
('2e0f8d91238e2e7a5e0bcee8bf7a8178f41caa46', '172.70.189.174', 1706610449, 0x5f5f63695f6c6173745f726567656e65726174657c693a313730363631303434393b6c6f67696e5f747970657c733a353a2261646d696e223b61646d696e5f6c6f67696e7c733a313a2231223b61646d696e5f69647c733a313a2231223b6c6f67696e5f757365725f69647c733a313a2231223b6e616d657c733a31333a2241646d696e6973747261746f72223b666c6173685f6d6573736167657c733a32333a225175697a204164646564205375636365737366756c6c79223b5f5f63695f766172737c613a313a7b733a31333a22666c6173685f6d657373616765223b733a333a226f6c64223b7d),
('2f0a8d2fd301ea2e0d200b8d598a6d3787c3c859', '172.69.202.108', 1706606070, 0x5f5f63695f6c6173745f726567656e65726174657c693a313730363630363037303b6c6f67696e5f747970657c733a373a2273747564656e74223b73747564656e745f6c6f67696e7c733a313a2231223b73747564656e745f69647c733a323a223435223b6c6f67696e5f757365725f69647c733a323a223435223b6e616d657c733a31353a2254657374696e672053747564656e74223b),
('2iuiqer4muv82mbodd6polmd7pbgh7nt', '::1', 1705668743, 0x5f5f63695f6c6173745f726567656e65726174657c693a313730353636383734333b6572726f725f6d6573736167657c733a32333a2257726f6e6720456d61696c204f722050617373776f7264223b5f5f63695f766172737c613a323a7b733a31333a226572726f725f6d657373616765223b733a333a226f6c64223b733a31333a22666c6173685f6d657373616765223b733a333a226f6c64223b7d6c6f67696e5f747970657c733a373a2273747564656e74223b73747564656e745f6c6f67696e7c733a313a2231223b73747564656e745f69647c733a323a223435223b6c6f67696e5f757365725f69647c733a323a223435223b6e616d657c733a31353a2254657374696e672053747564656e74223b666c6173685f6d6573736167657c733a31383a225375636365737366756c6c79204c6f67696e223b),
('2kfj4tf697st702shumcvvnsndpfle52', '::1', 1706191835, 0x5f5f63695f6c6173745f726567656e65726174657c693a313730363139313534393b6c6f67696e5f747970657c733a353a2261646d696e223b61646d696e5f6c6f67696e7c733a313a2231223b61646d696e5f69647c733a313a2231223b6c6f67696e5f757365725f69647c733a313a2231223b6e616d657c733a31333a2241646d696e6973747261746f72223b666c6173685f6d6573736167657c733a31383a225375636365737366756c6c79204c6f67696e223b5f5f63695f766172737c613a313a7b733a31333a22666c6173685f6d657373616765223b733a333a226f6c64223b7d),
('2ou3jsmsqriqqp8uq9l716469gjseibr', '::1', 1706177677, 0x5f5f63695f6c6173745f726567656e65726174657c693a313730363137373637373b6572726f725f6d6573736167657c733a32333a2257726f6e6720456d61696c204f722050617373776f7264223b5f5f63695f766172737c613a323a7b733a31333a226572726f725f6d657373616765223b733a333a226f6c64223b733a31333a22666c6173685f6d657373616765223b733a333a226f6c64223b7d6c6f67696e5f747970657c733a353a2261646d696e223b61646d696e5f6c6f67696e7c733a313a2231223b61646d696e5f69647c733a313a2231223b6c6f67696e5f757365725f69647c733a313a2231223b6e616d657c733a31333a2241646d696e6973747261746f72223b666c6173685f6d6573736167657c733a31383a225375636365737366756c6c79204c6f67696e223b),
('30e2f5e56628a659ce160d1d6c718d94a90d1625', '172.70.143.75', 1706609131, 0x5f5f63695f6c6173745f726567656e65726174657c693a313730363630393038313b6572726f725f6d6573736167657c733a32333a2257726f6e6720456d61696c204f722050617373776f7264223b5f5f63695f766172737c613a323a7b733a31333a226572726f725f6d657373616765223b733a333a226f6c64223b733a31333a22666c6173685f6d657373616765223b733a333a226f6c64223b7d6c6f67696e5f747970657c733a373a2273747564656e74223b73747564656e745f6c6f67696e7c733a313a2231223b73747564656e745f69647c733a323a223435223b6c6f67696e5f757365725f69647c733a323a223435223b6e616d657c733a31353a2254657374696e672053747564656e74223b666c6173685f6d6573736167657c733a31383a225375636365737366756c6c79204c6f67696e223b),
('30kd2gcej34s9qkk8n7lhus0kfgdiom3', '::1', 1705664811, 0x5f5f63695f6c6173745f726567656e65726174657c693a313730353636343831313b6c6f67696e5f747970657c733a353a2261646d696e223b61646d696e5f6c6f67696e7c733a313a2231223b61646d696e5f69647c733a313a2231223b6c6f67696e5f757365725f69647c733a313a2231223b6e616d657c733a31333a2241646d696e6973747261746f72223b666c6173685f6d6573736167657c733a31383a225375636365737366756c6c79204c6f67696e223b5f5f63695f766172737c613a313a7b733a31333a22666c6173685f6d657373616765223b733a333a226f6c64223b7d),
('3114b4ad0dd291efd540b09bc5bf534e5e781971', '172.69.202.119', 1706609356, 0x5f5f63695f6c6173745f726567656e65726174657c693a313730363630393335363b6c6f67696e5f747970657c733a353a2261646d696e223b61646d696e5f6c6f67696e7c733a313a2231223b61646d696e5f69647c733a313a2231223b6c6f67696e5f757365725f69647c733a313a2231223b6e616d657c733a31333a2241646d696e6973747261746f72223b),
('31cbf26deb2848dba92cb2cbee51ac8f67e3dd8a', '172.69.59.133', 1706614795, 0x5f5f63695f6c6173745f726567656e65726174657c693a313730363631343739353b),
('31e3d861e89f61a353bc14cdcb3f3305d1ae533a', '172.70.131.32', 1706614742, 0x5f5f63695f6c6173745f726567656e65726174657c693a313730363631343734323b),
('33eec6c3845e3e636494b6aa56979e0e559e7878', '172.69.202.108', 1706623026, 0x5f5f63695f6c6173745f726567656e65726174657c693a313730363632333032363b6c6f67696e5f747970657c733a373a2273747564656e74223b73747564656e745f6c6f67696e7c733a313a2231223b73747564656e745f69647c733a323a223435223b6c6f67696e5f757365725f69647c733a323a223435223b6e616d657c733a31353a2254657374696e672053747564656e74223b),
('36ed14c04aa7f5b247d0ff3ee2f67696d27c42ce', '162.158.162.224', 1706687577, 0x5f5f63695f6c6173745f726567656e65726174657c693a313730363638373332313b6c6f67696e5f747970657c733a353a2261646d696e223b61646d696e5f6c6f67696e7c733a313a2231223b61646d696e5f69647c733a313a2231223b6c6f67696e5f757365725f69647c733a313a2231223b6e616d657c733a31333a2241646d696e6973747261746f72223b666c6173685f6d6573736167657c733a32333a225175697a204164646564205375636365737366756c6c79223b5f5f63695f766172737c613a313a7b733a31333a22666c6173685f6d657373616765223b733a333a226f6c64223b7d),
('37e48ad9664fd1de6e82bf9c03841061f0ca428a', '172.69.202.98', 1706681200, 0x5f5f63695f6c6173745f726567656e65726174657c693a313730363638313230303b6c6f67696e5f747970657c733a373a2273747564656e74223b73747564656e745f6c6f67696e7c733a313a2231223b73747564656e745f69647c733a323a223435223b6c6f67696e5f757365725f69647c733a323a223435223b6e616d657c733a31353a2254657374696e672053747564656e74223b),
('38ab397768cceb71346b28264dda0970ee480a0b', '172.69.202.99', 1706799502, 0x5f5f63695f6c6173745f726567656e65726174657c693a313730363739393530323b),
('38v7mjrt2ffmrbqrvitd4jur1q26sr1g', '::1', 1705669445, 0x5f5f63695f6c6173745f726567656e65726174657c693a313730353636393434353b),
('3900beaf095187846aa27fc1754d96e5bebb4cf3', '172.70.218.170', 1706529365, 0x5f5f63695f6c6173745f726567656e65726174657c693a313730363532393336353b6c6f67696e5f747970657c733a353a2261646d696e223b61646d696e5f6c6f67696e7c733a313a2231223b61646d696e5f69647c733a313a2231223b6c6f67696e5f757365725f69647c733a313a2231223b6e616d657c733a31333a2241646d696e6973747261746f72223b),
('3aeab377f7593c96ce14b727c92cc8d533abafd2', '172.69.203.3', 1706605336, 0x5f5f63695f6c6173745f726567656e65726174657c693a313730363630353333363b6c6f67696e5f747970657c733a373a2273747564656e74223b73747564656e745f6c6f67696e7c733a313a2231223b73747564656e745f69647c733a323a223435223b6c6f67696e5f757365725f69647c733a323a223435223b6e616d657c733a31353a2254657374696e672053747564656e74223b),
('3b78fb220e2c3f5b049281f00aeb6899f7205914', '172.69.202.108', 1706788245, 0x5f5f63695f6c6173745f726567656e65726174657c693a313730363738383234353b),
('3cd99fa85a93858cade485ddaf10520c7cb919b0', '172.70.188.2', 1706795196, 0x5f5f63695f6c6173745f726567656e65726174657c693a313730363739353137333b6c6f67696e5f747970657c733a373a2273747564656e74223b73747564656e745f6c6f67696e7c733a313a2231223b73747564656e745f69647c733a323a223435223b6c6f67696e5f757365725f69647c733a323a223435223b6e616d657c733a31353a2254657374696e672053747564656e74223b),
('3d2f3f8a5d89aeba5e17b04f26b05a47735c8dd8', '172.69.202.109', 1706692149, 0x5f5f63695f6c6173745f726567656e65726174657c693a313730363639323134393b6c6f67696e5f747970657c733a373a2273747564656e74223b73747564656e745f6c6f67696e7c733a313a2231223b73747564656e745f69647c733a323a223435223b6c6f67696e5f757365725f69647c733a323a223435223b6e616d657c733a31353a2254657374696e672053747564656e74223b666c6173685f6d6573736167657c733a32343a224e6f205175657374696f6e2049732050726573656e742021223b5f5f63695f766172737c613a313a7b733a31333a22666c6173685f6d657373616765223b733a333a226f6c64223b7d),
('3fb5517e112380902a4970617a9846c804b17c70', '172.70.219.56', 1706789780, 0x5f5f63695f6c6173745f726567656e65726174657c693a313730363738393738303b6c6f67696e5f747970657c733a353a2261646d696e223b61646d696e5f6c6f67696e7c733a313a2231223b61646d696e5f69647c733a313a2231223b6c6f67696e5f757365725f69647c733a313a2231223b6e616d657c733a31333a2241646d696e6973747261746f72223b666c6173685f6d6573736167657c733a32333a225175697a204164646564205375636365737366756c6c79223b5f5f63695f766172737c613a313a7b733a31333a22666c6173685f6d657373616765223b733a333a226f6c64223b7d),
('3rgp0poha4p5tf1c4t9qt78p6tic5o86', '::1', 1706188402, 0x5f5f63695f6c6173745f726567656e65726174657c693a313730363138383430323b6c6f67696e5f747970657c733a353a2261646d696e223b61646d696e5f6c6f67696e7c733a313a2231223b61646d696e5f69647c733a313a2231223b6c6f67696e5f757365725f69647c733a313a2231223b6e616d657c733a31333a2241646d696e6973747261746f72223b666c6173685f6d6573736167657c733a31383a225375636365737366756c6c79204c6f67696e223b5f5f63695f766172737c613a313a7b733a31333a22666c6173685f6d657373616765223b733a333a226f6c64223b7d),
('4122c7afc117379a376b902af5861a42857a48fd', '172.70.142.21', 1706684644, 0x5f5f63695f6c6173745f726567656e65726174657c693a313730363638343539363b6572726f725f6d6573736167657c733a32333a2257726f6e6720456d61696c204f722050617373776f7264223b5f5f63695f766172737c613a313a7b733a31333a226572726f725f6d657373616765223b733a333a226f6c64223b7d),
('416204f449515acc1fc95b8e4a9f753315ed6924', '172.70.142.147', 1706608010, 0x5f5f63695f6c6173745f726567656e65726174657c693a313730363630383031303b6c6f67696e5f747970657c733a353a2261646d696e223b61646d696e5f6c6f67696e7c733a313a2231223b61646d696e5f69647c733a313a2231223b6c6f67696e5f757365725f69647c733a313a2231223b6e616d657c733a31333a2241646d696e6973747261746f72223b666c6173685f6d6573736167657c733a31383a225375636365737366756c6c79204c6f67696e223b5f5f63695f766172737c613a313a7b733a31333a22666c6173685f6d657373616765223b733a333a226f6c64223b7d),
('42fab3a8a59cecf967581aedd4af7ab257fad434', '172.71.202.108', 1706530157, 0x5f5f63695f6c6173745f726567656e65726174657c693a313730363533303135373b6c6f67696e5f747970657c733a353a2261646d696e223b61646d696e5f6c6f67696e7c733a313a2231223b61646d696e5f69647c733a313a2231223b6c6f67696e5f757365725f69647c733a313a2231223b6e616d657c733a31333a2241646d696e6973747261746f72223b),
('44b7636773658a3388b113e7afab4855d742a5ca', '172.70.188.32', 1706607080, 0x5f5f63695f6c6173745f726567656e65726174657c693a313730363630363835373b6c6f67696e5f747970657c733a353a2261646d696e223b61646d696e5f6c6f67696e7c733a313a2231223b61646d696e5f69647c733a313a2231223b6c6f67696e5f757365725f69647c733a313a2231223b6e616d657c733a31333a2241646d696e6973747261746f72223b666c6173685f6d6573736167657c733a31383a225375636365737366756c6c79204c6f67696e223b5f5f63695f766172737c613a313a7b733a31333a22666c6173685f6d657373616765223b733a333a226f6c64223b7d),
('4507224078df8d90cf97bd54d4e94c904c1ffeaf', '172.69.202.98', 1706681110, 0x5f5f63695f6c6173745f726567656e65726174657c693a313730363638313131303b6c6f67696e5f747970657c733a353a2261646d696e223b61646d696e5f6c6f67696e7c733a313a2231223b61646d696e5f69647c733a313a2231223b6c6f67696e5f757365725f69647c733a313a2231223b6e616d657c733a31333a2241646d696e6973747261746f72223b666c6173685f6d6573736167657c733a32333a225175697a204164646564205375636365737366756c6c79223b5f5f63695f766172737c613a313a7b733a31333a22666c6173685f6d657373616765223b733a333a226f6c64223b7d),
('45779e0fd2826b19fb1265ad55e5774385514938', '162.158.106.157', 1706766369, 0x5f5f63695f6c6173745f726567656e65726174657c693a313730363736363336353b6c6f67696e5f747970657c733a353a2261646d696e223b61646d696e5f6c6f67696e7c733a313a2231223b61646d696e5f69647c733a313a2231223b6c6f67696e5f757365725f69647c733a313a2231223b6e616d657c733a31333a2241646d696e6973747261746f72223b666c6173685f6d6573736167657c733a32333a225175697a204164646564205375636365737366756c6c79223b5f5f63695f766172737c613a313a7b733a31333a22666c6173685f6d657373616765223b733a333a226f6c64223b7d),
('4812b10703cb515783fbc42b12b5f56527f08fe4', '172.69.203.3', 1706692149, 0x5f5f63695f6c6173745f726567656e65726174657c693a313730363639323134393b6c6f67696e5f747970657c733a373a2273747564656e74223b73747564656e745f6c6f67696e7c733a313a2231223b73747564656e745f69647c733a323a223435223b6c6f67696e5f757365725f69647c733a323a223435223b6e616d657c733a31353a2254657374696e672053747564656e74223b666c6173685f6d6573736167657c733a32343a224e6f205175657374696f6e2049732050726573656e742021223b5f5f63695f766172737c613a313a7b733a31333a22666c6173685f6d657373616765223b733a333a226f6c64223b7d),
('488564e35eff6afe921942315f5d9b097d91a703', '172.70.218.32', 1706350442, 0x5f5f63695f6c6173745f726567656e65726174657c693a313730363335303434323b6c6f67696e5f747970657c733a353a2261646d696e223b61646d696e5f6c6f67696e7c733a313a2231223b61646d696e5f69647c733a313a2231223b6c6f67696e5f757365725f69647c733a313a2231223b6e616d657c733a31333a2241646d696e6973747261746f72223b666c6173685f6d6573736167657c733a31383a225375636365737366756c6c79204c6f67696e223b5f5f63695f766172737c613a313a7b733a31333a22666c6173685f6d657373616765223b733a333a226f6c64223b7d),
('4b3dc8817731eac4e4f53c656e4f55dbaf3456e8', '172.70.142.119', 1706684863, 0x5f5f63695f6c6173745f726567656e65726174657c693a313730363638343836333b6c6f67696e5f747970657c733a353a2261646d696e223b61646d696e5f6c6f67696e7c733a313a2231223b61646d696e5f69647c733a313a2231223b6c6f67696e5f757365725f69647c733a313a2231223b6e616d657c733a31333a2241646d696e6973747261746f72223b666c6173685f6d6573736167657c733a31383a225375636365737366756c6c79204c6f67696e223b5f5f63695f766172737c613a313a7b733a31333a22666c6173685f6d657373616765223b733a333a226f6c64223b7d),
('4de67dc05d052aafab6214740f10c15f92c3aaac', '172.69.202.98', 1706788181, 0x5f5f63695f6c6173745f726567656e65726174657c693a313730363738383138313b6c6f67696e5f747970657c733a373a2273747564656e74223b73747564656e745f6c6f67696e7c733a313a2231223b73747564656e745f69647c733a323a223435223b6c6f67696e5f757365725f69647c733a323a223435223b6e616d657c733a31353a2254657374696e672053747564656e74223b),
('4fn2phf9p7shoodt0lvhp6c8udm0lhp4', '::1', 1706340420, 0x5f5f63695f6c6173745f726567656e65726174657c693a313730363334303432303b6c6f67696e5f747970657c733a353a2261646d696e223b61646d696e5f6c6f67696e7c733a313a2231223b61646d696e5f69647c733a313a2231223b6c6f67696e5f757365725f69647c733a313a2231223b6e616d657c733a31333a2241646d696e6973747261746f72223b666c6173685f6d6573736167657c733a31383a225375636365737366756c6c79204c6f67696e223b5f5f63695f766172737c613a313a7b733a31333a22666c6173685f6d657373616765223b733a333a226f6c64223b7d),
('4mo88vck1jfvjiofqo9ba0orq0gbch49', '::1', 1706191135, 0x5f5f63695f6c6173745f726567656e65726174657c693a313730363139313133353b6c6f67696e5f747970657c733a353a2261646d696e223b61646d696e5f6c6f67696e7c733a313a2231223b61646d696e5f69647c733a313a2231223b6c6f67696e5f757365725f69647c733a313a2231223b6e616d657c733a31333a2241646d696e6973747261746f72223b666c6173685f6d6573736167657c733a31383a225375636365737366756c6c79204c6f67696e223b5f5f63695f766172737c613a313a7b733a31333a22666c6173685f6d657373616765223b733a333a226f6c64223b7d),
('4uuqrf765lq9hgbkkbhjgpjv1v8r2gdj', '::1', 1706341218, 0x5f5f63695f6c6173745f726567656e65726174657c693a313730363334313231383b6c6f67696e5f747970657c733a353a2261646d696e223b61646d696e5f6c6f67696e7c733a313a2231223b61646d696e5f69647c733a313a2231223b6c6f67696e5f757365725f69647c733a313a2231223b6e616d657c733a31333a2241646d696e6973747261746f72223b666c6173685f6d6573736167657c733a31383a225375636365737366756c6c79204c6f67696e223b5f5f63695f766172737c613a313a7b733a31333a22666c6173685f6d657373616765223b733a333a226f6c64223b7d),
('507da70f25c14e77798b76726acb2b8f151f9c75', '172.68.39.185', 1706533668, 0x5f5f63695f6c6173745f726567656e65726174657c693a313730363533333636383b6c6f67696e5f747970657c733a353a2261646d696e223b61646d696e5f6c6f67696e7c733a313a2231223b61646d696e5f69647c733a313a2231223b6c6f67696e5f757365725f69647c733a313a2231223b6e616d657c733a31333a2241646d696e6973747261746f72223b),
('50eae7c96837f4f46f42e923ed13ccb8b0de2d2b', '172.70.218.190', 1706351759, 0x5f5f63695f6c6173745f726567656e65726174657c693a313730363335313730383b6c6f67696e5f747970657c733a353a2261646d696e223b61646d696e5f6c6f67696e7c733a313a2231223b61646d696e5f69647c733a313a2231223b6c6f67696e5f757365725f69647c733a313a2231223b6e616d657c733a31333a2241646d696e6973747261746f72223b666c6173685f6d6573736167657c733a31383a225375636365737366756c6c79204c6f67696e223b5f5f63695f766172737c613a313a7b733a31333a22666c6173685f6d657373616765223b733a333a226f6c64223b7d),
('518550bace6e3be206cc74f4b54cf42385a4b002', '172.71.81.28', 1706685604, 0x5f5f63695f6c6173745f726567656e65726174657c693a313730363638353630343b6c6f67696e5f747970657c733a353a2261646d696e223b61646d696e5f6c6f67696e7c733a313a2231223b61646d696e5f69647c733a313a2231223b6c6f67696e5f757365725f69647c733a313a2231223b6e616d657c733a31333a2241646d696e6973747261746f72223b666c6173685f6d6573736167657c733a32333a225175697a204164646564205375636365737366756c6c79223b5f5f63695f766172737c613a313a7b733a31333a22666c6173685f6d657373616765223b733a333a226f6c64223b7d),
('52bf9f64e2ed33a5fbbcbfdf7019bf51d26dc3b5', '172.69.202.99', 1706686494, 0x5f5f63695f6c6173745f726567656e65726174657c693a313730363638363439343b6c6f67696e5f747970657c733a353a2261646d696e223b61646d696e5f6c6f67696e7c733a313a2231223b61646d696e5f69647c733a313a2231223b6c6f67696e5f757365725f69647c733a313a2231223b6e616d657c733a31333a2241646d696e6973747261746f72223b666c6173685f6d6573736167657c733a32333a225175697a204164646564205375636365737366756c6c79223b5f5f63695f766172737c613a313a7b733a31333a22666c6173685f6d657373616765223b733a333a226f6c64223b7d),
('52f6b8db7a2f754cef5454e4fb44f8f221097c7d', '172.69.203.4', 1706786191, 0x5f5f63695f6c6173745f726567656e65726174657c693a313730363738363139313b),
('53b09501bb5f55a0d79f5b764f89d860fff028a2', '172.69.202.118', 1706614505, 0x5f5f63695f6c6173745f726567656e65726174657c693a313730363631343530353b),
('55a986ba26dea54f59ed85dc36dd44e54643de85', '172.70.142.168', 1706534128, 0x5f5f63695f6c6173745f726567656e65726174657c693a313730363533343132383b6c6f67696e5f747970657c733a353a2261646d696e223b61646d696e5f6c6f67696e7c733a313a2231223b61646d696e5f69647c733a313a2231223b6c6f67696e5f757365725f69647c733a313a2231223b6e616d657c733a31333a2241646d696e6973747261746f72223b),
('577b2f88c1ecc6fd32062308fad1c408c7141487', '172.69.134.73', 1706612696, 0x5f5f63695f6c6173745f726567656e65726174657c693a313730363631323639363b6c6f67696e5f747970657c733a353a2261646d696e223b73747564656e745f6c6f67696e7c733a313a2231223b73747564656e745f69647c733a323a223435223b6c6f67696e5f757365725f69647c733a313a2231223b6e616d657c733a31333a2241646d696e6973747261746f72223b666c6173685f6d6573736167657c733a32353a22446174612055706461746564205375636365737366756c6c79223b5f5f63695f766172737c613a313a7b733a31333a22666c6173685f6d657373616765223b733a333a226f6c64223b7d61646d696e5f6c6f67696e7c733a313a2231223b61646d696e5f69647c733a313a2231223b),
('5964b190de66c4baea060e78afe3cef356bf2a2a', '172.69.202.98', 1706616305, 0x5f5f63695f6c6173745f726567656e65726174657c693a313730363631363238383b6c6f67696e5f747970657c733a353a2261646d696e223b61646d696e5f6c6f67696e7c733a313a2231223b61646d696e5f69647c733a313a2231223b6c6f67696e5f757365725f69647c733a313a2231223b6e616d657c733a31333a2241646d696e6973747261746f72223b666c6173685f6d6573736167657c733a31383a225375636365737366756c6c79204c6f67696e223b5f5f63695f766172737c613a313a7b733a31333a22666c6173685f6d657373616765223b733a333a226f6c64223b7d),
('59708da5be3f99fb743fa24fa24e57812c961b83', '172.70.218.191', 1706615129, 0x5f5f63695f6c6173745f726567656e65726174657c693a313730363631353132393b6c6f67696e5f747970657c733a353a2261646d696e223b61646d696e5f6c6f67696e7c733a313a2231223b61646d696e5f69647c733a313a2231223b6c6f67696e5f757365725f69647c733a313a2231223b6e616d657c733a31333a2241646d696e6973747261746f72223b),
('5ad9a64a6f2af7cad558a6432c1f4987b8bfba97', '172.70.188.185', 1706766503, 0x5f5f63695f6c6173745f726567656e65726174657c693a313730363736363337373b6c6f67696e5f747970657c733a373a2273747564656e74223b73747564656e745f6c6f67696e7c733a313a2231223b73747564656e745f69647c733a323a223435223b6c6f67696e5f757365725f69647c733a323a223435223b6e616d657c733a31353a2254657374696e672053747564656e74223b),
('5ajk0vi2i5485e102f3p7ris7uchpone', '::1', 1705662731, 0x5f5f63695f6c6173745f726567656e65726174657c693a313730353636323730353b6c6f67696e5f747970657c733a353a2261646d696e223b61646d696e5f6c6f67696e7c733a313a2231223b61646d696e5f69647c733a313a2231223b6c6f67696e5f757365725f69647c733a313a2231223b6e616d657c733a31333a2241646d696e6973747261746f72223b666c6173685f6d6573736167657c733a31383a225375636365737366756c6c79204c6f67696e223b5f5f63695f766172737c613a313a7b733a31333a22666c6173685f6d657373616765223b733a333a226f6c64223b7d),
('5c51ba08cbcacf100b29a4a8cd6e9590bdd94ec3', '172.69.203.4', 1706793521, 0x5f5f63695f6c6173745f726567656e65726174657c693a313730363739333532313b6c6f67696e5f747970657c733a353a2261646d696e223b61646d696e5f6c6f67696e7c733a313a2231223b61646d696e5f69647c733a313a2231223b6c6f67696e5f757365725f69647c733a313a2231223b6e616d657c733a31333a2241646d696e6973747261746f72223b666c6173685f6d6573736167657c733a32333a225175697a204164646564205375636365737366756c6c79223b5f5f63695f766172737c613a313a7b733a31333a22666c6173685f6d657373616765223b733a333a226f6c64223b7d),
('5d24b6b1eee56a35879b71233c99c93df74abdd0', '172.70.142.244', 1706687321, 0x5f5f63695f6c6173745f726567656e65726174657c693a313730363638373332313b6c6f67696e5f747970657c733a353a2261646d696e223b61646d696e5f6c6f67696e7c733a313a2231223b61646d696e5f69647c733a313a2231223b6c6f67696e5f757365725f69647c733a313a2231223b6e616d657c733a31333a2241646d696e6973747261746f72223b666c6173685f6d6573736167657c733a32333a225175697a204164646564205375636365737366756c6c79223b5f5f63695f766172737c613a313a7b733a31333a22666c6173685f6d657373616765223b733a333a226f6c64223b7d),
('5e8e4a14a82cb27562c4096ec83c44c8d8918b0b', '162.158.162.56', 1706686009, 0x5f5f63695f6c6173745f726567656e65726174657c693a313730363638363030393b6c6f67696e5f747970657c733a353a2261646d696e223b61646d696e5f6c6f67696e7c733a313a2231223b61646d696e5f69647c733a313a2231223b6c6f67696e5f757365725f69647c733a313a2231223b6e616d657c733a31333a2241646d696e6973747261746f72223b666c6173685f6d6573736167657c733a32333a225175697a204164646564205375636365737366756c6c79223b5f5f63695f766172737c613a313a7b733a31333a22666c6173685f6d657373616765223b733a333a226f6c64223b7d),
('5f5693696b50d05bb545ab8e949f37d2cbe43df0', '172.70.142.154', 1706679976, 0x5f5f63695f6c6173745f726567656e65726174657c693a313730363637393937363b6c6f67696e5f747970657c733a373a2273747564656e74223b73747564656e745f6c6f67696e7c733a313a2231223b73747564656e745f69647c733a323a223435223b6c6f67696e5f757365725f69647c733a323a223435223b6e616d657c733a31353a2254657374696e672053747564656e74223b),
('5f779383740d811722ccdf86f2b5ba31f7dde9b8', '172.69.202.118', 1706792285, 0x5f5f63695f6c6173745f726567656e65726174657c693a313730363739323238353b6c6f67696e5f747970657c733a353a2261646d696e223b61646d696e5f6c6f67696e7c733a313a2231223b61646d696e5f69647c733a313a2231223b6c6f67696e5f757365725f69647c733a313a2231223b6e616d657c733a31333a2241646d696e6973747261746f72223b),
('5t9n383cod62vmrb2p6057f5g3e6d8ih', '::1', 1705664500, 0x5f5f63695f6c6173745f726567656e65726174657c693a313730353636343530303b6c6f67696e5f747970657c733a353a2261646d696e223b61646d696e5f6c6f67696e7c733a313a2231223b61646d696e5f69647c733a313a2231223b6c6f67696e5f757365725f69647c733a313a2231223b6e616d657c733a31333a2241646d696e6973747261746f72223b666c6173685f6d6573736167657c733a31383a225375636365737366756c6c79204c6f67696e223b5f5f63695f766172737c613a313a7b733a31333a22666c6173685f6d657373616765223b733a333a226f6c64223b7d),
('6187aae0c3a907401053593b3f33036781d5bd3a', '172.69.202.108', 1706623197, 0x5f5f63695f6c6173745f726567656e65726174657c693a313730363632333134363b6c6f67696e5f747970657c733a373a2273747564656e74223b73747564656e745f6c6f67696e7c733a313a2231223b73747564656e745f69647c733a323a223435223b6c6f67696e5f757365725f69647c733a323a223435223b6e616d657c733a31353a2254657374696e672053747564656e74223b),
('61b2607cd25f888b360805d6316a8adeb3babcc5', '172.69.202.119', 1706523155, 0x5f5f63695f6c6173745f726567656e65726174657c693a313730363532333135353b6c6f67696e5f747970657c733a353a2261646d696e223b61646d696e5f6c6f67696e7c733a313a2231223b61646d696e5f69647c733a313a2231223b6c6f67696e5f757365725f69647c733a313a2231223b6e616d657c733a31333a2241646d696e6973747261746f72223b666c6173685f6d6573736167657c733a31383a225375636365737366756c6c79204c6f67696e223b5f5f63695f766172737c613a313a7b733a31333a22666c6173685f6d657373616765223b733a333a226f6c64223b7d),
('6394790c5d31a5eccbfc32e045078a885b8e5f8b', '172.69.67.55', 1706690730, 0x5f5f63695f6c6173745f726567656e65726174657c693a313730363639303733303b),
('645f4e576d57da6c3e914f6a13ef8ab8de076d36', '172.69.203.4', 1706792285, 0x5f5f63695f6c6173745f726567656e65726174657c693a313730363739323238353b6c6f67696e5f747970657c733a353a2261646d696e223b61646d696e5f6c6f67696e7c733a313a2231223b61646d696e5f69647c733a313a2231223b6c6f67696e5f757365725f69647c733a313a2231223b6e616d657c733a31333a2241646d696e6973747261746f72223b),
('668c3b637ab714cde14f8ca02b349111d6337bd6', '172.69.202.119', 1706795115, 0x5f5f63695f6c6173745f726567656e65726174657c693a313730363739353131353b6c6f67696e5f747970657c733a353a2261646d696e223b61646d696e5f6c6f67696e7c733a313a2231223b61646d696e5f69647c733a313a2231223b6c6f67696e5f757365725f69647c733a313a2231223b6e616d657c733a31333a2241646d696e6973747261746f72223b666c6173685f6d6573736167657c733a32353a22446174612055706461746564205375636365737366756c6c79223b5f5f63695f766172737c613a313a7b733a31333a22666c6173685f6d657373616765223b733a333a226f6c64223b7d),
('67bf2ae6120088ad0988e216456acaa6a3d78d23', '162.158.163.152', 1706691517, 0x5f5f63695f6c6173745f726567656e65726174657c693a313730363639313531373b6c6f67696e5f747970657c733a353a2261646d696e223b61646d696e5f6c6f67696e7c733a313a2231223b61646d696e5f69647c733a313a2231223b6c6f67696e5f757365725f69647c733a313a2231223b6e616d657c733a31333a2241646d696e6973747261746f72223b666c6173685f6d6573736167657c733a31383a225375636365737366756c6c79204c6f67696e223b5f5f63695f766172737c613a313a7b733a31333a22666c6173685f6d657373616765223b733a333a226f6c64223b7d),
('687a6fb32945a1e5e5a480c3026bc098d49fd345', '172.68.27.50', 1706614745, 0x5f5f63695f6c6173745f726567656e65726174657c693a313730363631343734353b),
('68bf0603a937cad97f2d1d36de9a9d1be2d2f058', '162.158.163.121', 1706681422, 0x5f5f63695f6c6173745f726567656e65726174657c693a313730363638313432323b6c6f67696e5f747970657c733a373a2273747564656e74223b73747564656e745f6c6f67696e7c733a313a2231223b73747564656e745f69647c733a323a223435223b6c6f67696e5f757365725f69647c733a323a223435223b6e616d657c733a31353a2254657374696e672053747564656e74223b);
INSERT INTO `ci_sessions` (`id`, `ip_address`, `timestamp`, `data`) VALUES
('6aec172999295e8a46c0c79ae12a4d290ca3cb84', '172.70.111.6', 1706789176, 0x5f5f63695f6c6173745f726567656e65726174657c693a313730363738393137363b757365725f69647c693a313b66697273745f6e616d657c733a31353a22526168756c204d616e7774616b6172223b757365725f6e616d657c733a31313a225240474d41494c2e434f4d223b757365725f726f6c657c693a323b6c6f67696e5f747970657c733a353a2261646d696e223b61646d696e5f6c6f67696e7c733a313a2231223b61646d696e5f69647c733a313a2231223b6c6f67696e5f757365725f69647c733a313a2231223b6e616d657c733a31333a2241646d696e6973747261746f72223b),
('6bcc1a8a664b6a25fa606a9fba0c7bce39a38201', '172.69.202.119', 1706786006, 0x5f5f63695f6c6173745f726567656e65726174657c693a313730363738363030363b6c6f67696e5f747970657c733a373a2273747564656e74223b73747564656e745f6c6f67696e7c733a313a2231223b73747564656e745f69647c733a323a223435223b6c6f67696e5f757365725f69647c733a323a223435223b6e616d657c733a31353a2254657374696e672053747564656e74223b),
('6ca0f324705e97454276b3746fd618fc541d0e74', '162.158.22.170', 1706629077, 0x5f5f63695f6c6173745f726567656e65726174657c693a313730363632393037373b),
('6f3d8c25f2c3cd8e531cce4af38831e9f4f04d8e', '172.69.202.99', 1706622351, 0x5f5f63695f6c6173745f726567656e65726174657c693a313730363632323335313b6c6f67696e5f747970657c733a353a2261646d696e223b61646d696e5f6c6f67696e7c733a313a2231223b61646d696e5f69647c733a313a2231223b6c6f67696e5f757365725f69647c733a313a2231223b6e616d657c733a31333a2241646d696e6973747261746f72223b666c6173685f6d6573736167657c733a32333a225175697a204164646564205375636365737366756c6c79223b5f5f63695f766172737c613a313a7b733a31333a22666c6173685f6d657373616765223b733a333a226f6c64223b7d),
('6fbf79c27947db47cabc0fe39543129684e41beb', '162.158.163.207', 1706684266, 0x5f5f63695f6c6173745f726567656e65726174657c693a313730363638343236363b6c6f67696e5f747970657c733a353a2261646d696e223b61646d696e5f6c6f67696e7c733a313a2231223b61646d696e5f69647c733a313a2231223b6c6f67696e5f757365725f69647c733a313a2231223b6e616d657c733a31333a2241646d696e6973747261746f72223b666c6173685f6d6573736167657c733a32333a225175697a204164646564205375636365737366756c6c79223b5f5f63695f766172737c613a313a7b733a31333a22666c6173685f6d657373616765223b733a333a226f6c64223b7d),
('6fc36b9648dc0e1102bacd73c8f700026d8b6f77', '141.101.68.118', 1706629173, 0x5f5f63695f6c6173745f726567656e65726174657c693a313730363632393137333b),
('6r5a8psorpdj6koemtb1j69n5vb9ufrc', '::1', 1705668022, 0x5f5f63695f6c6173745f726567656e65726174657c693a313730353636383032323b6c6f67696e5f747970657c733a353a2261646d696e223b61646d696e5f6c6f67696e7c733a313a2231223b61646d696e5f69647c733a313a2231223b6c6f67696e5f757365725f69647c733a313a2231223b6e616d657c733a31333a2241646d696e6973747261746f72223b666c6173685f6d6573736167657c733a31383a225375636365737366756c6c79204c6f67696e223b5f5f63695f766172737c613a313a7b733a31333a22666c6173685f6d657373616765223b733a333a226f6c64223b7d),
('7316d6aa1f9d527d4409584bff7475690e15116e', '172.71.198.122', 1706528783, 0x5f5f63695f6c6173745f726567656e65726174657c693a313730363532383738333b),
('743252fc5b8cab9ebe19c53ca95491882051931d', '172.69.202.119', 1706683762, 0x5f5f63695f6c6173745f726567656e65726174657c693a313730363638333736323b6c6f67696e5f747970657c733a373a2273747564656e74223b61646d696e5f6c6f67696e7c733a313a2231223b61646d696e5f69647c733a313a2231223b6c6f67696e5f757365725f69647c733a323a223435223b6e616d657c733a31353a2254657374696e672053747564656e74223b73747564656e745f6c6f67696e7c733a313a2231223b73747564656e745f69647c733a323a223435223b),
('7454a87650988a39a37aae45137411e552dafdb5', '162.158.48.105', 1706351708, 0x5f5f63695f6c6173745f726567656e65726174657c693a313730363335313730383b6c6f67696e5f747970657c733a353a2261646d696e223b61646d696e5f6c6f67696e7c733a313a2231223b61646d696e5f69647c733a313a2231223b6c6f67696e5f757365725f69647c733a313a2231223b6e616d657c733a31333a2241646d696e6973747261746f72223b666c6173685f6d6573736167657c733a31383a225375636365737366756c6c79204c6f67696e223b5f5f63695f766172737c613a313a7b733a31333a22666c6173685f6d657373616765223b733a333a226f6c64223b7d),
('7585c268398d3e83e10bbae144d797d5f9aa83ae', '172.71.198.17', 1706530173, 0x5f5f63695f6c6173745f726567656e65726174657c693a313730363533303136363b),
('75c57eedec59611fdadba2a4a835bc291d392f87', '172.71.81.131', 1706679397, 0x5f5f63695f6c6173745f726567656e65726174657c693a313730363637393339373b),
('76a0809045263d82f343aa5e675ff7e4a68871c7', '172.69.202.98', 1706529065, 0x5f5f63695f6c6173745f726567656e65726174657c693a313730363532393036353b6c6f67696e5f747970657c733a353a2261646d696e223b61646d696e5f6c6f67696e7c733a313a2231223b61646d696e5f69647c733a313a2231223b6c6f67696e5f757365725f69647c733a313a2231223b6e616d657c733a31333a2241646d696e6973747261746f72223b),
('76ad241f1f11ba5ecc504984b36bf704b32453be', '172.71.135.12', 1706788151, 0x5f5f63695f6c6173745f726567656e65726174657c693a313730363738383135313b757365725f69647c693a313b66697273745f6e616d657c733a31353a22526168756c204d616e7774616b6172223b757365725f6e616d657c733a31313a225240474d41494c2e434f4d223b757365725f726f6c657c693a323b),
('78441569ff0bf0a9d01407ab76a4ddbcd35e9669', '172.69.119.145', 1706852705, 0x5f5f63695f6c6173745f726567656e65726174657c693a313730363835323534323b6c6f67696e5f747970657c733a353a2261646d696e223b61646d696e5f6c6f67696e7c733a313a2231223b61646d696e5f69647c733a313a2231223b6c6f67696e5f757365725f69647c733a313a2231223b6e616d657c733a31333a2241646d696e6973747261746f72223b666c6173685f6d6573736167657c733a31383a225375636365737366756c6c79204c6f67696e223b5f5f63695f766172737c613a313a7b733a31333a22666c6173685f6d657373616765223b733a333a226f6c64223b7d),
('78cd442f627e7cf85c9cc613ed6a8a81f2f9789a', '162.158.163.210', 1706605929, 0x5f5f63695f6c6173745f726567656e65726174657c693a313730363630353932393b),
('7b71dd4852dbab4e8e614a785b8e2cbb8d09a1ea', '108.162.216.103', 1706614832, 0x5f5f63695f6c6173745f726567656e65726174657c693a313730363631343833323b),
('7beca0e636b031273c40f770a7517554316e9ec0', '172.69.202.99', 1706620899, 0x5f5f63695f6c6173745f726567656e65726174657c693a313730363632303839393b),
('7bf90239f272a883ed498d0768df907e4530c2f4', '172.70.218.122', 1706532904, 0x5f5f63695f6c6173745f726567656e65726174657c693a313730363533323930343b6c6f67696e5f747970657c733a353a2261646d696e223b61646d696e5f6c6f67696e7c733a313a2231223b61646d696e5f69647c733a313a2231223b6c6f67696e5f757365725f69647c733a313a2231223b6e616d657c733a31333a2241646d696e6973747261746f72223b),
('7c9b08a883e7b950c058bc7141cdc0a96e5a5ef1', '172.69.202.98', 1706680653, 0x5f5f63695f6c6173745f726567656e65726174657c693a313730363638303635333b),
('7ebeeb5a3847fd0e928055e9296ee534224e86bd', '172.70.218.171', 1706795173, 0x5f5f63695f6c6173745f726567656e65726174657c693a313730363739353137333b6c6f67696e5f747970657c733a373a2273747564656e74223b73747564656e745f6c6f67696e7c733a313a2231223b73747564656e745f69647c733a323a223435223b6c6f67696e5f757365725f69647c733a323a223435223b6e616d657c733a31353a2254657374696e672053747564656e74223b),
('7ec5562e4fabda5e67dfc0650202f14189b8c392', '172.70.142.229', 1706691517, 0x5f5f63695f6c6173745f726567656e65726174657c693a313730363639313531373b6c6f67696e5f747970657c733a353a2261646d696e223b61646d696e5f6c6f67696e7c733a313a2231223b61646d696e5f69647c733a313a2231223b6c6f67696e5f757365725f69647c733a313a2231223b6e616d657c733a31333a2241646d696e6973747261746f72223b),
('7f2d4bcd37d6ca32ba0f08773f83996c7dabbc30', '172.69.7.25', 1706515795, 0x5f5f63695f6c6173745f726567656e65726174657c693a313730363531353739353b),
('7mgk6rq6s28m1nt5cq3va2u813hbguav', '::1', 1706344796, 0x5f5f63695f6c6173745f726567656e65726174657c693a313730363334343739363b6c6f67696e5f747970657c733a353a2261646d696e223b61646d696e5f6c6f67696e7c733a313a2231223b61646d696e5f69647c733a313a2231223b6c6f67696e5f757365725f69647c733a313a2231223b6e616d657c733a31333a2241646d696e6973747261746f72223b666c6173685f6d6573736167657c733a31383a225375636365737366756c6c79204c6f67696e223b5f5f63695f766172737c613a313a7b733a31333a22666c6173685f6d657373616765223b733a333a226f6c64223b7d),
('7pthi042pl0r3j5re4a7uh2gkqhd7g6o', '::1', 1705665457, 0x5f5f63695f6c6173745f726567656e65726174657c693a313730353636353435373b6c6f67696e5f747970657c733a353a2261646d696e223b61646d696e5f6c6f67696e7c733a313a2231223b61646d696e5f69647c733a313a2231223b6c6f67696e5f757365725f69647c733a313a2231223b6e616d657c733a31333a2241646d696e6973747261746f72223b666c6173685f6d6573736167657c733a31383a225375636365737366756c6c79204c6f67696e223b5f5f63695f766172737c613a313a7b733a31333a22666c6173685f6d657373616765223b733a333a226f6c64223b7d),
('7qih10ihltclk0pa549h0u4acfqe76lp', '::1', 1705669062, 0x5f5f63695f6c6173745f726567656e65726174657c693a313730353636393036323b6572726f725f6d6573736167657c733a32333a2257726f6e6720456d61696c204f722050617373776f7264223b5f5f63695f766172737c613a323a7b733a31333a226572726f725f6d657373616765223b733a333a226f6c64223b733a31333a22666c6173685f6d657373616765223b733a333a226f6c64223b7d6c6f67696e5f747970657c733a373a2273747564656e74223b73747564656e745f6c6f67696e7c733a313a2231223b73747564656e745f69647c733a323a223435223b6c6f67696e5f757365725f69647c733a323a223435223b6e616d657c733a31353a2254657374696e672053747564656e74223b666c6173685f6d6573736167657c733a31383a225375636365737366756c6c79204c6f67696e223b),
('81bcbb0c5dbf21e8eb62f2552f43df1965345a98', '172.69.202.108', 1706515539, 0x5f5f63695f6c6173745f726567656e65726174657c693a313730363531353533393b6c6f67696e5f747970657c733a353a2261646d696e223b61646d696e5f6c6f67696e7c733a313a2231223b61646d696e5f69647c733a313a2231223b6c6f67696e5f757365725f69647c733a313a2231223b6e616d657c733a31333a2241646d696e6973747261746f72223b666c6173685f6d6573736167657c733a31383a225375636365737366756c6c79204c6f67696e223b5f5f63695f766172737c613a313a7b733a31333a22666c6173685f6d657373616765223b733a333a226f6c64223b7d),
('82289838600bd7b178d565a5a5cd5b4a43fb3302', '172.69.203.3', 1706789721, 0x5f5f63695f6c6173745f726567656e65726174657c693a313730363738393636353b6c6f67696e5f747970657c733a373a2273747564656e74223b73747564656e745f6c6f67696e7c733a313a2231223b73747564656e745f69647c733a323a223435223b6c6f67696e5f757365725f69647c733a323a223435223b6e616d657c733a31353a2254657374696e672053747564656e74223b),
('86b3db0fb0fa75968770d33d45915fbac488dc89', '172.69.202.109', 1706620933, 0x5f5f63695f6c6173745f726567656e65726174657c693a313730363632303933333b),
('899b1ff46ad8c5d49aabf90cafebd9c0fea23df3', '172.70.189.182', 1706794097, 0x5f5f63695f6c6173745f726567656e65726174657c693a313730363739343031393b6c6f67696e5f747970657c733a373a2273747564656e74223b73747564656e745f6c6f67696e7c733a313a2231223b73747564656e745f69647c733a323a223435223b6c6f67696e5f757365725f69647c733a323a223435223b6e616d657c733a31353a2254657374696e672053747564656e74223b),
('8a609ffa91020c1603f98c421661f7126a9208c2', '172.71.81.100', 1706766377, 0x5f5f63695f6c6173745f726567656e65726174657c693a313730363736363337373b6c6f67696e5f747970657c733a373a2273747564656e74223b73747564656e745f6c6f67696e7c733a313a2231223b73747564656e745f69647c733a323a223435223b6c6f67696e5f757365725f69647c733a323a223435223b6e616d657c733a31353a2254657374696e672053747564656e74223b666c6173685f6d6573736167657c733a32343a224e6f205175657374696f6e2049732050726573656e742021223b5f5f63695f766172737c613a313a7b733a31333a22666c6173685f6d657373616765223b733a333a226f6c64223b7d),
('8c2b1f4c81de1986424493844c000e01832da29c', '172.69.203.3', 1706599139, 0x5f5f63695f6c6173745f726567656e65726174657c693a313730363539383930383b),
('8fd03aadfd27f7bd209d93dc69d3736afd41fe1f', '162.158.154.65', 1706629178, 0x5f5f63695f6c6173745f726567656e65726174657c693a313730363632393137383b),
('8fef2526ed0d6523ef03a43bce68b91725d050a1', '172.69.203.3', 1706778851, 0x5f5f63695f6c6173745f726567656e65726174657c693a313730363737383731313b6c6f67696e5f747970657c733a353a2261646d696e223b61646d696e5f6c6f67696e7c733a313a2231223b61646d696e5f69647c733a313a2231223b6c6f67696e5f757365725f69647c733a313a2231223b6e616d657c733a31333a2241646d696e6973747261746f72223b666c6173685f6d6573736167657c733a32353a22446174612055706461746564205375636365737366756c6c79223b5f5f63695f766172737c613a313a7b733a31333a22666c6173685f6d657373616765223b733a333a226f6c64223b7d),
('92c5fab6d8cf70b7f7465343fd459fbdd116789b', '172.69.202.99', 1706621352, 0x5f5f63695f6c6173745f726567656e65726174657c693a313730363632313333383b6c6f67696e5f747970657c733a353a2261646d696e223b61646d696e5f6c6f67696e7c733a313a2231223b61646d696e5f69647c733a313a2231223b6c6f67696e5f757365725f69647c733a313a2231223b6e616d657c733a31333a2241646d696e6973747261746f72223b666c6173685f6d6573736167657c733a31383a225375636365737366756c6c79204c6f67696e223b5f5f63695f766172737c613a313a7b733a31333a22666c6173685f6d657373616765223b733a333a226f6c64223b7d),
('958d071e76519c523005e2576e2ef395e38e7b41', '162.158.227.154', 1706611191, 0x5f5f63695f6c6173745f726567656e65726174657c693a313730363631313139313b6c6f67696e5f747970657c733a353a2261646d696e223b61646d696e5f6c6f67696e7c733a313a2231223b61646d696e5f69647c733a313a2231223b6c6f67696e5f757365725f69647c733a313a2231223b6e616d657c733a31333a2241646d696e6973747261746f72223b666c6173685f6d6573736167657c733a32333a225175697a204164646564205375636365737366756c6c79223b5f5f63695f766172737c613a313a7b733a31333a22666c6173685f6d657373616765223b733a333a226f6c64223b7d),
('95ac9dfbdf86ed3cab041df00707e290e819ca7b', '162.158.163.208', 1706685916, 0x5f5f63695f6c6173745f726567656e65726174657c693a313730363638353931363b6c6f67696e5f747970657c733a373a2273747564656e74223b73747564656e745f6c6f67696e7c733a313a2231223b73747564656e745f69647c733a323a223435223b6c6f67696e5f757365725f69647c733a323a223435223b6e616d657c733a31353a2254657374696e672053747564656e74223b),
('983e3dfe6a6a7005654320683f429076c2fa07f0', '162.158.162.154', 1706598367, 0x5f5f63695f6c6173745f726567656e65726174657c693a313730363539383336373b6c6f67696e5f747970657c733a373a2273747564656e74223b73747564656e745f6c6f67696e7c733a313a2231223b73747564656e745f69647c733a323a223435223b6c6f67696e5f757365725f69647c733a323a223435223b6e616d657c733a31353a2254657374696e672053747564656e74223b757365725f69647c693a32333b66697273745f6e616d657c733a343a2274657374223b757365725f6e616d657c733a31393a22726974696b612e64407665657269742e636f6d223b757365725f726f6c657c693a323b),
('99fb6a20962e1a2cbff4fe8c29c5965db677b449', '172.70.142.21', 1706684700, 0x5f5f63695f6c6173745f726567656e65726174657c693a313730363638343730303b6c6f67696e5f747970657c733a353a2261646d696e223b61646d696e5f6c6f67696e7c733a313a2231223b61646d696e5f69647c733a313a2231223b6c6f67696e5f757365725f69647c733a313a2231223b6e616d657c733a31333a2241646d696e6973747261746f72223b666c6173685f6d6573736167657c733a32333a225175697a204164646564205375636365737366756c6c79223b5f5f63695f766172737c613a313a7b733a31333a22666c6173685f6d657373616765223b733a333a226f6c64223b7d),
('9d1c09489ff1d959852d1957e6b1156d8cb11eba', '172.69.202.98', 1706685600, 0x5f5f63695f6c6173745f726567656e65726174657c693a313730363638353630303b6c6f67696e5f747970657c733a373a2273747564656e74223b73747564656e745f6c6f67696e7c733a313a2231223b73747564656e745f69647c733a323a223435223b6c6f67696e5f757365725f69647c733a323a223435223b6e616d657c733a31353a2254657374696e672053747564656e74223b),
('9d744fa9fac899f613a6b44b078c4bead5b523da', '172.70.218.32', 1706793201, 0x5f5f63695f6c6173745f726567656e65726174657c693a313730363739333230313b6c6f67696e5f747970657c733a353a2261646d696e223b61646d696e5f6c6f67696e7c733a313a2231223b61646d696e5f69647c733a313a2231223b6c6f67696e5f757365725f69647c733a313a2231223b6e616d657c733a31333a2241646d696e6973747261746f72223b),
('9f15bfbe5f73cb7bf2fd96b85731f13b69e188a9', '172.69.203.4', 1706536265, 0x5f5f63695f6c6173745f726567656e65726174657c693a313730363533363236353b6c6f67696e5f747970657c733a353a2261646d696e223b61646d696e5f6c6f67696e7c733a313a2231223b61646d696e5f69647c733a313a2231223b6c6f67696e5f757365725f69647c733a313a2231223b6e616d657c733a31333a2241646d696e6973747261746f72223b),
('9od81ud8f4k8fn199h755b7kd4m6r6jj', '::1', 1706345287, 0x5f5f63695f6c6173745f726567656e65726174657c693a313730363334353230343b6c6f67696e5f747970657c733a373a2273747564656e74223b73747564656e745f6c6f67696e7c733a313a2231223b73747564656e745f69647c733a323a223435223b6c6f67696e5f757365725f69647c733a323a223435223b6e616d657c733a31353a2254657374696e672053747564656e74223b666c6173685f6d6573736167657c733a31383a225375636365737366756c6c79204c6f67696e223b5f5f63695f766172737c613a313a7b733a31333a22666c6173685f6d657373616765223b733a333a226f6c64223b7d),
('9tctk9es72k92njhh06hohie5dn0bbml', '::1', 1706340883, 0x5f5f63695f6c6173745f726567656e65726174657c693a313730363334303838333b6c6f67696e5f747970657c733a353a2261646d696e223b61646d696e5f6c6f67696e7c733a313a2231223b61646d696e5f69647c733a313a2231223b6c6f67696e5f757365725f69647c733a313a2231223b6e616d657c733a31333a2241646d696e6973747261746f72223b666c6173685f6d6573736167657c733a31383a225375636365737366756c6c79204c6f67696e223b5f5f63695f766172737c613a313a7b733a31333a22666c6173685f6d657373616765223b733a333a226f6c64223b7d),
('a1927f1c7c048cbe1ea236cf6f6493a57a776995', '172.69.165.41', 1706686945, 0x5f5f63695f6c6173745f726567656e65726174657c693a313730363638363934353b6c6f67696e5f747970657c733a373a2273747564656e74223b73747564656e745f6c6f67696e7c733a313a2231223b73747564656e745f69647c733a323a223435223b6c6f67696e5f757365725f69647c733a323a223435223b6e616d657c733a31353a2254657374696e672053747564656e74223b),
('a29d71b3c5a59ce457aa9b0b590463db76041584', '172.69.67.49', 1706621378, 0x5f5f63695f6c6173745f726567656e65726174657c693a313730363632313337383b),
('a4014cac4aabedb9a8d84e2f455da80bfe05cc8b', '162.158.163.39', 1706686945, 0x5f5f63695f6c6173745f726567656e65726174657c693a313730363638363934353b6c6f67696e5f747970657c733a373a2273747564656e74223b73747564656e745f6c6f67696e7c733a313a2231223b73747564656e745f69647c733a323a223435223b6c6f67696e5f757365725f69647c733a323a223435223b6e616d657c733a31353a2254657374696e672053747564656e74223b666c6173685f6d6573736167657c733a32343a224e6f205175657374696f6e2049732050726573656e742021223b5f5f63695f766172737c613a313a7b733a31333a22666c6173685f6d657373616765223b733a333a226f6c64223b7d),
('a715f588ffe9f9b9a26c1e6e3ce9d3c4befcc5c1', '172.69.203.4', 1706789365, 0x5f5f63695f6c6173745f726567656e65726174657c693a313730363738393336353b6c6f67696e5f747970657c733a373a2273747564656e74223b73747564656e745f6c6f67696e7c733a313a2231223b73747564656e745f69647c733a323a223435223b6c6f67696e5f757365725f69647c733a323a223435223b6e616d657c733a31353a2254657374696e672053747564656e74223b666c6173685f6d6573736167657c733a32343a224e6f205175657374696f6e2049732050726573656e742021223b5f5f63695f766172737c613a313a7b733a31333a22666c6173685f6d657373616765223b733a333a226f6c64223b7d),
('a7980abf5eb7edeafcf445f86f7ac7c4f0ebd457', '162.158.48.12', 1706610467, 0x5f5f63695f6c6173745f726567656e65726174657c693a313730363631303436373b),
('a7a8b29fc187e2ccd12b96d2ab3d65e41942b77f', '172.69.202.98', 1706520365, 0x5f5f63695f6c6173745f726567656e65726174657c693a313730363532303336353b6c6f67696e5f747970657c733a353a2261646d696e223b61646d696e5f6c6f67696e7c733a313a2231223b61646d696e5f69647c733a313a2231223b6c6f67696e5f757365725f69647c733a313a2231223b6e616d657c733a31333a2241646d696e6973747261746f72223b666c6173685f6d6573736167657c733a31383a225375636365737366756c6c79204c6f67696e223b5f5f63695f766172737c613a313a7b733a31333a22666c6173685f6d657373616765223b733a333a226f6c64223b7d),
('a7h7jh6dnaj4i5dd7bb2dskaocveoc15', '::1', 1705992623, 0x5f5f63695f6c6173745f726567656e65726174657c693a313730353939323632303b6572726f725f6d6573736167657c733a32333a2257726f6e6720456d61696c204f722050617373776f7264223b5f5f63695f766172737c613a313a7b733a31333a226572726f725f6d657373616765223b733a333a226f6c64223b7d),
('a883i91hql7dghp1rqmpuonh28lmqm0i', '::1', 1705668116, 0x5f5f63695f6c6173745f726567656e65726174657c693a313730353636383032323b6c6f67696e5f747970657c733a373a2273747564656e74223b73747564656e745f6c6f67696e7c733a313a2231223b73747564656e745f69647c733a323a223435223b6c6f67696e5f757365725f69647c733a323a223435223b6e616d657c733a31353a2254657374696e672053747564656e74223b666c6173685f6d6573736167657c733a31383a225375636365737366756c6c79204c6f67696e223b5f5f63695f766172737c613a313a7b733a31333a22666c6173685f6d657373616765223b733a333a226f6c64223b7d),
('a916eb22ce5ca7bacc60e332e0c4a7e4dd6f29b5', '172.69.119.145', 1706853127, 0x5f5f63695f6c6173745f726567656e65726174657c693a313730363835333132373b6572726f725f6d6573736167657c733a32333a2257726f6e6720456d61696c204f722050617373776f7264223b5f5f63695f766172737c613a313a7b733a31333a226572726f725f6d657373616765223b733a333a226f6c64223b7d),
('a9ca92f2b2492ded2b9adcca629e7bbd97c0a8cb', '172.69.202.119', 1706611696, 0x5f5f63695f6c6173745f726567656e65726174657c693a313730363631313639363b6c6f67696e5f747970657c733a353a2261646d696e223b73747564656e745f6c6f67696e7c733a313a2231223b73747564656e745f69647c733a323a223435223b6c6f67696e5f757365725f69647c733a313a2231223b6e616d657c733a31333a2241646d696e6973747261746f72223b666c6173685f6d6573736167657c733a31383a225375636365737366756c6c79204c6f67696e223b5f5f63695f766172737c613a313a7b733a31333a22666c6173685f6d657373616765223b733a333a226f6c64223b7d61646d696e5f6c6f67696e7c733a313a2231223b61646d696e5f69647c733a313a2231223b),
('aa95d0cd45e909239885e0c9cae48864d7813ba6', '172.70.142.10', 1706687293, 0x5f5f63695f6c6173745f726567656e65726174657c693a313730363638373236333b6c6f67696e5f747970657c733a373a2273747564656e74223b73747564656e745f6c6f67696e7c733a313a2231223b73747564656e745f69647c733a323a223435223b6c6f67696e5f757365725f69647c733a323a223435223b6e616d657c733a31353a2254657374696e672053747564656e74223b),
('ab0dc69e90b47d43e02591a32ef70e1bacb14be6', '162.158.162.97', 1706795213, 0x5f5f63695f6c6173745f726567656e65726174657c693a313730363739353132343b6c6f67696e5f747970657c733a373a2274656163686572223b746561636865725f6c6f67696e7c733a313a2231223b746561636865725f69647c733a313a2231223b6c6f67696e5f757365725f69647c733a313a2231223b6e616d657c733a31353a2254657374696e672054656163686572223b666c6173685f6d6573736167657c733a31383a225375636365737366756c6c79204c6f67696e223b5f5f63695f766172737c613a313a7b733a31333a22666c6173685f6d657373616765223b733a333a226f6c64223b7d),
('ab73e32721fd3fb7a01b97ecc2bc3670aa62faee', '172.71.198.16', 1706530289, 0x5f5f63695f6c6173745f726567656e65726174657c693a313730363533303238343b),
('abd0f0be5ee4e26cb36433ecaaebb1acc8875155', '172.69.203.4', 1706612065, 0x5f5f63695f6c6173745f726567656e65726174657c693a313730363631323036353b6c6f67696e5f747970657c733a353a2261646d696e223b73747564656e745f6c6f67696e7c733a313a2231223b73747564656e745f69647c733a323a223435223b6c6f67696e5f757365725f69647c733a313a2231223b6e616d657c733a31333a2241646d696e6973747261746f72223b666c6173685f6d6573736167657c733a31383a225375636365737366756c6c79204c6f67696e223b5f5f63695f766172737c613a313a7b733a31333a22666c6173685f6d657373616765223b733a333a226f6c64223b7d61646d696e5f6c6f67696e7c733a313a2231223b61646d696e5f69647c733a313a2231223b),
('ad32c26ee32bba8df53a36cc81dfecf3f00d4d39', '172.70.189.184', 1706608984, 0x5f5f63695f6c6173745f726567656e65726174657c693a313730363630383938343b),
('ad94206ca7be3558eaaa984f0d7afb483dc455f3', '172.69.202.98', 1706681037, 0x5f5f63695f6c6173745f726567656e65726174657c693a313730363638313033373b6c6f67696e5f747970657c733a373a2273747564656e74223b73747564656e745f6c6f67696e7c733a313a2231223b73747564656e745f69647c733a323a223435223b6c6f67696e5f757365725f69647c733a323a223435223b6e616d657c733a31353a2254657374696e672053747564656e74223b),
('aeec56eb8f29670fdf23ae00f04904cfd932260b', '162.158.48.12', 1706611382, 0x5f5f63695f6c6173745f726567656e65726174657c693a313730363631313338323b),
('aef30bf1e5744f3ccb5ad6b0470e70d4aed900b3', '172.69.203.3', 1706793885, 0x5f5f63695f6c6173745f726567656e65726174657c693a313730363739333838353b6c6f67696e5f747970657c733a353a2261646d696e223b61646d696e5f6c6f67696e7c733a313a2231223b61646d696e5f69647c733a313a2231223b6c6f67696e5f757365725f69647c733a313a2231223b6e616d657c733a31333a2241646d696e6973747261746f72223b666c6173685f6d6573736167657c733a32333a225175697a204164646564205375636365737366756c6c79223b5f5f63695f766172737c613a313a7b733a31333a22666c6173685f6d657373616765223b733a333a226f6c64223b7d),
('afbcfaae19c09bfd6cece935e8e8295cc7f53b7b', '172.69.202.98', 1706596813, 0x5f5f63695f6c6173745f726567656e65726174657c693a313730363539363831333b6c6f67696e5f747970657c733a353a2261646d696e223b61646d696e5f6c6f67696e7c733a313a2231223b61646d696e5f69647c733a313a2231223b6c6f67696e5f757365725f69647c733a313a2231223b6e616d657c733a31333a2241646d696e6973747261746f72223b),
('aff46e7038f94f44535b4ea66acbb30814d0c779', '172.69.202.99', 1706623146, 0x5f5f63695f6c6173745f726567656e65726174657c693a313730363632333134363b),
('aib150tlg6l31cc5ev0dedmss3mh2b22', '::1', 1706190806, 0x5f5f63695f6c6173745f726567656e65726174657c693a313730363139303830363b6c6f67696e5f747970657c733a353a2261646d696e223b61646d696e5f6c6f67696e7c733a313a2231223b61646d696e5f69647c733a313a2231223b6c6f67696e5f757365725f69647c733a313a2231223b6e616d657c733a31333a2241646d696e6973747261746f72223b666c6173685f6d6573736167657c733a31383a225375636365737366756c6c79204c6f67696e223b5f5f63695f766172737c613a313a7b733a31333a22666c6173685f6d657373616765223b733a333a226f6c64223b7d),
('b0260af8a052b67bfbd3d8310088430e46c703d7', '172.69.203.4', 1706534238, 0x5f5f63695f6c6173745f726567656e65726174657c693a313730363533343233383b6c6f67696e5f747970657c733a353a2261646d696e223b61646d696e5f6c6f67696e7c733a313a2231223b61646d696e5f69647c733a313a2231223b6c6f67696e5f757365725f69647c733a313a2231223b6e616d657c733a31333a2241646d696e6973747261746f72223b),
('b12adecbc93e737dd48e80fe2dc39c4109422f51', '172.69.203.3', 1706534599, 0x5f5f63695f6c6173745f726567656e65726174657c693a313730363533343539393b6c6f67696e5f747970657c733a353a2261646d696e223b61646d696e5f6c6f67696e7c733a313a2231223b61646d696e5f69647c733a313a2231223b6c6f67696e5f757365725f69647c733a313a2231223b6e616d657c733a31333a2241646d696e6973747261746f72223b666c6173685f6d6573736167657c733a31303a2244617461204164646564223b5f5f63695f766172737c613a313a7b733a31333a22666c6173685f6d657373616765223b733a333a226f6c64223b7d),
('b2685e3644aaf82d093170926e249ea40e86f77c', '172.69.203.4', 1706622908, 0x5f5f63695f6c6173745f726567656e65726174657c693a313730363632323638373b6c6f67696e5f747970657c733a353a2261646d696e223b61646d696e5f6c6f67696e7c733a313a2231223b61646d696e5f69647c733a313a2231223b6c6f67696e5f757365725f69647c733a313a2231223b6e616d657c733a31333a2241646d696e6973747261746f72223b666c6173685f6d6573736167657c733a32333a225175697a204164646564205375636365737366756c6c79223b5f5f63695f766172737c613a313a7b733a31333a22666c6173685f6d657373616765223b733a333a226f6c64223b7d),
('b48da03db1f9ad9858fbbfabc033948dd603bc95', '172.71.81.131', 1706766365, 0x5f5f63695f6c6173745f726567656e65726174657c693a313730363736363336353b6c6f67696e5f747970657c733a353a2261646d696e223b61646d696e5f6c6f67696e7c733a313a2231223b61646d696e5f69647c733a313a2231223b6c6f67696e5f757365725f69647c733a313a2231223b6e616d657c733a31333a2241646d696e6973747261746f72223b666c6173685f6d6573736167657c733a32333a225175697a204164646564205375636365737366756c6c79223b5f5f63695f766172737c613a313a7b733a31333a22666c6173685f6d657373616765223b733a333a226f6c64223b7d),
('b587d2e2ebe064da64cca02a7851b8584d8e15ca', '162.158.154.245', 1706789675, 0x5f5f63695f6c6173745f726567656e65726174657c693a313730363738393632353b6572726f725f6d6573736167657c733a32333a2257726f6e6720456d61696c204f722050617373776f7264223b5f5f63695f766172737c613a323a7b733a31333a226572726f725f6d657373616765223b733a333a226f6c64223b733a31333a22666c6173685f6d657373616765223b733a333a226f6c64223b7d6c6f67696e5f747970657c733a373a2274656163686572223b746561636865725f6c6f67696e7c733a313a2231223b746561636865725f69647c733a313a2231223b6c6f67696e5f757365725f69647c733a313a2231223b6e616d657c733a31353a2254657374696e672054656163686572223b666c6173685f6d6573736167657c733a31383a225375636365737366756c6c79204c6f67696e223b),
('b64504d1e0ef2eedb0b69c42848c1b70bc6d0f1a', '172.71.81.99', 1706684244, 0x5f5f63695f6c6173745f726567656e65726174657c693a313730363638343132353b6c6f67696e5f747970657c733a373a2273747564656e74223b61646d696e5f6c6f67696e7c733a313a2231223b61646d696e5f69647c733a313a2231223b6c6f67696e5f757365725f69647c733a323a223435223b6e616d657c733a31353a2254657374696e672053747564656e74223b73747564656e745f6c6f67696e7c733a313a2231223b73747564656e745f69647c733a323a223435223b666c6173685f6d6573736167657c733a32343a224e6f205175657374696f6e2049732050726573656e742021223b5f5f63695f766172737c613a313a7b733a31333a22666c6173685f6d657373616765223b733a333a226f6c64223b7d),
('b718fda9901a44128810c2eef52e0baa8da7ac11', '172.69.166.71', 1706797882, 0x5f5f63695f6c6173745f726567656e65726174657c693a313730363739373838323b6572726f725f6d6573736167657c733a32333a2257726f6e6720456d61696c204f722050617373776f7264223b5f5f63695f766172737c613a313a7b733a31333a226572726f725f6d657373616765223b733a333a226f6c64223b7d),
('ba0d82864f7ef5a6e55d2c4390d90700fa66456a', '172.69.202.108', 1706621893, 0x5f5f63695f6c6173745f726567656e65726174657c693a313730363632313839333b),
('bbca03640c73cca9bcefecdecad2fb093191fb83', '172.70.110.225', 1706629700, 0x5f5f63695f6c6173745f726567656e65726174657c693a313730363632393730303b6c6f67696e5f747970657c733a353a2261646d696e223b61646d696e5f6c6f67696e7c733a313a2231223b61646d696e5f69647c733a313a2231223b6c6f67696e5f757365725f69647c733a313a2231223b6e616d657c733a31333a2241646d696e6973747261746f72223b666c6173685f6d6573736167657c733a31383a225375636365737366756c6c79204c6f67696e223b5f5f63695f766172737c613a313a7b733a31333a22666c6173685f6d657373616765223b733a333a226e6577223b7d),
('bc9b3f904e20c2a6f64bf1eeb5b0d59987062021', '162.158.22.41', 1706630071, 0x5f5f63695f6c6173745f726567656e65726174657c693a313730363633303037313b6c6f67696e5f747970657c733a353a2261646d696e223b61646d696e5f6c6f67696e7c733a313a2231223b61646d696e5f69647c733a313a2231223b6c6f67696e5f757365725f69647c733a313a2231223b6e616d657c733a31333a2241646d696e6973747261746f72223b666c6173685f6d6573736167657c733a32333a225175697a204164646564205375636365737366756c6c79223b5f5f63695f766172737c613a323a7b733a31333a22666c6173685f6d657373616765223b733a333a226f6c64223b733a31333a226572726f725f6d657373616765223b733a333a226f6c64223b7d6572726f725f6d6573736167657c733a32333a2257726f6e6720456d61696c204f722050617373776f7264223b),
('bcdcf624660ee5831074defdfdd95618decb4bac', '172.71.81.67', 1706685156, 0x5f5f63695f6c6173745f726567656e65726174657c693a313730363638353135363b6c6f67696e5f747970657c733a373a2273747564656e74223b73747564656e745f6c6f67696e7c733a313a2231223b73747564656e745f69647c733a323a223435223b6c6f67696e5f757365725f69647c733a323a223435223b6e616d657c733a31353a2254657374696e672053747564656e74223b),
('bd03f6228ea6c1ccb54581805451506645c19662', '172.70.218.122', 1706620894, 0x5f5f63695f6c6173745f726567656e65726174657c693a313730363632303839343b),
('bd1658fc90c9b50e9bdc971fb7fa0134fd3d491a', '172.69.203.3', 1706622687, 0x5f5f63695f6c6173745f726567656e65726174657c693a313730363632323638373b6c6f67696e5f747970657c733a353a2261646d696e223b61646d696e5f6c6f67696e7c733a313a2231223b61646d696e5f69647c733a313a2231223b6c6f67696e5f757365725f69647c733a313a2231223b6e616d657c733a31333a2241646d696e6973747261746f72223b666c6173685f6d6573736167657c733a32333a225175697a204164646564205375636365737366756c6c79223b5f5f63695f766172737c613a313a7b733a31333a22666c6173685f6d657373616765223b733a333a226f6c64223b7d),
('bd71c1dfedd302f7f9817d4965134c22df2e2364', '172.68.39.184', 1706779333, 0x5f5f63695f6c6173745f726567656e65726174657c693a313730363737393333333b6c6f67696e5f747970657c733a353a2261646d696e223b61646d696e5f6c6f67696e7c733a313a2231223b61646d696e5f69647c733a313a2231223b6c6f67696e5f757365725f69647c733a313a2231223b6e616d657c733a31333a2241646d696e6973747261746f72223b666c6173685f6d6573736167657c733a31383a225375636365737366756c6c79204c6f67696e223b5f5f63695f766172737c613a313a7b733a31333a22666c6173685f6d657373616765223b733a333a226f6c64223b7d),
('be02d0a6cd07d9f15883cd99658c5e2a81f9f34d', '172.69.203.4', 1706786255, 0x5f5f63695f6c6173745f726567656e65726174657c693a313730363738363235353b6c6f67696e5f747970657c733a373a2273747564656e74223b73747564656e745f6c6f67696e7c733a313a2231223b73747564656e745f69647c733a323a223435223b6c6f67696e5f757365725f69647c733a323a223435223b6e616d657c733a31353a2254657374696e672053747564656e74223b),
('bf2q6drd4og4lc1t6qfbs2srrspmuf5k', '::1', 1706189418, 0x5f5f63695f6c6173745f726567656e65726174657c693a313730363138393431383b6c6f67696e5f747970657c733a353a2261646d696e223b61646d696e5f6c6f67696e7c733a313a2231223b61646d696e5f69647c733a313a2231223b6c6f67696e5f757365725f69647c733a313a2231223b6e616d657c733a31333a2241646d696e6973747261746f72223b666c6173685f6d6573736167657c733a31383a225375636365737366756c6c79204c6f67696e223b5f5f63695f766172737c613a313a7b733a31333a22666c6173685f6d657373616765223b733a333a226f6c64223b7d),
('bs1qgedb7rt2r7il0m9m1i1h9phc50jt', '::1', 1706187268, 0x5f5f63695f6c6173745f726567656e65726174657c693a313730363138373236383b6c6f67696e5f747970657c733a353a2261646d696e223b61646d696e5f6c6f67696e7c733a313a2231223b61646d696e5f69647c733a313a2231223b6c6f67696e5f757365725f69647c733a313a2231223b6e616d657c733a31333a2241646d696e6973747261746f72223b666c6173685f6d6573736167657c733a31383a225375636365737366756c6c79204c6f67696e223b5f5f63695f766172737c613a313a7b733a31333a22666c6173685f6d657373616765223b733a333a226f6c64223b7d),
('c230193fe57b4aae0b4e4175b2415bb5e042b0b7', '172.71.81.99', 1706609325, 0x5f5f63695f6c6173745f726567656e65726174657c693a313730363630393332353b),
('c2967a9d6dcfff72e3f2abf05575ee519db8e8fc', '172.71.81.131', 1706606562, 0x5f5f63695f6c6173745f726567656e65726174657c693a313730363630363536323b6c6f67696e5f747970657c733a353a2261646d696e223b61646d696e5f6c6f67696e7c733a313a2231223b61646d696e5f69647c733a313a2231223b6c6f67696e5f757365725f69647c733a313a2231223b6e616d657c733a31333a2241646d696e6973747261746f72223b666c6173685f6d6573736167657c733a31383a225375636365737366756c6c79204c6f67696e223b5f5f63695f766172737c613a313a7b733a31333a22666c6173685f6d657373616765223b733a333a226f6c64223b7d),
('c34110f2186932e06b09d01795021714265ab305', '172.70.93.34', 1706779062, 0x5f5f63695f6c6173745f726567656e65726174657c693a313730363737393036323b6c6f67696e5f747970657c733a373a2273747564656e74223b73747564656e745f6c6f67696e7c733a313a2231223b73747564656e745f69647c733a323a223435223b6c6f67696e5f757365725f69647c733a323a223435223b6e616d657c733a31353a2254657374696e672053747564656e74223b666c6173685f6d6573736167657c733a32343a224e6f205175657374696f6e2049732050726573656e742021223b5f5f63695f766172737c613a313a7b733a31333a22666c6173685f6d657373616765223b733a333a226f6c64223b7d),
('c435979abb19c5fd56c9c5314f31737d12cee0da', '172.69.202.99', 1706784832, 0x5f5f63695f6c6173745f726567656e65726174657c693a313730363738343833323b),
('c4b9a133dd4468f55e87103b9e6abd54bec985ac', '172.71.81.132', 1706684125, 0x5f5f63695f6c6173745f726567656e65726174657c693a313730363638343132353b6c6f67696e5f747970657c733a373a2273747564656e74223b61646d696e5f6c6f67696e7c733a313a2231223b61646d696e5f69647c733a313a2231223b6c6f67696e5f757365725f69647c733a323a223435223b6e616d657c733a31353a2254657374696e672053747564656e74223b73747564656e745f6c6f67696e7c733a313a2231223b73747564656e745f69647c733a323a223435223b),
('c76253dd8894fa33fded0493e4855c8cdaff036a', '172.69.202.99', 1706616061, 0x5f5f63695f6c6173745f726567656e65726174657c693a313730363631363036313b6c6f67696e5f747970657c733a353a2261646d696e223b61646d696e5f6c6f67696e7c733a313a2231223b61646d696e5f69647c733a313a2231223b6c6f67696e5f757365725f69647c733a313a2231223b6e616d657c733a31333a2241646d696e6973747261746f72223b),
('c7cfacff899b99c254921f8548dbd85a765262fd', '162.158.235.52', 1706616061, 0x5f5f63695f6c6173745f726567656e65726174657c693a313730363631363036313b6c6f67696e5f747970657c733a353a2261646d696e223b61646d696e5f6c6f67696e7c733a313a2231223b61646d696e5f69647c733a313a2231223b6c6f67696e5f757365725f69647c733a313a2231223b6e616d657c733a31333a2241646d696e6973747261746f72223b),
('cbpdt320o9n5kri5rbve0633lnr6knhs', '::1', 1705920058, 0x5f5f63695f6c6173745f726567656e65726174657c693a313730353932303033333b6572726f725f6d6573736167657c733a32333a2257726f6e6720456d61696c204f722050617373776f7264223b5f5f63695f766172737c613a313a7b733a31333a226572726f725f6d657373616765223b733a333a226f6c64223b7d),
('cd687cf99712210444f87a1f564e8f7fa1793e0d', '172.70.218.109', 1706604822, 0x5f5f63695f6c6173745f726567656e65726174657c693a313730363630343832323b6c6f67696e5f747970657c733a373a2273747564656e74223b73747564656e745f6c6f67696e7c733a313a2231223b73747564656e745f69647c733a323a223435223b6c6f67696e5f757365725f69647c733a323a223435223b6e616d657c733a31353a2254657374696e672053747564656e74223b),
('cdb18cc6001909e9d92e4f8fd6348ed8dd24a145', '172.71.202.16', 1706350749, 0x5f5f63695f6c6173745f726567656e65726174657c693a313730363335303734393b6c6f67696e5f747970657c733a353a2261646d696e223b61646d696e5f6c6f67696e7c733a313a2231223b61646d696e5f69647c733a313a2231223b6c6f67696e5f757365725f69647c733a313a2231223b6e616d657c733a31333a2241646d696e6973747261746f72223b666c6173685f6d6573736167657c733a31383a225375636365737366756c6c79204c6f67696e223b5f5f63695f766172737c613a313a7b733a31333a22666c6173685f6d657373616765223b733a333a226f6c64223b7d),
('ce7el7ul8eut79p71sps3m1otklr5kud', '::1', 1706184231, 0x5f5f63695f6c6173745f726567656e65726174657c693a313730363138343233313b6c6f67696e5f747970657c733a353a2261646d696e223b61646d696e5f6c6f67696e7c733a313a2231223b61646d696e5f69647c733a313a2231223b6c6f67696e5f757365725f69647c733a313a2231223b6e616d657c733a31333a2241646d696e6973747261746f72223b666c6173685f6d6573736167657c733a31383a225375636365737366756c6c79204c6f67696e223b5f5f63695f766172737c613a313a7b733a31333a22666c6173685f6d657373616765223b733a333a226f6c64223b7d),
('cf8a67d05b378e01b545cd8988208c9ca3efdc21', '172.69.202.98', 1706610090, 0x5f5f63695f6c6173745f726567656e65726174657c693a313730363631303038343b6c6f67696e5f747970657c733a373a2273747564656e74223b73747564656e745f6c6f67696e7c733a313a2231223b73747564656e745f69647c733a323a223435223b6c6f67696e5f757365725f69647c733a323a223435223b6e616d657c733a31353a2254657374696e672053747564656e74223b),
('cf9q16rnr6vg1qh5j2hkhv3c10iankkm', '::1', 1705669822, 0x5f5f63695f6c6173745f726567656e65726174657c693a313730353636393832323b),
('d00ced3ab73c5abdd4c1ae258c0f065b1dc72230', '141.101.69.101', 1706788782, 0x5f5f63695f6c6173745f726567656e65726174657c693a313730363738383738323b757365725f69647c693a313b66697273745f6e616d657c733a31353a22526168756c204d616e7774616b6172223b757365725f6e616d657c733a31313a225240474d41494c2e434f4d223b757365725f726f6c657c693a323b6c6f67696e5f747970657c733a353a2261646d696e223b61646d696e5f6c6f67696e7c733a313a2231223b61646d696e5f69647c733a313a2231223b6c6f67696e5f757365725f69647c733a313a2231223b6e616d657c733a31333a2241646d696e6973747261746f72223b),
('d158d3664f66baf42cd7a7883ba3db0df68de28f', '172.69.202.118', 1706612372, 0x5f5f63695f6c6173745f726567656e65726174657c693a313730363631323337323b6c6f67696e5f747970657c733a353a2261646d696e223b73747564656e745f6c6f67696e7c733a313a2231223b73747564656e745f69647c733a323a223435223b6c6f67696e5f757365725f69647c733a313a2231223b6e616d657c733a31333a2241646d696e6973747261746f72223b666c6173685f6d6573736167657c733a32353a22446174612055706461746564205375636365737366756c6c79223b5f5f63695f766172737c613a313a7b733a31333a22666c6173685f6d657373616765223b733a333a226f6c64223b7d61646d696e5f6c6f67696e7c733a313a2231223b61646d696e5f69647c733a313a2231223b),
('d2a6d69a8100f0c08f2841603123edf9f5bb36e6', '162.158.23.21', 1706630963, 0x5f5f63695f6c6173745f726567656e65726174657c693a313730363633303936333b6c6f67696e5f747970657c733a373a2273747564656e74223b73747564656e745f6c6f67696e7c733a313a2231223b73747564656e745f69647c733a323a223435223b6c6f67696e5f757365725f69647c733a323a223435223b6e616d657c733a31353a2254657374696e672053747564656e74223b),
('d2fada2877122e0491c45a055ac8944096208472', '172.71.186.36', 1706543965, 0x5f5f63695f6c6173745f726567656e65726174657c693a313730363534333936343b),
('d470133af973d680459607e8a36c99e9e2237683', '172.69.202.109', 1706792537, 0x5f5f63695f6c6173745f726567656e65726174657c693a313730363739323533373b6c6f67696e5f747970657c733a373a2273747564656e74223b73747564656e745f6c6f67696e7c733a313a2231223b73747564656e745f69647c733a323a223435223b6c6f67696e5f757365725f69647c733a323a223435223b6e616d657c733a31353a2254657374696e672053747564656e74223b),
('d5148d97b0828627ffccedd4b9427e25e722f241', '172.70.143.3', 1706679196, 0x5f5f63695f6c6173745f726567656e65726174657c693a313730363637393139363b6c6f67696e5f747970657c733a353a2261646d696e223b61646d696e5f6c6f67696e7c733a313a2231223b61646d696e5f69647c733a313a2231223b6c6f67696e5f757365725f69647c733a313a2231223b6e616d657c733a31333a2241646d696e6973747261746f72223b666c6173685f6d6573736167657c733a31383a225375636365737366756c6c79204c6f67696e223b5f5f63695f766172737c613a313a7b733a31333a22666c6173685f6d657373616765223b733a333a226f6c64223b7d),
('d6aec79e5841fa7c5f82a30836c77746758943e0', '172.69.202.98', 1706791967, 0x5f5f63695f6c6173745f726567656e65726174657c693a313730363739313936373b6c6f67696e5f747970657c733a353a2261646d696e223b61646d696e5f6c6f67696e7c733a313a2231223b61646d696e5f69647c733a313a2231223b6c6f67696e5f757365725f69647c733a313a2231223b6e616d657c733a31333a2241646d696e6973747261746f72223b),
('d72fef4f58f7797b94df7ad7cfc061f8b1b0eeb9', '172.71.81.28', 1706608567, 0x5f5f63695f6c6173745f726567656e65726174657c693a313730363630383536373b6c6f67696e5f747970657c733a353a2261646d696e223b61646d696e5f6c6f67696e7c733a313a2231223b61646d696e5f69647c733a313a2231223b6c6f67696e5f757365725f69647c733a313a2231223b6e616d657c733a31333a2241646d696e6973747261746f72223b),
('d7543cf360dfb60c7cae93985886e5978c5c1e4e', '162.158.163.179', 1706686471, 0x5f5f63695f6c6173745f726567656e65726174657c693a313730363638363437313b6c6f67696e5f747970657c733a373a2273747564656e74223b73747564656e745f6c6f67696e7c733a313a2231223b73747564656e745f69647c733a323a223435223b6c6f67696e5f757365725f69647c733a323a223435223b6e616d657c733a31353a2254657374696e672053747564656e74223b),
('d9321d24123454f78271deca7c2729ecdb3e131e', '172.69.202.98', 1706690651, 0x5f5f63695f6c6173745f726567656e65726174657c693a313730363639303635313b),
('da544208f4c56a24106008d5cf390273e2d9475d', '172.70.218.48', 1706789656, 0x5f5f63695f6c6173745f726567656e65726174657c693a313730363738393635363b6c6f67696e5f747970657c733a373a2273747564656e74223b73747564656e745f6c6f67696e7c733a313a2231223b73747564656e745f69647c733a323a223435223b6c6f67696e5f757365725f69647c733a323a223435223b6e616d657c733a31353a2254657374696e672053747564656e74223b),
('dc1e60940934d7fb991c952b45129b428e827788', '172.69.202.119', 1706623026, 0x5f5f63695f6c6173745f726567656e65726174657c693a313730363632333032363b6c6f67696e5f747970657c733a373a2273747564656e74223b73747564656e745f6c6f67696e7c733a313a2231223b73747564656e745f69647c733a323a223435223b6c6f67696e5f757365725f69647c733a323a223435223b6e616d657c733a31353a2254657374696e672053747564656e74223b),
('dd6754073972d5feed7849baf03ef3fc7c4922ea', '162.158.163.57', 1706602094, 0x5f5f63695f6c6173745f726567656e65726174657c693a313730363630323039343b6c6f67696e5f747970657c733a353a2261646d696e223b61646d696e5f6c6f67696e7c733a313a2231223b61646d696e5f69647c733a313a2231223b6c6f67696e5f757365725f69647c733a313a2231223b6e616d657c733a31333a2241646d696e6973747261746f72223b666c6173685f6d6573736167657c733a31383a225375636365737366756c6c79204c6f67696e223b5f5f63695f766172737c613a313a7b733a31333a22666c6173685f6d657373616765223b733a333a226f6c64223b7d),
('de8ac9c691b2b7c43e5aeb3dac53a3cf20e4bf7f', '172.69.202.119', 1706536265, 0x5f5f63695f6c6173745f726567656e65726174657c693a313730363533363236353b6c6f67696e5f747970657c733a353a2261646d696e223b61646d696e5f6c6f67696e7c733a313a2231223b61646d696e5f69647c733a313a2231223b6c6f67696e5f757365725f69647c733a313a2231223b6e616d657c733a31333a2241646d696e6973747261746f72223b),
('defe0c214bf3f0cff0133332cf7ea66f566a777f', '162.158.227.204', 1706612696, 0x5f5f63695f6c6173745f726567656e65726174657c693a313730363631323639363b6c6f67696e5f747970657c733a353a2261646d696e223b73747564656e745f6c6f67696e7c733a313a2231223b73747564656e745f69647c733a323a223435223b6c6f67696e5f757365725f69647c733a313a2231223b6e616d657c733a31333a2241646d696e6973747261746f72223b61646d696e5f6c6f67696e7c733a313a2231223b61646d696e5f69647c733a313a2231223b),
('df1d4febd07870ccd45762d5a60dac9608485bcf', '172.69.203.4', 1706607521, 0x5f5f63695f6c6173745f726567656e65726174657c693a313730363630373532313b6c6f67696e5f747970657c733a373a2273747564656e74223b61646d696e5f6c6f67696e7c733a313a2231223b61646d696e5f69647c733a313a2231223b6c6f67696e5f757365725f69647c733a323a223435223b6e616d657c733a31353a2254657374696e672053747564656e74223b757365725f69647c693a32353b66697273745f6e616d657c733a343a2274657374223b757365725f6e616d657c733a31393a22726974696b612e64407665657269742e636f6d223b757365725f726f6c657c693a323b73747564656e745f6c6f67696e7c733a313a2231223b73747564656e745f69647c733a323a223435223b),
('e1050721c192348a6a5a473ff4ae0408f828eaac', '162.158.23.21', 1706629283, 0x5f5f63695f6c6173745f726567656e65726174657c693a313730363632393037373b6c6f67696e5f747970657c733a353a2261646d696e223b61646d696e5f6c6f67696e7c733a313a2231223b61646d696e5f69647c733a313a2231223b6c6f67696e5f757365725f69647c733a313a2231223b6e616d657c733a31333a2241646d696e6973747261746f72223b666c6173685f6d6573736167657c733a31383a225375636365737366756c6c79204c6f67696e223b5f5f63695f766172737c613a313a7b733a31333a22666c6173685f6d657373616765223b733a333a226f6c64223b7d),
('e1094c6e963b0a2f56266b5f0f47f2f022694c97', '172.69.59.134', 1706690729, 0x5f5f63695f6c6173745f726567656e65726174657c693a313730363639303732393b),
('e1a7473fa55b84abd88dbc1d7b1fff6645726886', '172.68.39.133', 1706515786, 0x5f5f63695f6c6173745f726567656e65726174657c693a313730363531353533393b6c6f67696e5f747970657c733a353a2261646d696e223b61646d696e5f6c6f67696e7c733a313a2231223b61646d696e5f69647c733a313a2231223b6c6f67696e5f757365725f69647c733a313a2231223b6e616d657c733a31333a2241646d696e6973747261746f72223b),
('e2b25d35801f70026ab59f04a6a9c80557347517', '172.69.202.98', 1706794919, 0x5f5f63695f6c6173745f726567656e65726174657c693a313730363739343931393b),
('e2bih5p6qtoavh6vgh6uk6pgjc39ra1c', '::1', 1705670681, 0x5f5f63695f6c6173745f726567656e65726174657c693a313730353637303638313b),
('e4b94d77c07ce877771cc084a013287ff1d8768b', '172.69.202.99', 1706526201, 0x5f5f63695f6c6173745f726567656e65726174657c693a313730363532363230313b6c6f67696e5f747970657c733a353a2261646d696e223b61646d696e5f6c6f67696e7c733a313a2231223b61646d696e5f69647c733a313a2231223b6c6f67696e5f757365725f69647c733a313a2231223b6e616d657c733a31333a2241646d696e6973747261746f72223b),
('e5b80aec66c0b618bafa65c817f3ad95e554d566', '172.69.202.118', 1706529916, 0x5f5f63695f6c6173745f726567656e65726174657c693a313730363532393931363b6c6f67696e5f747970657c733a353a2261646d696e223b61646d696e5f6c6f67696e7c733a313a2231223b61646d696e5f69647c733a313a2231223b6c6f67696e5f757365725f69647c733a313a2231223b6e616d657c733a31333a2241646d696e6973747261746f72223b),
('e5b8c30ed5bed70303b8d6a2384e303746eb7c1f', '172.70.143.4', 1706681866, 0x5f5f63695f6c6173745f726567656e65726174657c693a313730363638313836363b6c6f67696e5f747970657c733a373a2273747564656e74223b73747564656e745f6c6f67696e7c733a313a2231223b73747564656e745f69647c733a323a223435223b6c6f67696e5f757365725f69647c733a323a223435223b6e616d657c733a31353a2254657374696e672053747564656e74223b666c6173685f6d6573736167657c733a31383a225375636365737366756c6c79204c6f67696e223b5f5f63695f766172737c613a313a7b733a31333a22666c6173685f6d657373616765223b733a333a226f6c64223b7d),
('e605dc79b51a87ffeb24969fa76bf9b088a6f142', '172.68.39.248', 1706527043, 0x5f5f63695f6c6173745f726567656e65726174657c693a313730363532373034333b6c6f67696e5f747970657c733a353a2261646d696e223b61646d696e5f6c6f67696e7c733a313a2231223b61646d696e5f69647c733a313a2231223b6c6f67696e5f757365725f69647c733a313a2231223b6e616d657c733a31333a2241646d696e6973747261746f72223b666c6173685f6d6573736167657c733a32353a22446174612044656c65746564205375636365737366756c6c79223b5f5f63695f766172737c613a313a7b733a31333a22666c6173685f6d657373616765223b733a333a226f6c64223b7d),
('e77228b270c9bc54c6dcef1b834715673a9ad88c', '162.158.227.205', 1706533638, 0x5f5f63695f6c6173745f726567656e65726174657c693a313730363533333633383b6c6f67696e5f747970657c733a353a2261646d696e223b61646d696e5f6c6f67696e7c733a313a2231223b61646d696e5f69647c733a313a2231223b6c6f67696e5f757365725f69647c733a313a2231223b6e616d657c733a31333a2241646d696e6973747261746f72223b),
('e7a0b97ae1267fbf3c09edb16e4b1dee4a71fa93', '172.69.202.98', 1706784806, 0x5f5f63695f6c6173745f726567656e65726174657c693a313730363738343830363b6c6f67696e5f747970657c733a373a2273747564656e74223b73747564656e745f6c6f67696e7c733a313a2231223b73747564656e745f69647c733a323a223435223b6c6f67696e5f757365725f69647c733a323a223435223b6e616d657c733a31353a2254657374696e672053747564656e74223b),
('e80ebc816ac9f31612b51cfa685ab6fa61b1b561', '162.158.155.157', 1706852622, 0x5f5f63695f6c6173745f726567656e65726174657c693a313730363835323632323b),
('ea024a7f402f1937f0faa477b50bf6dfba1a9b3b', '172.69.202.99', 1706525338, 0x5f5f63695f6c6173745f726567656e65726174657c693a313730363532353333383b6c6f67696e5f747970657c733a353a2261646d696e223b61646d696e5f6c6f67696e7c733a313a2231223b61646d696e5f69647c733a313a2231223b6c6f67696e5f757365725f69647c733a313a2231223b6e616d657c733a31333a2241646d696e6973747261746f72223b666c6173685f6d6573736167657c733a31383a225375636365737366756c6c79204c6f67696e223b5f5f63695f766172737c613a313a7b733a31333a22666c6173685f6d657373616765223b733a333a226f6c64223b7d),
('ea7837ce845d1fa1afd5cb4587afcb49fb05f21d', '172.69.203.3', 1706790138, 0x5f5f63695f6c6173745f726567656e65726174657c693a313730363739303133383b6c6f67696e5f747970657c733a353a2261646d696e223b61646d696e5f6c6f67696e7c733a313a2231223b61646d696e5f69647c733a313a2231223b6c6f67696e5f757365725f69647c733a313a2231223b6e616d657c733a31333a2241646d696e6973747261746f72223b),
('ea7f3bc8e2e21830f0d4477fa740c906feab5835', '162.158.162.87', 1706681869, 0x5f5f63695f6c6173745f726567656e65726174657c693a313730363638313836393b6c6f67696e5f747970657c733a373a2273747564656e74223b73747564656e745f6c6f67696e7c733a313a2231223b73747564656e745f69647c733a323a223435223b6c6f67696e5f757365725f69647c733a323a223435223b6e616d657c733a31353a2254657374696e672053747564656e74223b),
('ead9ed63e0e7e79f0432da48f72c5fc9a3e4f154', '172.70.143.132', 1706605929, 0x5f5f63695f6c6173745f726567656e65726174657c693a313730363630353932393b);
INSERT INTO `ci_sessions` (`id`, `ip_address`, `timestamp`, `data`) VALUES
('eaec55da08f6deab24893781d1cceb21b320b0d4', '172.69.202.119', 1706784201, 0x5f5f63695f6c6173745f726567656e65726174657c693a313730363738343230313b6c6f67696e5f747970657c733a353a2261646d696e223b61646d696e5f6c6f67696e7c733a313a2231223b61646d696e5f69647c733a313a2231223b6c6f67696e5f757365725f69647c733a313a2231223b6e616d657c733a31333a2241646d696e6973747261746f72223b),
('ed2fe422fabddfddf1ed565fbf57f003d14a65d3', '172.70.142.244', 1706606874, 0x5f5f63695f6c6173745f726567656e65726174657c693a313730363630363837343b6c6f67696e5f747970657c733a353a2261646d696e223b61646d696e5f6c6f67696e7c733a313a2231223b61646d696e5f69647c733a313a2231223b6c6f67696e5f757365725f69647c733a313a2231223b6e616d657c733a31333a2241646d696e6973747261746f72223b666c6173685f6d6573736167657c733a31383a225375636365737366756c6c79204c6f67696e223b5f5f63695f766172737c613a313a7b733a31333a22666c6173685f6d657373616765223b733a333a226f6c64223b7d),
('el69nea5pu9mrilp4bg1rbojhvii9al4', '::1', 1706189053, 0x5f5f63695f6c6173745f726567656e65726174657c693a313730363138393035333b6c6f67696e5f747970657c733a353a2261646d696e223b61646d696e5f6c6f67696e7c733a313a2231223b61646d696e5f69647c733a313a2231223b6c6f67696e5f757365725f69647c733a313a2231223b6e616d657c733a31333a2241646d696e6973747261746f72223b666c6173685f6d6573736167657c733a31383a225375636365737366756c6c79204c6f67696e223b5f5f63695f766172737c613a313a7b733a31333a22666c6173685f6d657373616765223b733a333a226f6c64223b7d),
('f1071922d9dddb377f8c8ef7c99857e520bffac2', '172.70.219.79', 1706785107, 0x5f5f63695f6c6173745f726567656e65726174657c693a313730363738353130373b6c6f67696e5f747970657c733a373a2273747564656e74223b73747564656e745f6c6f67696e7c733a313a2231223b73747564656e745f69647c733a323a223435223b6c6f67696e5f757365725f69647c733a323a223435223b6e616d657c733a31353a2254657374696e672053747564656e74223b),
('f3edf28b4ff0b9fbae8a2e24a1fc07a1489f88d4', '172.69.67.55', 1706515795, 0x5f5f63695f6c6173745f726567656e65726174657c693a313730363531353739353b),
('f5071309f872fc40ee2a06550621e9b9e93b651b', '172.70.218.191', 1706785826, 0x5f5f63695f6c6173745f726567656e65726174657c693a313730363738353832363b6c6f67696e5f747970657c733a373a2273747564656e74223b73747564656e745f6c6f67696e7c733a313a2231223b73747564656e745f69647c733a323a223435223b6c6f67696e5f757365725f69647c733a323a223435223b6e616d657c733a31353a2254657374696e672053747564656e74223b),
('f538112081bc4b53f2dc27bdb391d283105b2e92', '172.71.81.67', 1706687263, 0x5f5f63695f6c6173745f726567656e65726174657c693a313730363638373236333b6c6f67696e5f747970657c733a373a2273747564656e74223b73747564656e745f6c6f67696e7c733a313a2231223b73747564656e745f69647c733a323a223435223b6c6f67696e5f757365725f69647c733a323a223435223b6e616d657c733a31353a2254657374696e672053747564656e74223b),
('f5636b486eb21e87726ccfb83f5fd7240744dfdd', '172.68.39.199', 1706537590, 0x5f5f63695f6c6173745f726567656e65726174657c693a313730363533373538303b6c6f67696e5f747970657c733a353a2261646d696e223b61646d696e5f6c6f67696e7c733a313a2231223b61646d696e5f69647c733a313a2231223b6c6f67696e5f757365725f69647c733a313a2231223b6e616d657c733a31333a2241646d696e6973747261746f72223b666c6173685f6d6573736167657c733a31383a225375636365737366756c6c79204c6f67696e223b5f5f63695f766172737c613a313a7b733a31333a22666c6173685f6d657373616765223b733a333a226f6c64223b7d),
('f5b6fc4911ed8a2174bdf8c7f501c663c1f69ab7', '172.69.202.109', 1706796113, 0x5f5f63695f6c6173745f726567656e65726174657c693a313730363739363033363b6c6f67696e5f747970657c733a373a2274656163686572223b746561636865725f6c6f67696e7c733a313a2231223b746561636865725f69647c733a313a2231223b6c6f67696e5f757365725f69647c733a313a2231223b6e616d657c733a31353a2254657374696e672054656163686572223b666c6173685f6d6573736167657c733a31383a225375636365737366756c6c79204c6f67696e223b5f5f63695f766172737c613a313a7b733a31333a22666c6173685f6d657373616765223b733a333a226f6c64223b7d),
('f6209264834da587cf088dc47b34451af578840c', '172.70.143.45', 1706680651, 0x5f5f63695f6c6173745f726567656e65726174657c693a313730363638303635313b6c6f67696e5f747970657c733a373a2273747564656e74223b73747564656e745f6c6f67696e7c733a313a2231223b73747564656e745f69647c733a323a223435223b6c6f67696e5f757365725f69647c733a323a223435223b6e616d657c733a31353a2254657374696e672053747564656e74223b6572726f725f6d6573736167657c733a32343a22506c656173656e2053656c65637420536f6d657468696e67223b5f5f63695f766172737c613a313a7b733a31333a226572726f725f6d657373616765223b733a333a226f6c64223b7d),
('f6898274049f8e6d7e503b36abd3108b3ba82a9e', '172.69.202.99', 1706605997, 0x5f5f63695f6c6173745f726567656e65726174657c693a313730363630353939373b6c6f67696e5f747970657c733a353a2261646d696e223b61646d696e5f6c6f67696e7c733a313a2231223b61646d696e5f69647c733a313a2231223b6c6f67696e5f757365725f69647c733a313a2231223b6e616d657c733a31333a2241646d696e6973747261746f72223b),
('f95fbe5b82837dd1a6ad4d5f8aa79b0c7522f155', '172.71.81.132', 1706609491, 0x5f5f63695f6c6173745f726567656e65726174657c693a313730363630393439313b6c6f67696e5f747970657c733a353a2261646d696e223b61646d696e5f6c6f67696e7c733a313a2231223b61646d696e5f69647c733a313a2231223b6c6f67696e5f757365725f69647c733a313a2231223b6e616d657c733a31333a2241646d696e6973747261746f72223b),
('f995c4541101b27de1f7c919135cc0ba6d88b8f8', '172.71.198.114', 1706351096, 0x5f5f63695f6c6173745f726567656e65726174657c693a313730363335313039363b6c6f67696e5f747970657c733a353a2261646d696e223b61646d696e5f6c6f67696e7c733a313a2231223b61646d696e5f69647c733a313a2231223b6c6f67696e5f757365725f69647c733a313a2231223b6e616d657c733a31333a2241646d696e6973747261746f72223b666c6173685f6d6573736167657c733a31383a225375636365737366756c6c79204c6f67696e223b5f5f63695f766172737c613a313a7b733a31333a22666c6173685f6d657373616765223b733a333a226f6c64223b7d),
('f9ca5b44fa57884c60cc9567ecc70f3642e897a8', '172.69.202.99', 1706794019, 0x5f5f63695f6c6173745f726567656e65726174657c693a313730363739343031393b6c6f67696e5f747970657c733a373a2273747564656e74223b73747564656e745f6c6f67696e7c733a313a2231223b73747564656e745f69647c733a323a223435223b6c6f67696e5f757365725f69647c733a323a223435223b6e616d657c733a31353a2254657374696e672053747564656e74223b),
('fabd0e0dfb3a48a6e0a0aad4b0ea1cf518f12c80', '162.158.227.155', 1706789659, 0x5f5f63695f6c6173745f726567656e65726174657c693a313730363738393635393b),
('fca3ae53513831eff73a5fa386190a5c3599b1a8', '162.158.227.204', 1706529980, 0x5f5f63695f6c6173745f726567656e65726174657c693a313730363532393938303b),
('fda542992c6e0fdd0e549025f99d2e3f18b8e0d2', '172.70.143.133', 1706681802, 0x5f5f63695f6c6173745f726567656e65726174657c693a313730363638313830323b6c6f67696e5f747970657c733a353a2261646d696e223b61646d696e5f6c6f67696e7c733a313a2231223b61646d696e5f69647c733a313a2231223b6c6f67696e5f757365725f69647c733a313a2231223b6e616d657c733a31333a2241646d696e6973747261746f72223b666c6173685f6d6573736167657c733a32333a225175697a204164646564205375636365737366756c6c79223b5f5f63695f766172737c613a313a7b733a31333a22666c6173685f6d657373616765223b733a333a226f6c64223b7d),
('fe62f1454e90a82888cd447ed44d0c059efa4ac1', '141.101.68.72', 1706788478, 0x5f5f63695f6c6173745f726567656e65726174657c693a313730363738383437383b),
('ffof6sv787d3u7gs0u46mt7mr5a27kmp', '::1', 1706191549, 0x5f5f63695f6c6173745f726567656e65726174657c693a313730363139313534393b6c6f67696e5f747970657c733a353a2261646d696e223b61646d696e5f6c6f67696e7c733a313a2231223b61646d696e5f69647c733a313a2231223b6c6f67696e5f757365725f69647c733a313a2231223b6e616d657c733a31333a2241646d696e6973747261746f72223b666c6173685f6d6573736167657c733a31383a225375636365737366756c6c79204c6f67696e223b5f5f63695f766172737c613a313a7b733a31333a22666c6173685f6d657373616765223b733a333a226f6c64223b7d),
('hf5c4ltm4mbg7vckgue39ogfjasnjchv', '::1', 1705670128, 0x5f5f63695f6c6173745f726567656e65726174657c693a313730353637303132383b),
('hfu3bhjal99g8hdhvm58rjvitdu8mkq7', '::1', 1706190332, 0x5f5f63695f6c6173745f726567656e65726174657c693a313730363139303333323b6c6f67696e5f747970657c733a353a2261646d696e223b61646d696e5f6c6f67696e7c733a313a2231223b61646d696e5f69647c733a313a2231223b6c6f67696e5f757365725f69647c733a313a2231223b6e616d657c733a31333a2241646d696e6973747261746f72223b666c6173685f6d6573736167657c733a31383a225375636365737366756c6c79204c6f67696e223b5f5f63695f766172737c613a313a7b733a31333a22666c6173685f6d657373616765223b733a333a226f6c64223b7d),
('i06r1r9vau9eln97gbomlid4d2mknl76', '::1', 1706189968, 0x5f5f63695f6c6173745f726567656e65726174657c693a313730363138393936383b6c6f67696e5f747970657c733a353a2261646d696e223b61646d696e5f6c6f67696e7c733a313a2231223b61646d696e5f69647c733a313a2231223b6c6f67696e5f757365725f69647c733a313a2231223b6e616d657c733a31333a2241646d696e6973747261746f72223b666c6173685f6d6573736167657c733a31383a225375636365737366756c6c79204c6f67696e223b5f5f63695f766172737c613a313a7b733a31333a22666c6173685f6d657373616765223b733a333a226f6c64223b7d),
('jkm3a2c1c177an6qpf7h2gcvs00k72s5', '::1', 1706183396, 0x5f5f63695f6c6173745f726567656e65726174657c693a313730363138333336333b6c6f67696e5f747970657c733a353a2261646d696e223b61646d696e5f6c6f67696e7c733a313a2231223b61646d696e5f69647c733a313a2231223b6c6f67696e5f757365725f69647c733a313a2231223b6e616d657c733a31333a2241646d696e6973747261746f72223b666c6173685f6d6573736167657c733a31383a225375636365737366756c6c79204c6f67696e223b5f5f63695f766172737c613a313a7b733a31333a22666c6173685f6d657373616765223b733a333a226f6c64223b7d),
('m6kqk9bacf41nsnjjcf5akn4onnrill6', '::1', 1706177687, 0x5f5f63695f6c6173745f726567656e65726174657c693a313730363137373637373b6572726f725f6d6573736167657c733a32333a2257726f6e6720456d61696c204f722050617373776f7264223b5f5f63695f766172737c613a323a7b733a31333a226572726f725f6d657373616765223b733a333a226f6c64223b733a31333a22666c6173685f6d657373616765223b733a333a226f6c64223b7d6c6f67696e5f747970657c733a353a2261646d696e223b61646d696e5f6c6f67696e7c733a313a2231223b61646d696e5f69647c733a313a2231223b6c6f67696e5f757365725f69647c733a313a2231223b6e616d657c733a31333a2241646d696e6973747261746f72223b666c6173685f6d6573736167657c733a31383a225375636365737366756c6c79204c6f67696e223b),
('np1j7lvufktlnbepqiah5iv9ef2d9bgn', '::1', 1706344803, 0x5f5f63695f6c6173745f726567656e65726174657c693a313730363334343739373b6c6f67696e5f747970657c733a373a2273747564656e74223b73747564656e745f6c6f67696e7c733a313a2231223b73747564656e745f69647c733a323a223435223b6c6f67696e5f757365725f69647c733a323a223435223b6e616d657c733a31353a2254657374696e672053747564656e74223b666c6173685f6d6573736167657c733a31383a225375636365737366756c6c79204c6f67696e223b5f5f63695f766172737c613a313a7b733a31333a22666c6173685f6d657373616765223b733a333a226f6c64223b7d),
('p96r935gcerl1c4ja13nd0kap1ushpdp', '::1', 1706341219, 0x5f5f63695f6c6173745f726567656e65726174657c693a313730363334313231383b6c6f67696e5f747970657c733a353a2261646d696e223b61646d696e5f6c6f67696e7c733a313a2231223b61646d696e5f69647c733a313a2231223b6c6f67696e5f757365725f69647c733a313a2231223b6e616d657c733a31333a2241646d696e6973747261746f72223b666c6173685f6d6573736167657c733a31383a225375636365737366756c6c79204c6f67696e223b5f5f63695f766172737c613a313a7b733a31333a22666c6173685f6d657373616765223b733a333a226f6c64223b7d),
('pdehu8fg2li6bd74lrq4jn3cqfd4c9ri', '::1', 1705669062, 0x5f5f63695f6c6173745f726567656e65726174657c693a313730353636393036323b6572726f725f6d6573736167657c733a32333a2257726f6e6720456d61696c204f722050617373776f7264223b5f5f63695f766172737c613a323a7b733a31333a226572726f725f6d657373616765223b733a333a226f6c64223b733a31333a22666c6173685f6d657373616765223b733a333a226f6c64223b7d6c6f67696e5f747970657c733a373a2273747564656e74223b73747564656e745f6c6f67696e7c733a313a2231223b73747564656e745f69647c733a323a223435223b6c6f67696e5f757365725f69647c733a323a223435223b6e616d657c733a31353a2254657374696e672053747564656e74223b666c6173685f6d6573736167657c733a31383a225375636365737366756c6c79204c6f67696e223b),
('pvdudd7a9cphkdpc154sm3hf13qj6r3k', '::1', 1706178014, 0x5f5f63695f6c6173745f726567656e65726174657c693a313730363137383031343b6c6f67696e5f747970657c733a353a2261646d696e223b61646d696e5f6c6f67696e7c733a313a2231223b61646d696e5f69647c733a313a2231223b6c6f67696e5f757365725f69647c733a313a2231223b6e616d657c733a31333a2241646d696e6973747261746f72223b666c6173685f6d6573736167657c733a31383a225375636365737366756c6c79204c6f67696e223b5f5f63695f766172737c613a313a7b733a31333a22666c6173685f6d657373616765223b733a333a226f6c64223b7d),
('qdo9n82s9dh4acptq3605lg0ot5goufa', '::1', 1705670968, 0x5f5f63695f6c6173745f726567656e65726174657c693a313730353637303936383b),
('r3b8lcr026t46m6tvv8u847u0bh4gspj', '::1', 1705662148, 0x5f5f63695f6c6173745f726567656e65726174657c693a313730353636323030333b6572726f725f6d6573736167657c733a32333a2257726f6e6720456d61696c204f722050617373776f7264223b5f5f63695f766172737c613a323a7b733a31333a226572726f725f6d657373616765223b733a333a226f6c64223b733a31333a22666c6173685f6d657373616765223b733a333a226f6c64223b7d6c6f67696e5f747970657c733a353a2261646d696e223b61646d696e5f6c6f67696e7c733a313a2231223b61646d696e5f69647c733a313a2231223b6c6f67696e5f757365725f69647c733a313a2231223b6e616d657c733a31333a2241646d696e6973747261746f72223b666c6173685f6d6573736167657c733a31383a225375636365737366756c6c79204c6f67696e223b),
('rdi2s5mrend5hr97bsji692k40ajt6aa', '::1', 1706187638, 0x5f5f63695f6c6173745f726567656e65726174657c693a313730363138373633383b6c6f67696e5f747970657c733a353a2261646d696e223b61646d696e5f6c6f67696e7c733a313a2231223b61646d696e5f69647c733a313a2231223b6c6f67696e5f757365725f69647c733a313a2231223b6e616d657c733a31333a2241646d696e6973747261746f72223b666c6173685f6d6573736167657c733a31383a225375636365737366756c6c79204c6f67696e223b5f5f63695f766172737c613a313a7b733a31333a22666c6173685f6d657373616765223b733a333a226f6c64223b7d),
('ro61caej1gdlg0826q7ffjqgd78btrlk', '::1', 1706183908, 0x5f5f63695f6c6173745f726567656e65726174657c693a313730363138333930383b6c6f67696e5f747970657c733a353a2261646d696e223b61646d696e5f6c6f67696e7c733a313a2231223b61646d696e5f69647c733a313a2231223b6c6f67696e5f757365725f69647c733a313a2231223b6e616d657c733a31333a2241646d696e6973747261746f72223b666c6173685f6d6573736167657c733a31383a225375636365737366756c6c79204c6f67696e223b5f5f63695f766172737c613a313a7b733a31333a22666c6173685f6d657373616765223b733a333a226f6c64223b7d),
('se1pvdpa5tfbln70cvlja9h19mp35s3f', '::1', 1706341873, 0x5f5f63695f6c6173745f726567656e65726174657c693a313730363334313837333b6572726f725f6d6573736167657c733a32333a2257726f6e6720456d61696c204f722050617373776f7264223b5f5f63695f766172737c613a323a7b733a31333a226572726f725f6d657373616765223b733a333a226f6c64223b733a31333a22666c6173685f6d657373616765223b733a333a226f6c64223b7d6c6f67696e5f747970657c733a353a2261646d696e223b61646d696e5f6c6f67696e7c733a313a2231223b61646d696e5f69647c733a313a2231223b6c6f67696e5f757365725f69647c733a313a2231223b6e616d657c733a31333a2241646d696e6973747261746f72223b666c6173685f6d6573736167657c733a31383a225375636365737366756c6c79204c6f67696e223b),
('t1su2ggd3n96adhsfons3g8j3k7q8puh', '::1', 1705662705, 0x5f5f63695f6c6173745f726567656e65726174657c693a313730353636323730353b),
('tkrk8p00615opg8rt6l2hhqcc1ev601j', '::1', 1706183359, 0x5f5f63695f6c6173745f726567656e65726174657c693a313730363138333235353b6572726f725f6d6573736167657c733a32333a2257726f6e6720456d61696c204f722050617373776f7264223b5f5f63695f766172737c613a323a7b733a31333a226572726f725f6d657373616765223b733a333a226f6c64223b733a31333a22666c6173685f6d657373616765223b733a333a226f6c64223b7d6c6f67696e5f747970657c733a353a2261646d696e223b61646d696e5f6c6f67696e7c733a313a2231223b61646d696e5f69647c733a313a2231223b6c6f67696e5f757365725f69647c733a313a2231223b6e616d657c733a31333a2241646d696e6973747261746f72223b666c6173685f6d6573736167657c733a31383a225375636365737366756c6c79204c6f67696e223b),
('v4jvbp16v59k6s5vadd1bc930am7d1d9', '::1', 1706178068, 0x5f5f63695f6c6173745f726567656e65726174657c693a313730363137383031343b6c6f67696e5f747970657c733a353a2261646d696e223b61646d696e5f6c6f67696e7c733a313a2231223b61646d696e5f69647c733a313a2231223b6c6f67696e5f757365725f69647c733a313a2231223b6e616d657c733a31333a2241646d696e6973747261746f72223b666c6173685f6d6573736167657c733a31383a225375636365737366756c6c79204c6f67696e223b5f5f63695f766172737c613a313a7b733a31333a22666c6173685f6d657373616765223b733a333a226f6c64223b7d);

-- --------------------------------------------------------

--
-- Table structure for table `class`
--

CREATE TABLE `class` (
  `class_id` int(11) NOT NULL,
  `name` longtext CHARACTER SET utf8 COLLATE utf8_unicode_ci NOT NULL,
  `name_numeric` longtext CHARACTER SET utf8 COLLATE utf8_unicode_ci NOT NULL,
  `teacher_id` int(11) NOT NULL
) ENGINE=MyISAM DEFAULT CHARSET=latin1;

--
-- Dumping data for table `class`
--

INSERT INTO `class` (`class_id`, `name`, `name_numeric`, `teacher_id`) VALUES
(2, 'Nursery One', 'Nursery 1', 1),
(3, 'class 1', 'class 1', 1),
(5, 'JEE', 'jee ', 3),
(6, 'NEET', 'neet', 3);

-- --------------------------------------------------------

--
-- Table structure for table `classroom`
--

CREATE TABLE `classroom` (
  `id` int(11) NOT NULL,
  `classroom` varchar(255) COLLATE utf8_unicode_ci NOT NULL,
  `subclass` varchar(255) COLLATE utf8_unicode_ci NOT NULL,
  `date` varchar(255) COLLATE utf8_unicode_ci NOT NULL,
  `document` varchar(255) COLLATE utf8_unicode_ci NOT NULL,
  `created_date` datetime NOT NULL
) ENGINE=InnoDB DEFAULT CHARSET=utf8 COLLATE=utf8_unicode_ci;

-- --------------------------------------------------------

--
-- Table structure for table `club`
--

CREATE TABLE `club` (
  `club_id` int(11) NOT NULL,
  `club_name` longtext CHARACTER SET utf8 COLLATE utf8_unicode_ci NOT NULL,
  `desc` longtext CHARACTER SET utf8 COLLATE utf8_unicode_ci NOT NULL,
  `date` longtext CHARACTER SET utf8 COLLATE utf8_unicode_ci NOT NULL
) ENGINE=MyISAM DEFAULT CHARSET=latin1;

--
-- Dumping data for table `club`
--

INSERT INTO `club` (`club_id`, `club_name`, `desc`, `date`) VALUES
(1, 'Jet club', 'This is for those who love science.', '2019-08-25'),
(4, 'defgt', 'dsefg', '2023-12-13');

-- --------------------------------------------------------

--
-- Table structure for table `courses`
--

CREATE TABLE `courses` (
  `id` int(11) NOT NULL,
  `section` varchar(255) COLLATE utf8_unicode_ci NOT NULL,
  `title` varchar(255) COLLATE utf8_unicode_ci NOT NULL,
  `class_id` varchar(255) COLLATE utf8_unicode_ci NOT NULL,
  `batch` varchar(255) COLLATE utf8_unicode_ci NOT NULL,
  `target_year` varchar(255) COLLATE utf8_unicode_ci NOT NULL,
  `course_img` varchar(255) COLLATE utf8_unicode_ci NOT NULL,
  `created_date` datetime NOT NULL DEFAULT CURRENT_TIMESTAMP
) ENGINE=InnoDB DEFAULT CHARSET=utf8 COLLATE=utf8_unicode_ci;

--
-- Dumping data for table `courses`
--

INSERT INTO `courses` (`id`, `section`, `title`, `class_id`, `batch`, `target_year`, `course_img`, `created_date`) VALUES
(18, 'JEE', 'JEE Batch', '5', '2024-01-31', '2025', 'jee.jpg', '2024-01-30 22:56:38'),
(19, 'NEET', 'NEET Batch', '3', '2024-01-31', '2025', 'neet.jpg', '2024-01-30 22:57:06'),
(20, 'Foundation', 'Foundation Course', '3', '2024-01-31', '2025', 'foundation.png', '2024-02-01 05:17:15'),
(21, 'Foundation', 'Foundation Course', '3', '2024-01-31', '2024', 'fvd01.jpg', '2024-02-01 05:22:18'),
(22, 'JEE', 'JEE', '5', '2024-01-31', '2025', 'jee02.jpg', '2024-02-01 05:22:46'),
(23, 'JEE', 'JEE', '5', '2024-02-03', '2025', 'jee01.jpg', '2024-02-01 05:23:18'),
(24, 'NEET', 'NEET', '3', '2024-01-31', '2024', 'neet01.jpg', '2024-02-01 05:23:44'),
(25, 'JEE', 'JEE Batch', '5', '2024-01-31', '2025', 'jee03.jpg', '2024-02-01 06:07:01'),
(26, 'NEET', 'NEET Batch', '2', '2024-02-01', '2025', 'neet01.jpg', '2024-02-01 06:13:54');

-- --------------------------------------------------------

--
-- Table structure for table `department`
--

CREATE TABLE `department` (
  `department_id` int(11) NOT NULL,
  `name` longtext CHARACTER SET utf8 COLLATE utf8_unicode_ci NOT NULL,
  `department_code` longtext CHARACTER SET utf8 COLLATE utf8_unicode_ci NOT NULL
) ENGINE=MyISAM DEFAULT CHARSET=latin1;

--
-- Dumping data for table `department`
--

INSERT INTO `department` (`department_id`, `name`, `department_code`) VALUES
(2, 'Bursar', 'aed7c689d676c7c'),
(5, 'science', '1ff72b9a092b75a');

-- --------------------------------------------------------

--
-- Table structure for table `designation`
--

CREATE TABLE `designation` (
  `designation_id` int(11) NOT NULL,
  `name` longtext CHARACTER SET utf8 COLLATE utf8_unicode_ci NOT NULL,
  `department_id` int(11) NOT NULL
) ENGINE=MyISAM DEFAULT CHARSET=latin1;

--
-- Dumping data for table `designation`
--

INSERT INTO `designation` (`designation_id`, `name`, `department_id`) VALUES
(5, 'Tutorial', 2),
(4, 'Udemy', 2),
(6, 'Student', 2),
(14, 'adsgegg', 5);

-- --------------------------------------------------------

--
-- Table structure for table `dormitory`
--

CREATE TABLE `dormitory` (
  `dormitory_id` int(11) NOT NULL,
  `name` longtext CHARACTER SET utf8 COLLATE utf8_unicode_ci NOT NULL,
  `hostel_room_id` int(11) NOT NULL,
  `hostel_category_id` int(11) NOT NULL,
  `capacity` longtext CHARACTER SET utf8 COLLATE utf8_unicode_ci NOT NULL,
  `address` longtext CHARACTER SET utf8 COLLATE utf8_unicode_ci NOT NULL,
  `description` longtext CHARACTER SET utf8 COLLATE utf8_unicode_ci NOT NULL
) ENGINE=MyISAM DEFAULT CHARSET=latin1;

--
-- Dumping data for table `dormitory`
--

INSERT INTO `dormitory` (`dormitory_id`, `name`, `hostel_room_id`, `hostel_category_id`, `capacity`, `address`, `description`) VALUES
(2, 'Wiz Hostel', 2, 3, '200', 'Address for hostel location', 'Address for hostel location');

-- --------------------------------------------------------

--
-- Table structure for table `dosen`
--

CREATE TABLE `dosen` (
  `id_dosen` int(11) NOT NULL,
  `nip` char(12) NOT NULL,
  `nama_dosen` varchar(50) NOT NULL,
  `email` varchar(254) NOT NULL,
  `matkul_id` int(11) NOT NULL
) ENGINE=InnoDB DEFAULT CHARSET=latin1;

--
-- Dumping data for table `dosen`
--

INSERT INTO `dosen` (`id_dosen`, `nip`, `nama_dosen`, `email`, `matkul_id`) VALUES
(7, '62314546', 'Mark Cooper', 'mcooper@mail.com', 8);

-- --------------------------------------------------------

--
-- Table structure for table `enquiry`
--

CREATE TABLE `enquiry` (
  `enquiry_id` int(11) NOT NULL,
  `category` longtext CHARACTER SET utf8 COLLATE utf8_unicode_ci NOT NULL,
  `mobile` longtext CHARACTER SET utf8 COLLATE utf8_unicode_ci NOT NULL,
  `purpose` longtext CHARACTER SET utf8 COLLATE utf8_unicode_ci NOT NULL,
  `name` longtext CHARACTER SET utf8 COLLATE utf8_unicode_ci NOT NULL,
  `whom_to_meet` longtext CHARACTER SET utf8 COLLATE utf8_unicode_ci NOT NULL,
  `email` longtext CHARACTER SET utf8 COLLATE utf8_unicode_ci NOT NULL,
  `content` longtext CHARACTER SET utf8 COLLATE utf8_unicode_ci NOT NULL,
  `date` timestamp NOT NULL DEFAULT CURRENT_TIMESTAMP ON UPDATE CURRENT_TIMESTAMP
) ENGINE=MyISAM DEFAULT CHARSET=latin1;

-- --------------------------------------------------------

--
-- Table structure for table `enquiry_category`
--

CREATE TABLE `enquiry_category` (
  `enquiry_category_id` int(11) NOT NULL,
  `category` longtext CHARACTER SET utf8 COLLATE utf8_unicode_ci NOT NULL,
  `purpose` longtext CHARACTER SET utf8 COLLATE utf8_unicode_ci NOT NULL,
  `whom` longtext CHARACTER SET utf8 COLLATE utf8_unicode_ci NOT NULL
) ENGINE=MyISAM DEFAULT CHARSET=latin1;

--
-- Dumping data for table `enquiry_category`
--

INSERT INTO `enquiry_category` (`enquiry_category_id`, `category`, `purpose`, `whom`) VALUES
(3, 'This is for ID 3 information.', 'Payment', 'Tutorial'),
(4, 'This is Udemy Information', 'School fees information', 'Just edited now'),
(6, 'dfghj', 'deghj', 'efghju');

-- --------------------------------------------------------

--
-- Table structure for table `exam`
--

CREATE TABLE `exam` (
  `exam_id` int(11) NOT NULL,
  `name` longtext CHARACTER SET utf8 COLLATE utf8_unicode_ci NOT NULL,
  `comment` longtext CHARACTER SET utf8 COLLATE utf8_unicode_ci NOT NULL,
  `timestamp` longtext CHARACTER SET utf8 COLLATE utf8_unicode_ci NOT NULL
) ENGINE=MyISAM DEFAULT CHARSET=latin1;

--
-- Dumping data for table `exam`
--

INSERT INTO `exam` (`exam_id`, `name`, `comment`, `timestamp`) VALUES
(1, 'First Term Examination', 'First Term', '2019-10-30');

-- --------------------------------------------------------

--
-- Table structure for table `exam_question`
--

CREATE TABLE `exam_question` (
  `exam_question_id` int(11) NOT NULL,
  `name` longtext CHARACTER SET utf8 COLLATE utf8_unicode_ci NOT NULL,
  `teacher_id` longtext CHARACTER SET utf8 COLLATE utf8_unicode_ci NOT NULL,
  `subject_id` longtext CHARACTER SET utf8 COLLATE utf8_unicode_ci NOT NULL,
  `description` longtext CHARACTER SET utf8 COLLATE utf8_unicode_ci NOT NULL,
  `class_id` longtext CHARACTER SET utf8 COLLATE utf8_unicode_ci NOT NULL,
  `file_name` longtext CHARACTER SET utf8 COLLATE utf8_unicode_ci NOT NULL,
  `file_type` longtext CHARACTER SET utf8 COLLATE utf8_unicode_ci NOT NULL,
  `timestamp` longtext CHARACTER SET utf8 COLLATE utf8_unicode_ci NOT NULL,
  `status` longtext CHARACTER SET utf8 COLLATE utf8_unicode_ci NOT NULL
) ENGINE=MyISAM DEFAULT CHARSET=latin1;

--
-- Dumping data for table `exam_question`
--

INSERT INTO `exam_question` (`exam_question_id`, `name`, `teacher_id`, `subject_id`, `description`, `class_id`, `file_name`, `file_type`, `timestamp`, `status`) VALUES
(4, 'asdf', '2', '5', 'zasfdgfg', '2', 'MscracticalCertificate.pdf', 'pdf', '2024-01-04', '1'),
(5, 'RAHUL M', '2', '4', 'sadasd', '2', 'question_import.xlsx', 'xlsx', '2024-02-01', '1');

-- --------------------------------------------------------

--
-- Table structure for table `expense_category`
--

CREATE TABLE `expense_category` (
  `expense_category_id` int(11) NOT NULL,
  `name` longtext CHARACTER SET utf8 COLLATE utf8_unicode_ci NOT NULL
) ENGINE=MyISAM DEFAULT CHARSET=latin1;

--
-- Dumping data for table `expense_category`
--

INSERT INTO `expense_category` (`expense_category_id`, `name`) VALUES
(5, 'Reading Books.');

-- --------------------------------------------------------

--
-- Table structure for table `gallery`
--

CREATE TABLE `gallery` (
  `id` int(11) NOT NULL,
  `title` varchar(255) COLLATE utf8_unicode_ci NOT NULL,
  `gallery_img` varchar(255) COLLATE utf8_unicode_ci NOT NULL,
  `created_date` datetime NOT NULL DEFAULT CURRENT_TIMESTAMP
) ENGINE=InnoDB DEFAULT CHARSET=utf8 COLLATE=utf8_unicode_ci;

-- --------------------------------------------------------

--
-- Table structure for table `groups`
--

CREATE TABLE `groups` (
  `id` mediumint(8) UNSIGNED NOT NULL,
  `name` varchar(20) NOT NULL,
  `description` varchar(100) NOT NULL
) ENGINE=InnoDB DEFAULT CHARSET=utf8;

--
-- Dumping data for table `groups`
--

INSERT INTO `groups` (`id`, `name`, `description`) VALUES
(1, 'admin', 'Administrator'),
(2, 'Lecturer', 'For making and checking Questions. And also conducting examinations'),
(3, 'Student', 'Exam Participants');

-- --------------------------------------------------------

--
-- Table structure for table `home_slider`
--

CREATE TABLE `home_slider` (
  `id` int(11) NOT NULL,
  `banner` varchar(255) COLLATE utf8_unicode_ci NOT NULL,
  `title` varchar(255) COLLATE utf8_unicode_ci NOT NULL,
  `created_date` datetime NOT NULL DEFAULT CURRENT_TIMESTAMP
) ENGINE=InnoDB DEFAULT CHARSET=utf8 COLLATE=utf8_unicode_ci;

--
-- Dumping data for table `home_slider`
--

INSERT INTO `home_slider` (`id`, `banner`, `title`, `created_date`) VALUES
(5, 'bansal_slider_image.webp', '', '2024-01-16 13:14:13'),
(6, 'NSEs-2023-24-1291x322.webp', '', '2024-01-16 13:16:32');

-- --------------------------------------------------------

--
-- Table structure for table `hostel_category`
--

CREATE TABLE `hostel_category` (
  `hostel_category_id` int(11) NOT NULL,
  `name` longtext CHARACTER SET utf8 COLLATE utf8_unicode_ci NOT NULL,
  `description` longtext CHARACTER SET utf8 COLLATE utf8_unicode_ci NOT NULL
) ENGINE=MyISAM DEFAULT CHARSET=latin1;

--
-- Dumping data for table `hostel_category`
--

INSERT INTO `hostel_category` (`hostel_category_id`, `name`, `description`) VALUES
(2, 'Female', 'This is for female only.'),
(3, 'Male', 'This is for male only. Female are not allowed.');

-- --------------------------------------------------------

--
-- Table structure for table `hostel_room`
--

CREATE TABLE `hostel_room` (
  `hostel_room_id` int(11) NOT NULL,
  `name` longtext CHARACTER SET utf8 COLLATE utf8_unicode_ci NOT NULL,
  `room_type` longtext CHARACTER SET utf8 COLLATE utf8_unicode_ci NOT NULL,
  `num_bed` longtext CHARACTER SET utf8 COLLATE utf8_unicode_ci NOT NULL,
  `cost_bed` longtext CHARACTER SET utf8 COLLATE utf8_unicode_ci NOT NULL,
  `description` longtext CHARACTER SET utf8 COLLATE utf8_unicode_ci NOT NULL
) ENGINE=MyISAM DEFAULT CHARSET=latin1;

--
-- Dumping data for table `hostel_room`
--

INSERT INTO `hostel_room` (`hostel_room_id`, `name`, `room_type`, `num_bed`, `cost_bed`, `description`) VALUES
(2, 'Room One', 'Single', '2', '5000', 'This is for the big guys among us.');

-- --------------------------------------------------------

--
-- Table structure for table `house`
--

CREATE TABLE `house` (
  `house_id` int(11) NOT NULL,
  `name` longtext CHARACTER SET utf8 COLLATE utf8_unicode_ci NOT NULL,
  `description` longtext CHARACTER SET utf8 COLLATE utf8_unicode_ci NOT NULL
) ENGINE=MyISAM DEFAULT CHARSET=latin1;

--
-- Dumping data for table `house`
--

INSERT INTO `house` (`house_id`, `name`, `description`) VALUES
(1, 'Purple House', 'This is for students in purple house');

-- --------------------------------------------------------

--
-- Table structure for table `h_ujian`
--

CREATE TABLE `h_ujian` (
  `id` int(11) NOT NULL,
  `ujian_id` int(11) NOT NULL,
  `mahasiswa_id` int(11) NOT NULL,
  `list_soal` longtext NOT NULL,
  `list_jawaban` longtext NOT NULL,
  `jml_benar` int(11) NOT NULL,
  `nilai` decimal(10,2) NOT NULL,
  `nilai_bobot` decimal(10,2) NOT NULL,
  `tgl_mulai` datetime NOT NULL,
  `tgl_selesai` datetime NOT NULL,
  `status` enum('Y','N') NOT NULL
) ENGINE=InnoDB DEFAULT CHARSET=utf8;

--
-- Dumping data for table `h_ujian`
--

INSERT INTO `h_ujian` (`id`, `ujian_id`, `mahasiswa_id`, `list_soal`, `list_jawaban`, `jml_benar`, `nilai`, `nilai_bobot`, `tgl_mulai`, `tgl_selesai`, `status`) VALUES
(6, 8, 4, '21', '21::N', 0, 0.00, 0.00, '2022-06-16 13:02:02', '2022-06-16 13:04:02', 'Y'),
(7, 9, 4, '21', '21:A:N', 1, 100.00, 1.00, '2022-06-16 14:24:56', '2022-06-16 14:25:56', 'N');

-- --------------------------------------------------------

--
-- Table structure for table `invoice`
--

CREATE TABLE `invoice` (
  `invoice_id` int(11) NOT NULL,
  `invoice_number` longtext CHARACTER SET utf8 COLLATE utf8_unicode_ci NOT NULL,
  `student_id` int(11) NOT NULL,
  `title` longtext CHARACTER SET utf8 COLLATE utf8_unicode_ci NOT NULL,
  `description` longtext CHARACTER SET utf8 COLLATE utf8_unicode_ci NOT NULL,
  `amount` int(11) NOT NULL,
  `discount` int(11) NOT NULL,
  `amount_paid` int(11) NOT NULL,
  `due` int(11) NOT NULL,
  `creation_timestamp` longtext CHARACTER SET utf8 COLLATE utf8_unicode_ci NOT NULL,
  `payment_method` longtext CHARACTER SET utf8 COLLATE utf8_unicode_ci NOT NULL,
  `status` int(11) NOT NULL,
  `year` longtext CHARACTER SET utf8 COLLATE utf8_unicode_ci NOT NULL
) ENGINE=MyISAM DEFAULT CHARSET=latin1;

--
-- Dumping data for table `invoice`
--

INSERT INTO `invoice` (`invoice_id`, `invoice_number`, `student_id`, `title`, `description`, `amount`, `discount`, `amount_paid`, `due`, `creation_timestamp`, `payment_method`, `status`, `year`) VALUES
(2, '742593INV2019', 45, 'Another Part payment for eLibrary', 'Another Part payment for eLibrary.', 7000, 0, 6200, 800, '2019-11-12', '1', 2, '2019-2020');

-- --------------------------------------------------------

--
-- Table structure for table `jurusan`
--

CREATE TABLE `jurusan` (
  `id_jurusan` int(11) NOT NULL,
  `nama_jurusan` varchar(30) NOT NULL
) ENGINE=InnoDB DEFAULT CHARSET=utf8;

--
-- Dumping data for table `jurusan`
--

INSERT INTO `jurusan` (`id_jurusan`, `nama_jurusan`) VALUES
(5, 'Sample 101'),
(6, 'Sample 102');

-- --------------------------------------------------------

--
-- Table structure for table `jurusan_matkul`
--

CREATE TABLE `jurusan_matkul` (
  `id` int(11) NOT NULL,
  `matkul_id` int(11) NOT NULL,
  `jurusan_id` int(11) NOT NULL
) ENGINE=InnoDB DEFAULT CHARSET=utf8;

--
-- Dumping data for table `jurusan_matkul`
--

INSERT INTO `jurusan_matkul` (`id`, `matkul_id`, `jurusan_id`) VALUES
(10, 8, 5);

-- --------------------------------------------------------

--
-- Table structure for table `kelas`
--

CREATE TABLE `kelas` (
  `id_kelas` int(11) NOT NULL,
  `nama_kelas` varchar(30) NOT NULL,
  `jurusan_id` int(11) NOT NULL
) ENGINE=InnoDB DEFAULT CHARSET=utf8;

--
-- Dumping data for table `kelas`
--

INSERT INTO `kelas` (`id_kelas`, `nama_kelas`, `jurusan_id`) VALUES
(12, 'Class 101', 5),
(13, 'Class 102', 6);

-- --------------------------------------------------------

--
-- Table structure for table `kelas_dosen`
--

CREATE TABLE `kelas_dosen` (
  `id` int(11) NOT NULL,
  `kelas_id` int(11) NOT NULL,
  `dosen_id` int(11) NOT NULL
) ENGINE=InnoDB DEFAULT CHARSET=utf8;

--
-- Dumping data for table `kelas_dosen`
--

INSERT INTO `kelas_dosen` (`id`, `kelas_id`, `dosen_id`) VALUES
(14, 12, 7),
(15, 13, 7);

-- --------------------------------------------------------

--
-- Table structure for table `language`
--

CREATE TABLE `language` (
  `phrase_id` int(11) NOT NULL,
  `phrase` longtext COLLATE utf8_unicode_ci NOT NULL,
  `english` longtext COLLATE utf8_unicode_ci,
  `arabic` longtext COLLATE utf8_unicode_ci,
  `french` longtext COLLATE utf8_unicode_ci,
  `korea` longtext COLLATE utf8_unicode_ci
) ENGINE=MyISAM DEFAULT CHARSET=utf8 COLLATE=utf8_unicode_ci;

--
-- Dumping data for table `language`
--

INSERT INTO `language` (`phrase_id`, `phrase`, `english`, `arabic`, `french`, `korea`) VALUES
(1, 'Manage Language', 'Manage Language', ' ', NULL, NULL),
(2, 'active language', 'Active Language', ' ', NULL, NULL),
(40557, 'add', NULL, NULL, NULL, NULL);

-- --------------------------------------------------------

--
-- Table structure for table `language_list`
--

CREATE TABLE `language_list` (
  `language_list_id` int(11) NOT NULL,
  `name` varchar(500) CHARACTER SET utf8 COLLATE utf8_unicode_ci DEFAULT NULL,
  `db_field` varchar(300) DEFAULT NULL,
  `status` varchar(20) DEFAULT NULL
) ENGINE=InnoDB DEFAULT CHARSET=latin1;

-- --------------------------------------------------------

--
-- Table structure for table `leave`
--

CREATE TABLE `leave` (
  `leave_id` int(11) NOT NULL,
  `leave_code` longtext CHARACTER SET utf8 COLLATE utf8_unicode_ci NOT NULL,
  `teacher_id` longtext CHARACTER SET utf8 COLLATE utf8_unicode_ci NOT NULL,
  `start_date` longtext CHARACTER SET utf8 COLLATE utf8_unicode_ci NOT NULL,
  `end_date` longtext CHARACTER SET utf8 COLLATE utf8_unicode_ci NOT NULL,
  `reason` longtext CHARACTER SET utf8 COLLATE utf8_unicode_ci NOT NULL,
  `status` longtext CHARACTER SET utf8 COLLATE utf8_unicode_ci NOT NULL
) ENGINE=MyISAM DEFAULT CHARSET=latin1;

-- --------------------------------------------------------

--
-- Table structure for table `login_attempts`
--

CREATE TABLE `login_attempts` (
  `id` int(10) UNSIGNED NOT NULL,
  `ip_address` varchar(45) NOT NULL,
  `login` varchar(100) NOT NULL,
  `time` int(10) UNSIGNED DEFAULT NULL
) ENGINE=InnoDB DEFAULT CHARSET=utf8;

--
-- Dumping data for table `login_attempts`
--

INSERT INTO `login_attempts` (`id`, `ip_address`, `login`, `time`) VALUES
(8, '::1', '62314152', 1655358257),
(9, '::1', '62314152', 1655358260),
(10, '::1', '62314152', 1655358263),
(11, '::1', 'admin@admin.com', 1655358303),
(13, '::1', 'sam23@mail.coom', 1655359119),
(15, '::1', 'admin', 1655360998);

-- --------------------------------------------------------

--
-- Table structure for table `mahasiswa`
--

CREATE TABLE `mahasiswa` (
  `id_mahasiswa` int(11) NOT NULL,
  `nama` varchar(50) NOT NULL,
  `nim` char(20) NOT NULL,
  `email` varchar(254) NOT NULL,
  `jenis_kelamin` enum('L','P') NOT NULL,
  `kelas_id` int(11) NOT NULL COMMENT 'kelas&jurusan'
) ENGINE=InnoDB DEFAULT CHARSET=latin1;

--
-- Dumping data for table `mahasiswa`
--

INSERT INTO `mahasiswa` (`id_mahasiswa`, `nama`, `nim`, `email`, `jenis_kelamin`, `kelas_id`) VALUES
(1, 'Liam Moore', '12183018', 'liamoore@mail.com', '', 1),
(2, 'Demo Student', '01112004', 'demostd@mail.com', '', 9),
(4, 'Samantha Jane Miller', '62314152', 'sam23@mail.com', '', 12);

-- --------------------------------------------------------

--
-- Table structure for table `mark`
--

CREATE TABLE `mark` (
  `mark_id` int(11) NOT NULL,
  `student_id` int(11) NOT NULL,
  `subject_id` int(11) NOT NULL,
  `exam_id` int(11) NOT NULL,
  `class_id` int(11) NOT NULL,
  `class_score1` int(11) NOT NULL,
  `class_score2` int(11) NOT NULL,
  `class_score3` int(11) NOT NULL,
  `exam_score` int(11) NOT NULL,
  `comment` longtext NOT NULL
) ENGINE=MyISAM DEFAULT CHARSET=latin1;

--
-- Dumping data for table `mark`
--

INSERT INTO `mark` (`mark_id`, `student_id`, `subject_id`, `exam_id`, `class_id`, `class_score1`, `class_score2`, `class_score3`, `exam_score`, `comment`) VALUES
(1, 45, 5, 1, 2, 10, 9, 8, 70, 'Good performance.'),
(2, 45, 4, 1, 2, 10, 7, 9, 69, 'Excellent performance.'),
(3, 45, 6, 1, 2, 8, 5, 8, 21, ''),
(4, 0, 5, 1, 2, 0, 0, 0, 0, ''),
(5, 0, 4, 1, 2, 0, 0, 0, 0, ''),
(6, 0, 6, 1, 2, 0, 0, 0, 0, ''),
(7, 45, 0, 1, 2, 0, 0, 0, 0, '');

-- --------------------------------------------------------

--
-- Table structure for table `material`
--

CREATE TABLE `material` (
  `material_id` int(11) NOT NULL,
  `name` longtext CHARACTER SET utf8 COLLATE utf8_unicode_ci NOT NULL,
  `class_id` int(11) NOT NULL,
  `subject_id` int(11) NOT NULL,
  `teacher_id` int(11) NOT NULL,
  `description` longtext CHARACTER SET utf8 COLLATE utf8_unicode_ci NOT NULL,
  `file_name` longtext CHARACTER SET utf8 COLLATE utf8_unicode_ci NOT NULL,
  `file_type` longtext CHARACTER SET utf8 COLLATE utf8_unicode_ci NOT NULL,
  `timestamp` longtext CHARACTER SET utf8 COLLATE utf8_unicode_ci NOT NULL
) ENGINE=MyISAM DEFAULT CHARSET=latin1;

--
-- Dumping data for table `material`
--

INSERT INTO `material` (`material_id`, `name`, `class_id`, `subject_id`, `teacher_id`, `description`, `file_name`, `file_type`, `timestamp`) VALUES
(1, 'Study material for Nursery One', 2, 5, 1, 'This is for class only.', 'profile.png', 'docx', '2018-08-19');

-- --------------------------------------------------------

--
-- Table structure for table `matkul`
--

CREATE TABLE `matkul` (
  `id_matkul` int(11) NOT NULL,
  `nama_matkul` varchar(50) NOT NULL
) ENGINE=InnoDB DEFAULT CHARSET=utf8;

--
-- Dumping data for table `matkul`
--

INSERT INTO `matkul` (`id_matkul`, `nama_matkul`) VALUES
(8, 'Course 101'),
(9, 'Course 102');

-- --------------------------------------------------------

--
-- Table structure for table `meeting_link`
--

CREATE TABLE `meeting_link` (
  `id` int(11) NOT NULL,
  `title` longtext CHARACTER SET utf8 COLLATE utf8_unicode_ci NOT NULL,
  `meeting_code` longtext NOT NULL,
  `meeting_type` varchar(255) NOT NULL,
  `link` longtext CHARACTER SET utf8 COLLATE utf8_unicode_ci NOT NULL,
  `uploader_type` longtext CHARACTER SET utf8 COLLATE utf8_unicode_ci NOT NULL,
  `uploader_id` longtext CHARACTER SET utf8 COLLATE utf8_unicode_ci NOT NULL,
  `session` longtext CHARACTER SET utf8 COLLATE utf8_unicode_ci NOT NULL,
  `timestamp` int(11) NOT NULL
) ENGINE=MyISAM DEFAULT CHARSET=latin1;

--
-- Dumping data for table `meeting_link`
--

INSERT INTO `meeting_link` (`id`, `title`, `meeting_code`, `meeting_type`, `link`, `uploader_type`, `uploader_id`, `session`, `timestamp`) VALUES
(15, 'aaaa', '3223fed', 'Google Meeting', 'https://meet.google.com/mtc-drnf-mip', 'admin', '1', '2023-2024', 1705563079);

-- --------------------------------------------------------

--
-- Table structure for table `m_ujian`
--

CREATE TABLE `m_ujian` (
  `id_ujian` int(11) NOT NULL,
  `dosen_id` int(11) NOT NULL,
  `matkul_id` int(11) NOT NULL,
  `nama_ujian` varchar(200) NOT NULL,
  `jumlah_soal` int(11) NOT NULL,
  `waktu` int(11) NOT NULL,
  `jenis` enum('Random','Sort') NOT NULL,
  `tgl_mulai` datetime NOT NULL,
  `terlambat` datetime NOT NULL,
  `token` varchar(5) NOT NULL
) ENGINE=InnoDB DEFAULT CHARSET=utf8;

--
-- Dumping data for table `m_ujian`
--

INSERT INTO `m_ujian` (`id_ujian`, `dosen_id`, `matkul_id`, `nama_ujian`, `jumlah_soal`, `waktu`, `jenis`, `tgl_mulai`, `terlambat`, `token`) VALUES
(8, 7, 8, 'Exam 101', 1, 2, 'Sort', '2022-06-16 12:57:15', '2022-06-20 14:02:28', 'FABZD'),
(9, 7, 8, 'Exam 102', 1, 1, 'Random', '2022-06-16 14:18:22', '2022-06-17 14:07:25', 'IOLEN');

-- --------------------------------------------------------

--
-- Table structure for table `noticeboard`
--

CREATE TABLE `noticeboard` (
  `noticeboard_id` int(11) NOT NULL,
  `title` longtext CHARACTER SET utf8 COLLATE utf8_unicode_ci NOT NULL,
  `location` longtext CHARACTER SET utf8 COLLATE utf8_unicode_ci NOT NULL,
  `timestamp` int(11) NOT NULL,
  `description` longtext CHARACTER SET utf8 COLLATE utf8_unicode_ci NOT NULL
) ENGINE=MyISAM DEFAULT CHARSET=latin1;

--
-- Dumping data for table `noticeboard`
--

INSERT INTO `noticeboard` (`noticeboard_id`, `title`, `location`, `timestamp`, `description`) VALUES
(3, 'Second meeting coming up soon', 'Udemy Forum', 1575136800, 'The meeting is coming up soon. Ensure you are fully prepared.'),
(4, 'Parent Teacher Association Meeting.', 'Ontario Location', 1575050400, 'This is the new updated information as regards the meeting.');

-- --------------------------------------------------------

--
-- Table structure for table `parent`
--

CREATE TABLE `parent` (
  `parent_id` int(11) NOT NULL,
  `name` longtext CHARACTER SET utf8 COLLATE utf8_unicode_ci NOT NULL,
  `email` longtext CHARACTER SET utf8 COLLATE utf8_unicode_ci NOT NULL,
  `password` longtext CHARACTER SET utf8 COLLATE utf8_unicode_ci NOT NULL,
  `phone` longtext CHARACTER SET utf8 COLLATE utf8_unicode_ci NOT NULL,
  `address` longtext CHARACTER SET utf8 COLLATE utf8_unicode_ci NOT NULL,
  `profession` longtext CHARACTER SET utf8 COLLATE utf8_unicode_ci NOT NULL,
  `login_status` longtext CHARACTER SET utf8 COLLATE utf8_unicode_ci NOT NULL
) ENGINE=MyISAM DEFAULT CHARSET=latin1;

--
-- Dumping data for table `parent`
--

INSERT INTO `parent` (`parent_id`, `name`, `email`, `password`, `phone`, `address`, `profession`, `login_status`) VALUES
(4, 'Mr. Parent', 'parent@parent.com', '7110eda4d09e062aa5e4a390b0a572ac0d2c0220', '+912345667', 'Udemy Address', 'Learners', '0');

-- --------------------------------------------------------

--
-- Table structure for table `payment`
--

CREATE TABLE `payment` (
  `payment_id` int(11) NOT NULL,
  `expense_category_id` longtext CHARACTER SET utf8 COLLATE utf8_unicode_ci NOT NULL,
  `title` longtext CHARACTER SET utf8 COLLATE utf8_unicode_ci NOT NULL,
  `payment_type` longtext CHARACTER SET utf8 COLLATE utf8_unicode_ci NOT NULL,
  `invoice_id` longtext CHARACTER SET utf8 COLLATE utf8_unicode_ci NOT NULL,
  `student_id` longtext CHARACTER SET utf8 COLLATE utf8_unicode_ci NOT NULL,
  `method` longtext CHARACTER SET utf8 COLLATE utf8_unicode_ci NOT NULL,
  `description` longtext CHARACTER SET utf8 COLLATE utf8_unicode_ci NOT NULL,
  `amount` longtext CHARACTER SET utf8 COLLATE utf8_unicode_ci NOT NULL,
  `discount` longtext CHARACTER SET utf8 COLLATE utf8_unicode_ci NOT NULL,
  `timestamp` int(11) NOT NULL,
  `year` longtext CHARACTER SET utf8 COLLATE utf8_unicode_ci NOT NULL
) ENGINE=MyISAM DEFAULT CHARSET=latin1;

--
-- Dumping data for table `payment`
--

INSERT INTO `payment` (`payment_id`, `expense_category_id`, `title`, `payment_type`, `invoice_id`, `student_id`, `method`, `description`, `amount`, `discount`, `timestamp`, `year`) VALUES
(2, '5', 'Purchase of school reading', 'expense', '', '', '2', 'This was purchase by the school administrator for the purpose of having reading books in the school.<br>', '5000', '', 556644564, '2019-2020'),
(5, '5', 'Purchase of school chalks', 'expense', '', '', '1', 'Purchase of school chalks<br>', '3000', '', 556644564, '2019-2020'),
(6, '', 'Part payment for eLibrary', '', '2', '45', '1', 'income', '5000', '0', 556644564, ''),
(7, '', 'Another payment for eLibrary', 'income', '3', '45', '1', 'Another payment for eLibrary', '2000', '0', 445667865, ''),
(8, '', 'Part payment for eLibrary', 'income', '2', '45', '1', 'Part payment for eLibrary', '1200', '', 556644564, ''),
(9, '5', 'New chalk purchased', 'expense', '', '', '3', 'New chalk purchased<br>', '1000', '', 556644564, '2019-2020'),
(10, '', 'Another Part payment for eLibrary.', 'income', '2', '45', '1', 'Another Part payment for eLibrary.', '5000', '', 1576951200, '2019-2020');

-- --------------------------------------------------------

--
-- Table structure for table `quiz_answer`
--

CREATE TABLE `quiz_answer` (
  `id` int(11) NOT NULL,
  `user_id` smallint(6) NOT NULL,
  `quiz_id` smallint(6) NOT NULL,
  `question_id` smallint(6) NOT NULL,
  `answer` varchar(255) CHARACTER SET utf8 COLLATE utf8_unicode_ci NOT NULL,
  `is_correct` bit(1) NOT NULL COMMENT '1 = correct, 0 = incorrect',
  `entry_date` datetime NOT NULL DEFAULT CURRENT_TIMESTAMP
) ENGINE=MyISAM DEFAULT CHARSET=latin1;

--
-- Dumping data for table `quiz_answer`
--

INSERT INTO `quiz_answer` (`id`, `user_id`, `quiz_id`, `question_id`, `answer`, `is_correct`, `entry_date`) VALUES
(1, 45, 5, 11, 'option_1', b'1', '2024-01-30 23:50:22'),
(2, 45, 5, 12, 'option_2', b'0', '2024-01-30 23:50:22'),
(3, 45, 5, 13, 'option_2', b'0', '2024-01-30 23:50:22'),
(4, 45, 5, 14, 'option_2', b'0', '2024-01-30 23:50:22'),
(5, 45, 5, 15, 'option_2', b'0', '2024-01-30 23:50:22'),
(6, 45, 5, 16, 'option_2', b'0', '2024-01-30 23:50:22'),
(7, 45, 5, 17, 'option_2', b'0', '2024-01-30 23:50:22'),
(8, 45, 5, 18, 'option_1', b'1', '2024-01-30 23:50:22'),
(9, 45, 5, 19, 'option_1', b'1', '2024-01-30 23:50:22'),
(10, 45, 5, 20, 'option_1', b'1', '2024-01-30 23:50:22'),
(11, 45, 5, 21, 'option_1', b'1', '2024-01-30 23:50:22'),
(12, 45, 5, 22, 'option_1', b'1', '2024-01-30 23:50:22'),
(13, 45, 5, 23, 'option_1', b'1', '2024-01-30 23:50:22'),
(14, 45, 5, 24, 'option_1', b'1', '2024-01-30 23:50:22'),
(24, 45, 4, 1, 'option_1', b'1', '2024-01-30 23:56:54'),
(25, 45, 4, 2, 'option_1', b'1', '2024-01-30 23:56:54'),
(26, 45, 4, 3, 'option_1', b'1', '2024-01-30 23:56:54'),
(27, 45, 4, 4, 'option_1', b'1', '2024-01-30 23:56:54'),
(28, 45, 4, 5, 'option_1', b'1', '2024-01-30 23:56:54'),
(29, 45, 4, 6, 'option_1', b'1', '2024-01-30 23:56:54'),
(30, 45, 4, 7, 'option_1', b'1', '2024-01-30 23:56:54'),
(31, 45, 4, 8, 'option_2', b'0', '2024-01-30 23:56:54'),
(32, 45, 4, 9, 'option_2', b'0', '2024-01-30 23:56:54'),
(33, 45, 6, 37, 'option_1', b'1', '2024-01-31 00:18:00'),
(34, 45, 6, 38, 'option_1', b'0', '2024-01-31 00:18:00'),
(35, 45, 6, 39, 'option_1', b'0', '2024-01-31 00:18:00'),
(36, 45, 6, 40, 'option_1', b'0', '2024-01-31 00:18:00'),
(37, 45, 6, 41, 'option_1', b'0', '2024-01-31 00:18:00'),
(38, 45, 6, 42, 'option_1', b'0', '2024-01-31 00:18:00'),
(39, 45, 6, 44, 'option_1', b'0', '2024-01-31 00:18:00'),
(40, 45, 6, 45, 'option_1', b'0', '2024-01-31 00:18:00'),
(41, 45, 6, 46, 'option_1', b'0', '2024-01-31 00:18:00'),
(42, 45, 6, 47, 'option_1', b'0', '2024-01-31 00:18:00'),
(43, 45, 6, 48, 'option_4', b'0', '2024-01-31 00:18:00'),
(44, 45, 6, 49, 'option_4', b'0', '2024-01-31 00:18:00'),
(45, 45, 6, 50, 'option_4', b'0', '2024-01-31 00:18:00'),
(46, 45, 6, 51, 'option_4', b'0', '2024-01-31 00:18:00'),
(47, 45, 6, 52, 'option_4', b'0', '2024-01-31 00:18:00'),
(48, 45, 6, 53, 'option_4', b'0', '2024-01-31 00:18:00'),
(49, 45, 7, 55, 'option_1', b'1', '2024-01-31 00:25:53'),
(50, 45, 7, 56, 'option_1', b'1', '2024-01-31 00:25:53'),
(51, 45, 7, 57, 'option_1', b'1', '2024-01-31 00:25:53'),
(52, 45, 7, 58, 'option_2', b'0', '2024-01-31 00:25:53'),
(53, 45, 8, 59, 'option_1', b'1', '2024-01-31 00:41:07'),
(54, 45, 8, 60, 'option_1', b'1', '2024-01-31 00:41:07'),
(55, 45, 8, 61, 'option_1', b'1', '2024-01-31 00:41:07'),
(56, 45, 8, 62, 'option_4', b'0', '2024-01-31 00:41:07'),
(57, 45, 8, 63, 'option_4', b'0', '2024-01-31 00:41:07'),
(58, 45, 8, 64, 'option_4', b'0', '2024-01-31 00:41:07'),
(59, 45, 8, 65, 'option_3', b'0', '2024-01-31 00:41:07'),
(60, 45, 9, 66, 'option_4', b'1', '2024-01-31 22:47:36'),
(61, 45, 9, 67, 'option_2', b'1', '2024-01-31 22:47:36'),
(62, 45, 9, 68, 'option_3', b'1', '2024-01-31 22:47:36'),
(63, 45, 9, 69, 'option_1', b'1', '2024-01-31 22:47:36'),
(64, 45, 9, 70, 'option_2', b'0', '2024-01-31 22:47:36'),
(65, 45, 14, 92, 'option_1', b'0', '2024-02-01 05:28:17'),
(66, 45, 14, 93, 'option_1', b'0', '2024-02-01 05:28:17'),
(67, 45, 14, 94, 'option_1', b'0', '2024-02-01 05:28:17'),
(68, 45, 14, 95, 'option_1', b'1', '2024-02-01 05:28:17'),
(69, 45, 14, 96, 'option_1', b'0', '2024-02-01 05:28:17'),
(70, 45, 15, 97, 'option_1', b'0', '2024-02-01 06:21:05'),
(71, 45, 15, 98, 'option_1', b'0', '2024-02-01 06:21:05'),
(72, 45, 15, 99, 'option_1', b'0', '2024-02-01 06:21:05'),
(73, 45, 15, 100, 'option_1', b'1', '2024-02-01 06:21:05'),
(74, 45, 15, 101, 'option_1', b'0', '2024-02-01 06:21:05');

-- --------------------------------------------------------

--
-- Table structure for table `quiz_details`
--

CREATE TABLE `quiz_details` (
  `quiz_id` int(11) NOT NULL,
  `quiz_name` varchar(255) CHARACTER SET utf8 COLLATE utf8_unicode_ci NOT NULL,
  `quiz_duration` varchar(255) NOT NULL,
  `start_date` date NOT NULL,
  `end_date` date NOT NULL,
  `is_active` tinyint(4) NOT NULL,
  `show_it` bit(1) NOT NULL,
  `counter` varchar(255) NOT NULL DEFAULT '10',
  `created_date` datetime NOT NULL,
  `created_by` int(11) NOT NULL,
  `last_modified_date` datetime NOT NULL,
  `last_modified_by` int(11) NOT NULL,
  `other_imp_instruction` text,
  `negative_mark` text,
  `mark_for_correct_answer` text
) ENGINE=MyISAM DEFAULT CHARSET=latin1;

--
-- Dumping data for table `quiz_details`
--

INSERT INTO `quiz_details` (`quiz_id`, `quiz_name`, `quiz_duration`, `start_date`, `end_date`, `is_active`, `show_it`, `counter`, `created_date`, `created_by`, `last_modified_date`, `last_modified_by`, `other_imp_instruction`, `negative_mark`, `mark_for_correct_answer`) VALUES
(15, 'Foundation01', '30 min', '2024-01-31', '2024-02-20', 1, b'1', '10', '2024-02-01 19:15:44', 0, '0000-00-00 00:00:00', 0, 'ss', '3', '3'),
(11, 'Foundation', '30 min', '2024-01-31', '2024-02-08', 1, b'1', '10', '2024-02-01 15:25:21', 0, '0000-00-00 00:00:00', 0, '', '', ''),
(12, 'Mathematic', '30 min', '2024-01-31', '2024-02-02', 1, b'1', '10', '2024-02-01 17:52:27', 0, '0000-00-00 00:00:00', 0, '', '', ''),
(13, 'Advance', '30 min', '2024-01-31', '2024-02-07', 1, b'1', '10', '2024-02-01 18:08:56', 0, '0000-00-00 00:00:00', 0, '', '', ''),
(14, 'Test', '30 min', '2024-01-31', '2024-02-14', 1, b'1', '10', '2024-02-01 18:25:57', 0, '0000-00-00 00:00:00', 0, '', '', '');

-- --------------------------------------------------------

--
-- Table structure for table `quiz_enquiry`
--

CREATE TABLE `quiz_enquiry` (
  `user_id` int(11) NOT NULL,
  `fullName` varchar(255) COLLATE utf8_unicode_ci NOT NULL,
  `gender` varchar(255) COLLATE utf8_unicode_ci NOT NULL,
  `email` varchar(255) COLLATE utf8_unicode_ci NOT NULL,
  `mobileNumber` varchar(255) COLLATE utf8_unicode_ci NOT NULL,
  `class` varchar(255) COLLATE utf8_unicode_ci NOT NULL,
  `user_role` tinyint(4) NOT NULL,
  `is_active` tinyint(4) NOT NULL DEFAULT '1' COMMENT '1=Active, 0=Inactive',
  `created_date` datetime NOT NULL DEFAULT CURRENT_TIMESTAMP
) ENGINE=InnoDB DEFAULT CHARSET=utf8 COLLATE=utf8_unicode_ci;

--
-- Dumping data for table `quiz_enquiry`
--

INSERT INTO `quiz_enquiry` (`user_id`, `fullName`, `gender`, `email`, `mobileNumber`, `class`, `user_role`, `is_active`, `created_date`) VALUES
(1, 'Rahul Manwtakar', 'male', 'R@GMAIL.COM', '09834006423', 'JEE', 2, 1, '2024-02-01 04:41:21');

-- --------------------------------------------------------

--
-- Table structure for table `quiz_questions`
--

CREATE TABLE `quiz_questions` (
  `id` int(11) NOT NULL,
  `quiz_id` int(11) DEFAULT NULL,
  `question` text NOT NULL,
  `option1` varchar(255) CHARACTER SET utf8 COLLATE utf8_unicode_ci NOT NULL,
  `option2` varchar(255) CHARACTER SET utf8 COLLATE utf8_unicode_ci NOT NULL,
  `option3` varchar(255) CHARACTER SET utf8 COLLATE utf8_unicode_ci NOT NULL,
  `option4` varchar(255) CHARACTER SET utf8 COLLATE utf8_unicode_ci NOT NULL,
  `file` text,
  `file_a` text,
  `file_b` text,
  `file_c` text,
  `file_d` text,
  `tipe_file` text,
  `add_by_import` varchar(255) DEFAULT NULL,
  `answer` varchar(20) CHARACTER SET utf8 COLLATE utf8_unicode_ci NOT NULL,
  `exam_type` enum('0','1') NOT NULL DEFAULT '0',
  `is_active` tinyint(4) NOT NULL,
  `created_date` datetime NOT NULL,
  `created_by` int(11) NOT NULL
) ENGINE=MyISAM DEFAULT CHARSET=latin1;

--
-- Dumping data for table `quiz_questions`
--

INSERT INTO `quiz_questions` (`id`, `quiz_id`, `question`, `option1`, `option2`, `option3`, `option4`, `file`, `file_a`, `file_b`, `file_c`, `file_d`, `tipe_file`, `add_by_import`, `answer`, `exam_type`, `is_active`, `created_date`, `created_by`) VALUES
(76, 11, 'How many types of foundations are there based on depth?', '3', '4', '5', '2', NULL, NULL, NULL, NULL, NULL, NULL, '1', 'option_4', '0', 1, '0000-00-00 00:00:00', 0),
(77, 11, 'The figure below represents', 'Isolated footing', 'Wall footing', 'Strap footing', 'Mat foundation', 'https://www.sanfoundry.com/wp-content/uploads/2017/09/basic-civil-engineering-questions-answers-foundation-q2.png', NULL, NULL, NULL, NULL, NULL, '1', 'option_2', '0', 1, '0000-00-00 00:00:00', 0),
(78, 11, '___________ footing is used in load bearing masonry construction.', 'Isolated', 'Strap', 'Strip', 'Pile', NULL, NULL, NULL, NULL, NULL, NULL, '1', 'option_3', '0', 1, '0000-00-00 00:00:00', 0),
(79, 11, 'How many types of combined footing are possible?', '2', '3', '5', '4', NULL, NULL, NULL, NULL, NULL, NULL, '1', 'option_1', '0', 1, '0000-00-00 00:00:00', 0),
(80, 11, 'CPRF stands for:', 'Combined Plain Round Foundation', 'Connected Pile Round Foundation', 'Combined Pile Raft Foundation', 'Corrosion Proof Raft Foundation', NULL, NULL, NULL, NULL, NULL, NULL, '1', 'option_3', '0', 1, '0000-00-00 00:00:00', 0),
(81, 12, '4+4', '6', '4', '8', '3', NULL, NULL, NULL, NULL, NULL, NULL, '1', 'option_3', '1', 1, '0000-00-00 00:00:00', 0),
(82, 12, '4+4', '6', '4', '8', '3', NULL, NULL, NULL, NULL, NULL, NULL, '1', '8', '1', 1, '0000-00-00 00:00:00', 0),
(83, 12, '4+4', '6', '4', '8', '3', NULL, NULL, NULL, NULL, NULL, NULL, '1', '8', '1', 1, '0000-00-00 00:00:00', 0),
(84, 12, '4+4', '6', '4', '8', '3', NULL, NULL, NULL, NULL, NULL, NULL, '1', '8', '1', 1, '0000-00-00 00:00:00', 0),
(85, 12, '4+4', '6', '4', '8', '3', NULL, NULL, NULL, NULL, NULL, NULL, '1', '8', '1', 1, '0000-00-00 00:00:00', 0),
(86, 12, '4+4', '6', '4', '8', '3', NULL, NULL, NULL, NULL, NULL, NULL, '1', '8', '1', 1, '0000-00-00 00:00:00', 0),
(87, 13, 'How many types of foundations are there based on depth?', '3', '4', '5', '2', NULL, NULL, NULL, NULL, NULL, NULL, '1', 'option_4', '1', 1, '0000-00-00 00:00:00', 0),
(88, 13, 'The figure below represents', 'Isolated footing', 'Wall footing', 'Strap footing', 'Mat foundation', 'https://www.sanfoundry.com/wp-content/uploads/2017/09/basic-civil-engineering-questions-answers-foundation-q2.png', NULL, NULL, NULL, NULL, NULL, '1', 'option_2', '1', 1, '0000-00-00 00:00:00', 0),
(89, 13, '___________ footing is used in load bearing masonry construction.', 'Isolated', 'Strap', 'Strip', 'Pile', NULL, NULL, NULL, NULL, NULL, NULL, '1', 'option_3', '1', 1, '0000-00-00 00:00:00', 0),
(90, 13, 'How many types of combined footing are possible?', '2', '3', '5', '4', NULL, NULL, NULL, NULL, NULL, NULL, '1', 'option_1', '1', 1, '0000-00-00 00:00:00', 0),
(91, 13, 'CPRF stands for:', 'Combined Plain Round Foundation', 'Connected Pile Round Foundation', 'Combined Pile Raft Foundation', 'Corrosion Proof Raft Foundation', NULL, NULL, NULL, NULL, NULL, NULL, '1', 'option_3', '1', 1, '0000-00-00 00:00:00', 0),
(92, 14, 'How many types of foundations are there based on depth?', '3', '4', '5', '2', NULL, NULL, NULL, NULL, NULL, NULL, '1', 'option_4', '1', 1, '0000-00-00 00:00:00', 0),
(93, 14, 'The figure below represents', 'Isolated footing', 'Wall footing', 'Strap footing', 'Mat foundation', 'https://www.sanfoundry.com/wp-content/uploads/2017/09/basic-civil-engineering-questions-answers-foundation-q2.png', NULL, NULL, NULL, NULL, NULL, '1', 'option_2', '1', 1, '0000-00-00 00:00:00', 0),
(94, 14, '___________ footing is used in load bearing masonry construction.', 'Isolated', 'Strap', 'Strip', 'Pile', NULL, NULL, NULL, NULL, NULL, NULL, '1', 'option_3', '1', 1, '0000-00-00 00:00:00', 0),
(95, 14, 'How many types of combined footing are possible?', '2', '3', '5', '4', NULL, NULL, NULL, NULL, NULL, NULL, '1', 'option_1', '1', 1, '0000-00-00 00:00:00', 0),
(96, 14, 'CPRF stands for:', 'Combined Plain Round Foundation', 'Connected Pile Round Foundation', 'Combined Pile Raft Foundation', 'Corrosion Proof Raft Foundation', NULL, NULL, NULL, NULL, NULL, NULL, '1', 'option_3', '1', 1, '0000-00-00 00:00:00', 0),
(97, 15, 'How many types of foundations are there based on depth?', '3', '4', '5', '2', NULL, NULL, NULL, NULL, NULL, NULL, '1', 'option_4', '1', 1, '0000-00-00 00:00:00', 0),
(98, 15, 'The figure below represents', 'Isolated footing', 'Wall footing', 'Strap footing', 'Mat foundation', 'https://www.sanfoundry.com/wp-content/uploads/2017/09/basic-civil-engineering-questions-answers-foundation-q2.png', NULL, NULL, NULL, NULL, NULL, '1', 'option_2', '1', 1, '0000-00-00 00:00:00', 0),
(99, 15, '___________ footing is used in load bearing masonry construction.', 'Isolated', 'Strap', 'Strip', 'Pile', NULL, NULL, NULL, NULL, NULL, NULL, '1', 'option_3', '1', 1, '0000-00-00 00:00:00', 0),
(100, 15, 'How many types of combined footing are possible?', '2', '3', '5', '4', NULL, NULL, NULL, NULL, NULL, NULL, '1', 'option_1', '1', 1, '0000-00-00 00:00:00', 0),
(101, 15, 'CPRF stands for:', 'Combined Plain Round Foundation', 'Connected Pile Round Foundation', 'Combined Pile Raft Foundation', 'Corrosion Proof Raft Foundation', NULL, NULL, NULL, NULL, NULL, NULL, '1', 'option_3', '1', 1, '0000-00-00 00:00:00', 0);

-- --------------------------------------------------------

--
-- Table structure for table `recorded_lecture`
--

CREATE TABLE `recorded_lecture` (
  `id` int(11) NOT NULL,
  `title` varchar(255) COLLATE utf8_unicode_ci NOT NULL,
  `youtube_link` varchar(255) COLLATE utf8_unicode_ci NOT NULL,
  `description` text COLLATE utf8_unicode_ci NOT NULL,
  `created_date` datetime NOT NULL DEFAULT CURRENT_TIMESTAMP
) ENGINE=InnoDB DEFAULT CHARSET=utf8 COLLATE=utf8_unicode_ci;

--
-- Dumping data for table `recorded_lecture`
--

INSERT INTO `recorded_lecture` (`id`, `title`, `youtube_link`, `description`, `created_date`) VALUES
(3, 'Bansal Pathashala', 'https://www.youtube.com/@bansalpathshala7363', '', '2024-02-01 04:57:41');

-- --------------------------------------------------------

--
-- Table structure for table `results`
--

CREATE TABLE `results` (
  `id` int(11) NOT NULL,
  `result_banner` varchar(255) COLLATE utf8_unicode_ci NOT NULL,
  `title` varchar(255) COLLATE utf8_unicode_ci NOT NULL,
  `created_date` datetime NOT NULL DEFAULT CURRENT_TIMESTAMP
) ENGINE=InnoDB DEFAULT CHARSET=utf8 COLLATE=utf8_unicode_ci;

--
-- Dumping data for table `results`
--

INSERT INTO `results` (`id`, `result_banner`, `title`, `created_date`) VALUES
(6, 'jee-adv-results-Image.jpg', '', '2024-01-02 23:42:55'),
(7, 'Slider_Aug.jpg', '', '2024-01-16 14:12:59'),
(8, 'result-3.jpg', '', '2024-01-16 14:13:08'),
(9, 'jee-adv-results-Image1.jpg', '', '2024-01-16 14:13:30'),
(10, 'JEE-Advanced-Result-2016.jpg', '', '2024-01-16 14:14:01'),
(11, 'JEE-Advanced-Result-2015.jpg', '', '2024-01-16 14:15:40');

-- --------------------------------------------------------

--
-- Table structure for table `section`
--

CREATE TABLE `section` (
  `section_id` int(11) NOT NULL,
  `name` longtext CHARACTER SET utf8 COLLATE utf8_unicode_ci NOT NULL,
  `nick_name` longtext CHARACTER SET utf8 COLLATE utf8_unicode_ci NOT NULL,
  `class_id` int(11) NOT NULL,
  `teacher_id` int(11) NOT NULL
) ENGINE=MyISAM DEFAULT CHARSET=latin1;

--
-- Dumping data for table `section`
--

INSERT INTO `section` (`section_id`, `name`, `nick_name`, `class_id`, `teacher_id`) VALUES
(3, 'First Term', 'Term 1', 2, 1),
(4, 'Second Term', '2nd', 2, 1),
(5, 'aaa', 'asdfgh', 3, 2);

-- --------------------------------------------------------

--
-- Table structure for table `settings`
--

CREATE TABLE `settings` (
  `settings_id` int(11) NOT NULL,
  `type` longtext CHARACTER SET utf8 COLLATE utf8_unicode_ci NOT NULL,
  `description` longtext CHARACTER SET utf8 COLLATE utf8_unicode_ci NOT NULL
) ENGINE=MyISAM DEFAULT CHARSET=latin1;

--
-- Dumping data for table `settings`
--

INSERT INTO `settings` (`settings_id`, `type`, `description`) VALUES
(1, 'system_name', 'Bansal Pathshala'),
(2, 'system_title', 'Bansal Pathshala'),
(3, 'address', ' 2nd floor morey sadan, opp. Bajaj KTM showroom, Nagpur, Maharashtra 440001'),
(4, 'phone', '+1564783934'),
(6, 'currency', 'INR'),
(7, 'system_email', 'payment@optimumlinkup.com'),
(11, 'language', 'english'),
(12, 'text_align', 'left-to-right'),
(16, 'skin_colour', 'blue'),
(21, 'session', '2023-2024'),
(22, 'footer', 'Bringing to you by Bansal Pathshala'),
(116, 'paypal_email', 'info@bansalpathshala.com'),
(119, 'stripe_setting', '[{\"stripe_active\":\"1\",\"testmode\":\"off\",\"secret_key\":\"test secret key\",\"public_key\":\"test public key\",\"secret_live_key\":\"live secret key\",\"public_live_key\":\"live public key\"}]'),
(122, 'paypal_setting', '[{\"paypal_active\":\"1\",\"paypal_mode\":\"sandbox\",\"sandbox_client_id\":\"client id sandbox\",\"production_client_id\":\"client - production\"}]'),
(123, 'img', 'dfg');

-- --------------------------------------------------------

--
-- Table structure for table `sms_settings`
--

CREATE TABLE `sms_settings` (
  `sms_setting_id` int(11) NOT NULL,
  `type` longtext CHARACTER SET utf8 COLLATE utf8_unicode_ci NOT NULL,
  `info` longtext CHARACTER SET utf8 COLLATE utf8_unicode_ci NOT NULL
) ENGINE=MyISAM DEFAULT CHARSET=latin1;

--
-- Dumping data for table `sms_settings`
--

INSERT INTO `sms_settings` (`sms_setting_id`, `type`, `info`) VALUES
(12, 'msg91_sender_id', 'sender id'),
(11, 'msg91_authentication_key', 'msg91 auth key'),
(10, 'clickatell_apikey', 'clickattel api'),
(9, 'clickatell_password', 'clickattel paasword'),
(8, 'clickatell_username', 'clickattel username'),
(13, 'msg91_route', 'route'),
(14, 'msg91_country_code', 'country code'),
(15, 'active_sms_gateway', 'msg91');

-- --------------------------------------------------------

--
-- Table structure for table `social_category`
--

CREATE TABLE `social_category` (
  `social_category_id` int(11) NOT NULL,
  `name` longtext CHARACTER SET utf8 COLLATE utf8_unicode_ci NOT NULL,
  `colour` longtext CHARACTER SET utf8 COLLATE utf8_unicode_ci NOT NULL,
  `icon` longtext CHARACTER SET utf8 COLLATE utf8_unicode_ci NOT NULL,
  `description` longtext CHARACTER SET utf8 COLLATE utf8_unicode_ci NOT NULL
) ENGINE=MyISAM DEFAULT CHARSET=latin1;

--
-- Dumping data for table `social_category`
--

INSERT INTO `social_category` (`social_category_id`, `name`, `colour`, `icon`, `description`) VALUES
(2, 'Romance', 'danger', 'fa-male', 'This is for romance chat room'),
(3, 'Event', 'primary', 'fa-book', 'This is for event chat room');

-- --------------------------------------------------------

--
-- Table structure for table `student`
--

CREATE TABLE `student` (
  `student_id` int(11) NOT NULL,
  `name` longtext COLLATE utf8_unicode_ci NOT NULL,
  `birthday` longtext COLLATE utf8_unicode_ci NOT NULL,
  `age` longtext COLLATE utf8_unicode_ci NOT NULL,
  `place_birth` longtext COLLATE utf8_unicode_ci NOT NULL,
  `sex` longtext COLLATE utf8_unicode_ci NOT NULL,
  `m_tongue` longtext COLLATE utf8_unicode_ci NOT NULL,
  `religion` longtext COLLATE utf8_unicode_ci NOT NULL,
  `blood_group` longtext COLLATE utf8_unicode_ci NOT NULL,
  `address` longtext COLLATE utf8_unicode_ci NOT NULL,
  `city` longtext COLLATE utf8_unicode_ci NOT NULL,
  `state` longtext COLLATE utf8_unicode_ci NOT NULL,
  `nationality` longtext COLLATE utf8_unicode_ci NOT NULL,
  `phone` longtext COLLATE utf8_unicode_ci NOT NULL,
  `email` longtext COLLATE utf8_unicode_ci NOT NULL,
  `ps_attended` longtext COLLATE utf8_unicode_ci NOT NULL,
  `ps_address` longtext COLLATE utf8_unicode_ci NOT NULL,
  `ps_purpose` longtext COLLATE utf8_unicode_ci NOT NULL,
  `class_study` longtext COLLATE utf8_unicode_ci NOT NULL,
  `date_of_leaving` longtext COLLATE utf8_unicode_ci NOT NULL,
  `am_date` longtext COLLATE utf8_unicode_ci NOT NULL,
  `tran_cert` longtext COLLATE utf8_unicode_ci NOT NULL,
  `dob_cert` longtext COLLATE utf8_unicode_ci NOT NULL,
  `mark_join` longtext COLLATE utf8_unicode_ci NOT NULL,
  `physical_h` longtext COLLATE utf8_unicode_ci NOT NULL,
  `password` longtext COLLATE utf8_unicode_ci NOT NULL,
  `father_name` longtext COLLATE utf8_unicode_ci NOT NULL,
  `mother_name` longtext COLLATE utf8_unicode_ci NOT NULL,
  `class_id` longtext COLLATE utf8_unicode_ci NOT NULL,
  `section_id` int(11) NOT NULL,
  `parent_id` int(11) NOT NULL,
  `roll` longtext COLLATE utf8_unicode_ci NOT NULL,
  `transport_id` int(11) NOT NULL,
  `dormitory_id` int(11) NOT NULL,
  `house_id` int(11) NOT NULL,
  `student_category_id` int(11) NOT NULL,
  `club_id` int(11) NOT NULL,
  `session` longtext COLLATE utf8_unicode_ci NOT NULL,
  `card_number` longtext COLLATE utf8_unicode_ci NOT NULL,
  `issue_date` longtext COLLATE utf8_unicode_ci NOT NULL,
  `expire_date` longtext COLLATE utf8_unicode_ci NOT NULL,
  `dormitory_room_number` longtext COLLATE utf8_unicode_ci NOT NULL,
  `more_entries` longtext COLLATE utf8_unicode_ci NOT NULL,
  `login_status` longtext COLLATE utf8_unicode_ci NOT NULL
) ENGINE=InnoDB DEFAULT CHARSET=utf8 COLLATE=utf8_unicode_ci;

--
-- Dumping data for table `student`
--

INSERT INTO `student` (`student_id`, `name`, `birthday`, `age`, `place_birth`, `sex`, `m_tongue`, `religion`, `blood_group`, `address`, `city`, `state`, `nationality`, `phone`, `email`, `ps_attended`, `ps_address`, `ps_purpose`, `class_study`, `date_of_leaving`, `am_date`, `tran_cert`, `dob_cert`, `mark_join`, `physical_h`, `password`, `father_name`, `mother_name`, `class_id`, `section_id`, `parent_id`, `roll`, `transport_id`, `dormitory_id`, `house_id`, `student_category_id`, `club_id`, `session`, `card_number`, `issue_date`, `expire_date`, `dormitory_room_number`, `more_entries`, `login_status`) VALUES
(45, 'Testing Student', '09/30/2003', '16', 'Lagos', 'female', 'Mother Tongue', 'Muslim', 'B+', 'Address', 'City', 'Lagos', 'Canadian', '+912345667', 'ankita@student.com', 'Previous school attended', 'Previous school address', 'Purpose Of Leaving', 'Class In Which Was Studying', '2011-08-10', '2011-08-19', 'Yes', 'Yes', 'Yes', 'No', '7110eda4d09e062aa5e4a390b0a572ac0d2c0220', '', '', '2', 0, 4, '5bf8161', 0, 2, 1, 2, 1, '2019-2020', '', '', '', '', '', '1'),
(46, 'Sudipa Swarup Maity', '01/18/2022', '2', 'Nagpur', 'female', 'marathi', 'hindu', 'A', 'Nagpur\r\nMaharashtra\r\n440002', 'Nagpur', 'Maharashtra', 'rfvgf', '9359044818', 'msudi8@gmail.com', 'aaa', 'Nagpur', 'aaa', 'aaa', '2011-08-19', '2011-08-19', 'No', 'No', 'No', 'No', '7110eda4d09e062aa5e4a390b0a572ac0d2c0220', '', '', '3', 5, 4, '0b9a282', 0, 2, 1, 2, 1, '2023-2024', '', '', '', '', '', '1');

-- --------------------------------------------------------

--
-- Table structure for table `student_category`
--

CREATE TABLE `student_category` (
  `student_category_id` int(11) NOT NULL,
  `name` longtext CHARACTER SET utf8 COLLATE utf8_unicode_ci NOT NULL,
  `description` longtext CHARACTER SET utf8 COLLATE utf8_unicode_ci NOT NULL
) ENGINE=MyISAM DEFAULT CHARSET=latin1;

--
-- Dumping data for table `student_category`
--

INSERT INTO `student_category` (`student_category_id`, `name`, `description`) VALUES
(2, 'Boarding Student', 'This is for the boarding student.');

-- --------------------------------------------------------

--
-- Table structure for table `subject`
--

CREATE TABLE `subject` (
  `subject_id` int(11) NOT NULL,
  `name` longtext CHARACTER SET utf8 COLLATE utf8_unicode_ci NOT NULL,
  `class_id` int(11) NOT NULL,
  `teacher_id` int(11) NOT NULL
) ENGINE=MyISAM DEFAULT CHARSET=latin1;

--
-- Dumping data for table `subject`
--

INSERT INTO `subject` (`subject_id`, `name`, `class_id`, `teacher_id`) VALUES
(5, 'Economics', 2, 1),
(4, 'Mathematics', 2, 1),
(6, 'English', 2, 1);

-- --------------------------------------------------------

--
-- Table structure for table `tb_soal`
--

CREATE TABLE `tb_soal` (
  `id_soal` int(11) NOT NULL,
  `dosen_id` int(11) DEFAULT NULL,
  `matkul_id` int(11) DEFAULT NULL,
  `bobot` int(11) DEFAULT NULL,
  `file` varchar(255) DEFAULT NULL,
  `tipe_file` varchar(50) DEFAULT NULL,
  `soal` longtext,
  `opsi_a` longtext,
  `opsi_b` longtext,
  `opsi_c` longtext,
  `opsi_d` longtext,
  `opsi_e` longtext,
  `file_a` varchar(255) DEFAULT NULL,
  `file_b` varchar(255) DEFAULT NULL,
  `file_c` varchar(255) DEFAULT NULL,
  `file_d` varchar(255) DEFAULT NULL,
  `file_e` varchar(255) DEFAULT NULL,
  `jawaban` varchar(5) DEFAULT NULL,
  `created_on` timestamp NOT NULL DEFAULT CURRENT_TIMESTAMP,
  `updated_on` timestamp NULL DEFAULT CURRENT_TIMESTAMP
) ENGINE=InnoDB DEFAULT CHARSET=utf8;

--
-- Dumping data for table `tb_soal`
--

INSERT INTO `tb_soal` (`id_soal`, `dosen_id`, `matkul_id`, `bobot`, `file`, `tipe_file`, `soal`, `opsi_a`, `opsi_b`, `opsi_c`, `opsi_d`, `opsi_e`, `file_a`, `file_b`, `file_c`, `file_d`, `file_e`, `jawaban`, `created_on`, `updated_on`) VALUES
(21, 7, 8, 10, '4bf27efcf12574cccb52c6ec3e6a391c.jpg', 'image/jpeg', '<p>Sample Question</p>', '<p>Right</p>', '<p>Wrong</p>', '<p>Wrong<br></p>', '<p>Wrong<br></p>', '<p>Wrong<br></p>', '66ba609b0fdb5be6a0f4b401eb156176.jpg', '', '', '', '', 'A', '0000-00-00 00:00:00', '0000-00-00 00:00:00'),
(29, NULL, NULL, NULL, NULL, NULL, '2 + 2', '1', '2', '3', '4', '5', NULL, NULL, NULL, NULL, NULL, 'D', '2024-01-27 10:27:19', '2024-01-27 10:27:19'),
(30, 7, 8, 1, '2e72df13e03a444457d7654ec40bc486.png', 'image/png', 'test', 'test', 'tset', 'tset', 'tset', 'tsetste', NULL, NULL, NULL, NULL, NULL, 'A', '0000-00-00 00:00:00', '0000-00-00 00:00:00');

-- --------------------------------------------------------

--
-- Table structure for table `teacher`
--

CREATE TABLE `teacher` (
  `teacher_id` int(11) NOT NULL,
  `name` longtext COLLATE utf8_unicode_ci NOT NULL,
  `role` longtext COLLATE utf8_unicode_ci NOT NULL,
  `teacher_number` longtext COLLATE utf8_unicode_ci NOT NULL,
  `birthday` longtext COLLATE utf8_unicode_ci NOT NULL,
  `sex` longtext COLLATE utf8_unicode_ci NOT NULL,
  `religion` longtext COLLATE utf8_unicode_ci NOT NULL,
  `blood_group` longtext COLLATE utf8_unicode_ci NOT NULL,
  `address` longtext COLLATE utf8_unicode_ci NOT NULL,
  `phone` longtext COLLATE utf8_unicode_ci NOT NULL,
  `email` longtext COLLATE utf8_unicode_ci NOT NULL,
  `facebook` longtext COLLATE utf8_unicode_ci NOT NULL,
  `twitter` longtext COLLATE utf8_unicode_ci NOT NULL,
  `googleplus` longtext COLLATE utf8_unicode_ci NOT NULL,
  `linkedin` longtext COLLATE utf8_unicode_ci NOT NULL,
  `qualification` longtext COLLATE utf8_unicode_ci NOT NULL,
  `marital_status` longtext COLLATE utf8_unicode_ci NOT NULL,
  `file_name` longtext COLLATE utf8_unicode_ci NOT NULL,
  `password` longtext COLLATE utf8_unicode_ci NOT NULL,
  `department_id` int(11) NOT NULL,
  `designation_id` int(11) NOT NULL,
  `date_of_joining` longtext COLLATE utf8_unicode_ci NOT NULL,
  `joining_salary` longtext COLLATE utf8_unicode_ci NOT NULL,
  `status` int(11) NOT NULL,
  `date_of_leaving` longtext COLLATE utf8_unicode_ci NOT NULL,
  `bank_id` int(11) NOT NULL,
  `login_status` longtext COLLATE utf8_unicode_ci NOT NULL
) ENGINE=InnoDB DEFAULT CHARSET=utf8 COLLATE=utf8_unicode_ci;

--
-- Dumping data for table `teacher`
--

INSERT INTO `teacher` (`teacher_id`, `name`, `role`, `teacher_number`, `birthday`, `sex`, `religion`, `blood_group`, `address`, `phone`, `email`, `facebook`, `twitter`, `googleplus`, `linkedin`, `qualification`, `marital_status`, `file_name`, `password`, `department_id`, `designation_id`, `date_of_joining`, `joining_salary`, `status`, `date_of_leaving`, `bank_id`, `login_status`) VALUES
(1, 'Testing Teacher', '1', 'f82e5cc', '2018-08-19', 'male', 'Christianity', 'B+', '546787, Kertz shopping complext, Silicon Valley, United State of America, New York city.', '+912345667', 'teacher@teacher.com', 'facebook', 'twitter', 'googleplus', 'linkedin', 'PhD', 'Married', 'profile.png', '7110eda4d09e062aa5e4a390b0a572ac0d2c0220', 2, 4, '2019-09-15', '5000', 1, '2019-09-18', 3, '1'),
(2, 'ankita rokde', '2', 'fabb241', '1995-08-19', 'female', 'hindu', 'B+', 'dighori', '8765432123', 'ankita@gmail.com', '', '', '', '', 'sdas', 'Single', 'Ankita CV.pdf', 'da54e6c92368d10baaca171faf8dad325c3542d3', 5, 14, '2024-01-01', '20000', 1, '2024-01-01', 5, ''),
(3, 'Amit', '1', '92117e1', '2018-08-19', 'male', 'ghj', 'df', 'dxfgh', '09359044818', 'amit@gmail.com', 'wsda', 'sdf', 'sdf', 'sdxf', 'sd', 'Single', 'Background-image2.jpeg', 'c8babb64262c6076e821e1ea0afc7d306ede96cb', 5, 14, '2024-11-01', '23456', 1, '2024-01-11', 6, '0');

-- --------------------------------------------------------

--
-- Table structure for table `testimonial`
--

CREATE TABLE `testimonial` (
  `id` int(11) NOT NULL,
  `name` varchar(255) COLLATE utf8_unicode_ci NOT NULL,
  `description` varchar(255) COLLATE utf8_unicode_ci NOT NULL,
  `scholarship_image` varchar(255) COLLATE utf8_unicode_ci NOT NULL,
  `created_date` datetime NOT NULL DEFAULT CURRENT_TIMESTAMP
) ENGINE=InnoDB DEFAULT CHARSET=utf8 COLLATE=utf8_unicode_ci;

--
-- Dumping data for table `testimonial`
--

INSERT INTO `testimonial` (`id`, `name`, `description`, `scholarship_image`, `created_date`) VALUES
(3, 'demo', 'Et nec tantas accusamus salutatus, sit commodo veritus te, erat fabulas has ut.\r\n                                        Rebum\r\n                                        cum laudem cum ea, accusamus salutatus, sit commodo veritus te,erat legere\r\n           ', 'team-2.jpg', '2024-01-16 14:08:16'),
(4, 'Nathan Joe', 'Et nec tantas accusamus salutatus, sit commodo veritus te, erat fabulas has ut.\r\n                                        Rebum\r\n                                        cum laudem cum ea, accusamus salutatus, sit commodo veritus te,erat legere\r\n           ', 'team-1.jpg', '2024-01-16 14:08:47');

-- --------------------------------------------------------

--
-- Table structure for table `transport`
--

CREATE TABLE `transport` (
  `transport_id` int(11) NOT NULL,
  `name` longtext CHARACTER SET utf8 COLLATE utf8_unicode_ci NOT NULL,
  `transport_route_id` int(11) NOT NULL,
  `vehicle_id` int(11) NOT NULL,
  `route_fare` longtext CHARACTER SET utf8 COLLATE utf8_unicode_ci NOT NULL,
  `description` longtext CHARACTER SET utf8 COLLATE utf8_unicode_ci NOT NULL
) ENGINE=MyISAM DEFAULT CHARSET=latin1;

-- --------------------------------------------------------

--
-- Table structure for table `transport_route`
--

CREATE TABLE `transport_route` (
  `transport_route_id` int(11) NOT NULL,
  `name` longtext CHARACTER SET utf8 COLLATE utf8_unicode_ci NOT NULL,
  `description` longtext CHARACTER SET utf8 COLLATE utf8_unicode_ci NOT NULL
) ENGINE=MyISAM DEFAULT CHARSET=latin1;

--
-- Dumping data for table `transport_route`
--

INSERT INTO `transport_route` (`transport_route_id`, `name`, `description`) VALUES
(2, 'Toronto to Usa', 'This is vehicle is going from Canada to Usa'),
(3, 'Lagos to Canada', 'This is going to Canada');

-- --------------------------------------------------------

--
-- Table structure for table `users`
--

CREATE TABLE `users` (
  `user_id` int(11) NOT NULL,
  `user_name` varchar(255) CHARACTER SET utf8 COLLATE utf8_unicode_ci NOT NULL,
  `user_password` varchar(100) NOT NULL,
  `first_name` varchar(255) NOT NULL,
  `last_name` varchar(255) NOT NULL,
  `gender` varchar(10) NOT NULL,
  `user_role` int(11) NOT NULL,
  `is_active` tinyint(4) NOT NULL,
  `created_date` datetime NOT NULL DEFAULT CURRENT_TIMESTAMP,
  `ip_address` varchar(45) NOT NULL,
  `email` varchar(254) DEFAULT NULL,
  `activation_selector` varchar(255) DEFAULT NULL,
  `activation_code` varchar(255) DEFAULT NULL,
  `forgotten_password_selector` varchar(255) DEFAULT NULL,
  `forgotten_password_code` varchar(255) DEFAULT NULL,
  `forgotten_password_time` int(10) UNSIGNED DEFAULT NULL,
  `remember_selector` varchar(255) DEFAULT NULL,
  `remember_code` varchar(255) DEFAULT NULL,
  `last_login` int(10) UNSIGNED DEFAULT NULL,
  `phone` varchar(20) DEFAULT NULL
) ENGINE=InnoDB DEFAULT CHARSET=latin1;

--
-- Dumping data for table `users`
--

INSERT INTO `users` (`user_id`, `user_name`, `user_password`, `first_name`, `last_name`, `gender`, `user_role`, `is_active`, `created_date`, `ip_address`, `email`, `activation_selector`, `activation_code`, `forgotten_password_selector`, `forgotten_password_code`, `forgotten_password_time`, `remember_selector`, `remember_code`, `last_login`, `phone`) VALUES
(1, 'admin', '202cb962ac59075b964b07152d234b70', '', '', '', 1, 1, '2018-09-25 17:31:00', '', NULL, NULL, NULL, NULL, NULL, NULL, NULL, NULL, NULL, NULL),
(6, 'akshu', '50f20ea242c189f7dd46242e8411dc9f', 'akshu', 'm', 'female', 2, 1, '2023-11-30 10:00:06', '', NULL, NULL, NULL, NULL, NULL, NULL, NULL, NULL, NULL, NULL),
(7, 'ankita', '1138dd6fdda5d617dfe218898ee02077', 'ankita', 'rokde', 'female', 2, 1, '2023-12-19 11:21:57', '', NULL, NULL, NULL, NULL, NULL, NULL, NULL, NULL, NULL, NULL),
(8, 'sudipa', 'a7b24d715c42b8d2606c35d88b5a2954', 'sudipa', 'maity', 'female', 2, 1, '2023-12-19 13:10:07', '', NULL, NULL, NULL, NULL, NULL, NULL, NULL, NULL, NULL, NULL);

-- --------------------------------------------------------

--
-- Table structure for table `vehicle`
--

CREATE TABLE `vehicle` (
  `vehicle_id` int(11) NOT NULL,
  `name` longtext CHARACTER SET utf8 COLLATE utf8_unicode_ci NOT NULL,
  `vehicle_number` longtext CHARACTER SET utf8 COLLATE utf8_unicode_ci NOT NULL,
  `vehicle_model` longtext CHARACTER SET utf8 COLLATE utf8_unicode_ci NOT NULL,
  `vehicle_quantity` longtext CHARACTER SET utf8 COLLATE utf8_unicode_ci NOT NULL,
  `year_made` longtext CHARACTER SET utf8 COLLATE utf8_unicode_ci NOT NULL,
  `driver_name` longtext CHARACTER SET utf8 COLLATE utf8_unicode_ci NOT NULL,
  `driver_license` longtext CHARACTER SET utf8 COLLATE utf8_unicode_ci NOT NULL,
  `driver_contact` longtext CHARACTER SET utf8 COLLATE utf8_unicode_ci NOT NULL,
  `description` longtext CHARACTER SET utf8 COLLATE utf8_unicode_ci NOT NULL,
  `status` longtext CHARACTER SET utf8 COLLATE utf8_unicode_ci NOT NULL
) ENGINE=MyISAM DEFAULT CHARSET=latin1;

--
-- Dumping data for table `vehicle`
--

INSERT INTO `vehicle` (`vehicle_id`, `name`, `vehicle_number`, `vehicle_model`, `vehicle_quantity`, `year_made`, `driver_name`, `driver_license`, `driver_contact`, `description`, `status`) VALUES
(2, 'Toyota', '423', 'Camry', '2', '2019', 'Udemy Sheg', 'License', 'Contact address here', 'description here', 'available');

-- --------------------------------------------------------

--
-- Table structure for table `winners`
--

CREATE TABLE `winners` (
  `id` int(11) NOT NULL,
  `title` varchar(255) COLLATE utf8_unicode_ci NOT NULL,
  `winners_img` varchar(255) COLLATE utf8_unicode_ci NOT NULL,
  `created_date` datetime NOT NULL DEFAULT CURRENT_TIMESTAMP
) ENGINE=InnoDB DEFAULT CHARSET=utf8 COLLATE=utf8_unicode_ci;

--
-- Dumping data for table `winners`
--

INSERT INTO `winners` (`id`, `title`, `winners_img`, `created_date`) VALUES
(8, 'JEE ADVANCED', '1.jpg', '2024-01-16 13:19:57'),
(9, 'JEE MAIN', '2.jpg', '2024-01-16 13:20:51');

--
-- Indexes for dumped tables
--

--
-- Indexes for table `academic_syllabus`
--
ALTER TABLE `academic_syllabus`
  ADD PRIMARY KEY (`id`);

--
-- Indexes for table `activity`
--
ALTER TABLE `activity`
  ADD PRIMARY KEY (`activity_id`);

--
-- Indexes for table `admin`
--
ALTER TABLE `admin`
  ADD PRIMARY KEY (`admin_id`);

--
-- Indexes for table `admin_role`
--
ALTER TABLE `admin_role`
  ADD PRIMARY KEY (`admin_role_id`);

--
-- Indexes for table `announcement`
--
ALTER TABLE `announcement`
  ADD PRIMARY KEY (`id`);

--
-- Indexes for table `assignment`
--
ALTER TABLE `assignment`
  ADD PRIMARY KEY (`assignment_id`);

--
-- Indexes for table `attendance`
--
ALTER TABLE `attendance`
  ADD PRIMARY KEY (`attendance_id`);

--
-- Indexes for table `bank`
--
ALTER TABLE `bank`
  ADD PRIMARY KEY (`bank_id`);

--
-- Indexes for table `book`
--
ALTER TABLE `book`
  ADD PRIMARY KEY (`book_id`);

--
-- Indexes for table `book_category`
--
ALTER TABLE `book_category`
  ADD PRIMARY KEY (`book_category_id`);

--
-- Indexes for table `circular`
--
ALTER TABLE `circular`
  ADD PRIMARY KEY (`circular_id`);

--
-- Indexes for table `ci_sessions`
--
ALTER TABLE `ci_sessions`
  ADD PRIMARY KEY (`id`),
  ADD KEY `ci_sessions_timestamp` (`timestamp`);

--
-- Indexes for table `class`
--
ALTER TABLE `class`
  ADD PRIMARY KEY (`class_id`);

--
-- Indexes for table `classroom`
--
ALTER TABLE `classroom`
  ADD PRIMARY KEY (`id`);

--
-- Indexes for table `club`
--
ALTER TABLE `club`
  ADD PRIMARY KEY (`club_id`);

--
-- Indexes for table `courses`
--
ALTER TABLE `courses`
  ADD PRIMARY KEY (`id`);

--
-- Indexes for table `department`
--
ALTER TABLE `department`
  ADD PRIMARY KEY (`department_id`);

--
-- Indexes for table `designation`
--
ALTER TABLE `designation`
  ADD PRIMARY KEY (`designation_id`);

--
-- Indexes for table `dormitory`
--
ALTER TABLE `dormitory`
  ADD PRIMARY KEY (`dormitory_id`);

--
-- Indexes for table `dosen`
--
ALTER TABLE `dosen`
  ADD PRIMARY KEY (`id_dosen`),
  ADD UNIQUE KEY `email` (`email`),
  ADD UNIQUE KEY `nip` (`nip`),
  ADD KEY `matkul_id` (`matkul_id`);

--
-- Indexes for table `enquiry`
--
ALTER TABLE `enquiry`
  ADD PRIMARY KEY (`enquiry_id`);

--
-- Indexes for table `enquiry_category`
--
ALTER TABLE `enquiry_category`
  ADD PRIMARY KEY (`enquiry_category_id`);

--
-- Indexes for table `exam`
--
ALTER TABLE `exam`
  ADD PRIMARY KEY (`exam_id`);

--
-- Indexes for table `exam_question`
--
ALTER TABLE `exam_question`
  ADD PRIMARY KEY (`exam_question_id`);

--
-- Indexes for table `expense_category`
--
ALTER TABLE `expense_category`
  ADD PRIMARY KEY (`expense_category_id`);

--
-- Indexes for table `gallery`
--
ALTER TABLE `gallery`
  ADD PRIMARY KEY (`id`);

--
-- Indexes for table `groups`
--
ALTER TABLE `groups`
  ADD PRIMARY KEY (`id`);

--
-- Indexes for table `home_slider`
--
ALTER TABLE `home_slider`
  ADD PRIMARY KEY (`id`);

--
-- Indexes for table `hostel_category`
--
ALTER TABLE `hostel_category`
  ADD PRIMARY KEY (`hostel_category_id`);

--
-- Indexes for table `hostel_room`
--
ALTER TABLE `hostel_room`
  ADD PRIMARY KEY (`hostel_room_id`);

--
-- Indexes for table `house`
--
ALTER TABLE `house`
  ADD PRIMARY KEY (`house_id`);

--
-- Indexes for table `h_ujian`
--
ALTER TABLE `h_ujian`
  ADD PRIMARY KEY (`id`),
  ADD KEY `ujian_id` (`ujian_id`),
  ADD KEY `mahasiswa_id` (`mahasiswa_id`);

--
-- Indexes for table `invoice`
--
ALTER TABLE `invoice`
  ADD PRIMARY KEY (`invoice_id`);

--
-- Indexes for table `jurusan`
--
ALTER TABLE `jurusan`
  ADD PRIMARY KEY (`id_jurusan`);

--
-- Indexes for table `jurusan_matkul`
--
ALTER TABLE `jurusan_matkul`
  ADD PRIMARY KEY (`id`),
  ADD KEY `jurusan_id` (`jurusan_id`),
  ADD KEY `matkul_id` (`matkul_id`);

--
-- Indexes for table `kelas`
--
ALTER TABLE `kelas`
  ADD PRIMARY KEY (`id_kelas`),
  ADD KEY `jurusan_id` (`jurusan_id`);

--
-- Indexes for table `kelas_dosen`
--
ALTER TABLE `kelas_dosen`
  ADD PRIMARY KEY (`id`),
  ADD KEY `kelas_id` (`kelas_id`),
  ADD KEY `dosen_id` (`dosen_id`);

--
-- Indexes for table `language`
--
ALTER TABLE `language`
  ADD PRIMARY KEY (`phrase_id`);

--
-- Indexes for table `language_list`
--
ALTER TABLE `language_list`
  ADD PRIMARY KEY (`language_list_id`);

--
-- Indexes for table `leave`
--
ALTER TABLE `leave`
  ADD PRIMARY KEY (`leave_id`);

--
-- Indexes for table `login_attempts`
--
ALTER TABLE `login_attempts`
  ADD PRIMARY KEY (`id`);

--
-- Indexes for table `mahasiswa`
--
ALTER TABLE `mahasiswa`
  ADD PRIMARY KEY (`id_mahasiswa`),
  ADD UNIQUE KEY `nim` (`nim`),
  ADD UNIQUE KEY `email` (`email`),
  ADD KEY `kelas_id` (`kelas_id`);

--
-- Indexes for table `mark`
--
ALTER TABLE `mark`
  ADD PRIMARY KEY (`mark_id`);

--
-- Indexes for table `material`
--
ALTER TABLE `material`
  ADD PRIMARY KEY (`material_id`);

--
-- Indexes for table `matkul`
--
ALTER TABLE `matkul`
  ADD PRIMARY KEY (`id_matkul`);

--
-- Indexes for table `meeting_link`
--
ALTER TABLE `meeting_link`
  ADD PRIMARY KEY (`id`);

--
-- Indexes for table `m_ujian`
--
ALTER TABLE `m_ujian`
  ADD PRIMARY KEY (`id_ujian`),
  ADD KEY `matkul_id` (`matkul_id`),
  ADD KEY `dosen_id` (`dosen_id`);

--
-- Indexes for table `noticeboard`
--
ALTER TABLE `noticeboard`
  ADD PRIMARY KEY (`noticeboard_id`);

--
-- Indexes for table `parent`
--
ALTER TABLE `parent`
  ADD PRIMARY KEY (`parent_id`);

--
-- Indexes for table `payment`
--
ALTER TABLE `payment`
  ADD PRIMARY KEY (`payment_id`);

--
-- Indexes for table `quiz_answer`
--
ALTER TABLE `quiz_answer`
  ADD PRIMARY KEY (`id`);

--
-- Indexes for table `quiz_details`
--
ALTER TABLE `quiz_details`
  ADD PRIMARY KEY (`quiz_id`);

--
-- Indexes for table `quiz_enquiry`
--
ALTER TABLE `quiz_enquiry`
  ADD PRIMARY KEY (`user_id`);

--
-- Indexes for table `quiz_questions`
--
ALTER TABLE `quiz_questions`
  ADD PRIMARY KEY (`id`);

--
-- Indexes for table `recorded_lecture`
--
ALTER TABLE `recorded_lecture`
  ADD PRIMARY KEY (`id`);

--
-- Indexes for table `results`
--
ALTER TABLE `results`
  ADD PRIMARY KEY (`id`);

--
-- Indexes for table `section`
--
ALTER TABLE `section`
  ADD PRIMARY KEY (`section_id`);

--
-- Indexes for table `settings`
--
ALTER TABLE `settings`
  ADD PRIMARY KEY (`settings_id`);

--
-- Indexes for table `sms_settings`
--
ALTER TABLE `sms_settings`
  ADD PRIMARY KEY (`sms_setting_id`);

--
-- Indexes for table `social_category`
--
ALTER TABLE `social_category`
  ADD PRIMARY KEY (`social_category_id`);

--
-- Indexes for table `student`
--
ALTER TABLE `student`
  ADD PRIMARY KEY (`student_id`);

--
-- Indexes for table `student_category`
--
ALTER TABLE `student_category`
  ADD PRIMARY KEY (`student_category_id`);

--
-- Indexes for table `subject`
--
ALTER TABLE `subject`
  ADD PRIMARY KEY (`subject_id`);

--
-- Indexes for table `tb_soal`
--
ALTER TABLE `tb_soal`
  ADD PRIMARY KEY (`id_soal`),
  ADD KEY `matkul_id` (`matkul_id`),
  ADD KEY `dosen_id` (`dosen_id`);

--
-- Indexes for table `teacher`
--
ALTER TABLE `teacher`
  ADD PRIMARY KEY (`teacher_id`);

--
-- Indexes for table `testimonial`
--
ALTER TABLE `testimonial`
  ADD PRIMARY KEY (`id`);

--
-- Indexes for table `transport`
--
ALTER TABLE `transport`
  ADD PRIMARY KEY (`transport_id`);

--
-- Indexes for table `transport_route`
--
ALTER TABLE `transport_route`
  ADD PRIMARY KEY (`transport_route_id`);

--
-- Indexes for table `users`
--
ALTER TABLE `users`
  ADD PRIMARY KEY (`user_id`),
  ADD KEY `user_name` (`user_name`);

--
-- Indexes for table `vehicle`
--
ALTER TABLE `vehicle`
  ADD PRIMARY KEY (`vehicle_id`);

--
-- Indexes for table `winners`
--
ALTER TABLE `winners`
  ADD PRIMARY KEY (`id`);

--
-- AUTO_INCREMENT for dumped tables
--

--
-- AUTO_INCREMENT for table `academic_syllabus`
--
ALTER TABLE `academic_syllabus`
  MODIFY `id` int(11) NOT NULL AUTO_INCREMENT, AUTO_INCREMENT=7;

--
-- AUTO_INCREMENT for table `activity`
--
ALTER TABLE `activity`
  MODIFY `activity_id` int(11) NOT NULL AUTO_INCREMENT, AUTO_INCREMENT=2;

--
-- AUTO_INCREMENT for table `admin`
--
ALTER TABLE `admin`
  MODIFY `admin_id` int(11) NOT NULL AUTO_INCREMENT, AUTO_INCREMENT=18;

--
-- AUTO_INCREMENT for table `admin_role`
--
ALTER TABLE `admin_role`
  MODIFY `admin_role_id` int(11) NOT NULL AUTO_INCREMENT, AUTO_INCREMENT=14;

--
-- AUTO_INCREMENT for table `announcement`
--
ALTER TABLE `announcement`
  MODIFY `id` int(11) NOT NULL AUTO_INCREMENT, AUTO_INCREMENT=9;

--
-- AUTO_INCREMENT for table `assignment`
--
ALTER TABLE `assignment`
  MODIFY `assignment_id` int(11) NOT NULL AUTO_INCREMENT, AUTO_INCREMENT=5;

--
-- AUTO_INCREMENT for table `attendance`
--
ALTER TABLE `attendance`
  MODIFY `attendance_id` int(11) NOT NULL AUTO_INCREMENT, AUTO_INCREMENT=45;

--
-- AUTO_INCREMENT for table `bank`
--
ALTER TABLE `bank`
  MODIFY `bank_id` int(11) NOT NULL AUTO_INCREMENT, AUTO_INCREMENT=7;

--
-- AUTO_INCREMENT for table `book`
--
ALTER TABLE `book`
  MODIFY `book_id` int(11) NOT NULL AUTO_INCREMENT, AUTO_INCREMENT=5;

--
-- AUTO_INCREMENT for table `book_category`
--
ALTER TABLE `book_category`
  MODIFY `book_category_id` int(11) NOT NULL AUTO_INCREMENT, AUTO_INCREMENT=3;

--
-- AUTO_INCREMENT for table `circular`
--
ALTER TABLE `circular`
  MODIFY `circular_id` int(11) NOT NULL AUTO_INCREMENT, AUTO_INCREMENT=4;

--
-- AUTO_INCREMENT for table `class`
--
ALTER TABLE `class`
  MODIFY `class_id` int(11) NOT NULL AUTO_INCREMENT, AUTO_INCREMENT=7;

--
-- AUTO_INCREMENT for table `classroom`
--
ALTER TABLE `classroom`
  MODIFY `id` int(11) NOT NULL AUTO_INCREMENT;

--
-- AUTO_INCREMENT for table `club`
--
ALTER TABLE `club`
  MODIFY `club_id` int(11) NOT NULL AUTO_INCREMENT, AUTO_INCREMENT=5;

--
-- AUTO_INCREMENT for table `courses`
--
ALTER TABLE `courses`
  MODIFY `id` int(11) NOT NULL AUTO_INCREMENT, AUTO_INCREMENT=27;

--
-- AUTO_INCREMENT for table `department`
--
ALTER TABLE `department`
  MODIFY `department_id` int(11) NOT NULL AUTO_INCREMENT, AUTO_INCREMENT=6;

--
-- AUTO_INCREMENT for table `designation`
--
ALTER TABLE `designation`
  MODIFY `designation_id` int(11) NOT NULL AUTO_INCREMENT, AUTO_INCREMENT=15;

--
-- AUTO_INCREMENT for table `dormitory`
--
ALTER TABLE `dormitory`
  MODIFY `dormitory_id` int(11) NOT NULL AUTO_INCREMENT, AUTO_INCREMENT=3;

--
-- AUTO_INCREMENT for table `dosen`
--
ALTER TABLE `dosen`
  MODIFY `id_dosen` int(11) NOT NULL AUTO_INCREMENT, AUTO_INCREMENT=8;

--
-- AUTO_INCREMENT for table `enquiry`
--
ALTER TABLE `enquiry`
  MODIFY `enquiry_id` int(11) NOT NULL AUTO_INCREMENT, AUTO_INCREMENT=2;

--
-- AUTO_INCREMENT for table `enquiry_category`
--
ALTER TABLE `enquiry_category`
  MODIFY `enquiry_category_id` int(11) NOT NULL AUTO_INCREMENT, AUTO_INCREMENT=7;

--
-- AUTO_INCREMENT for table `exam`
--
ALTER TABLE `exam`
  MODIFY `exam_id` int(11) NOT NULL AUTO_INCREMENT, AUTO_INCREMENT=3;

--
-- AUTO_INCREMENT for table `exam_question`
--
ALTER TABLE `exam_question`
  MODIFY `exam_question_id` int(11) NOT NULL AUTO_INCREMENT, AUTO_INCREMENT=6;

--
-- AUTO_INCREMENT for table `expense_category`
--
ALTER TABLE `expense_category`
  MODIFY `expense_category_id` int(11) NOT NULL AUTO_INCREMENT, AUTO_INCREMENT=6;

--
-- AUTO_INCREMENT for table `gallery`
--
ALTER TABLE `gallery`
  MODIFY `id` int(11) NOT NULL AUTO_INCREMENT;

--
-- AUTO_INCREMENT for table `groups`
--
ALTER TABLE `groups`
  MODIFY `id` mediumint(8) UNSIGNED NOT NULL AUTO_INCREMENT, AUTO_INCREMENT=4;

--
-- AUTO_INCREMENT for table `home_slider`
--
ALTER TABLE `home_slider`
  MODIFY `id` int(11) NOT NULL AUTO_INCREMENT, AUTO_INCREMENT=7;

--
-- AUTO_INCREMENT for table `hostel_category`
--
ALTER TABLE `hostel_category`
  MODIFY `hostel_category_id` int(11) NOT NULL AUTO_INCREMENT, AUTO_INCREMENT=5;

--
-- AUTO_INCREMENT for table `hostel_room`
--
ALTER TABLE `hostel_room`
  MODIFY `hostel_room_id` int(11) NOT NULL AUTO_INCREMENT, AUTO_INCREMENT=3;

--
-- AUTO_INCREMENT for table `house`
--
ALTER TABLE `house`
  MODIFY `house_id` int(11) NOT NULL AUTO_INCREMENT, AUTO_INCREMENT=5;

--
-- AUTO_INCREMENT for table `h_ujian`
--
ALTER TABLE `h_ujian`
  MODIFY `id` int(11) NOT NULL AUTO_INCREMENT, AUTO_INCREMENT=8;

--
-- AUTO_INCREMENT for table `invoice`
--
ALTER TABLE `invoice`
  MODIFY `invoice_id` int(11) NOT NULL AUTO_INCREMENT, AUTO_INCREMENT=4;

--
-- AUTO_INCREMENT for table `jurusan`
--
ALTER TABLE `jurusan`
  MODIFY `id_jurusan` int(11) NOT NULL AUTO_INCREMENT, AUTO_INCREMENT=7;

--
-- AUTO_INCREMENT for table `jurusan_matkul`
--
ALTER TABLE `jurusan_matkul`
  MODIFY `id` int(11) NOT NULL AUTO_INCREMENT, AUTO_INCREMENT=11;

--
-- AUTO_INCREMENT for table `kelas`
--
ALTER TABLE `kelas`
  MODIFY `id_kelas` int(11) NOT NULL AUTO_INCREMENT, AUTO_INCREMENT=14;

--
-- AUTO_INCREMENT for table `kelas_dosen`
--
ALTER TABLE `kelas_dosen`
  MODIFY `id` int(11) NOT NULL AUTO_INCREMENT, AUTO_INCREMENT=16;

--
-- AUTO_INCREMENT for table `language`
--
ALTER TABLE `language`
  MODIFY `phrase_id` int(11) NOT NULL AUTO_INCREMENT, AUTO_INCREMENT=40558;

--
-- AUTO_INCREMENT for table `language_list`
--
ALTER TABLE `language_list`
  MODIFY `language_list_id` int(11) NOT NULL AUTO_INCREMENT;

--
-- AUTO_INCREMENT for table `leave`
--
ALTER TABLE `leave`
  MODIFY `leave_id` int(11) NOT NULL AUTO_INCREMENT, AUTO_INCREMENT=3;

--
-- AUTO_INCREMENT for table `login_attempts`
--
ALTER TABLE `login_attempts`
  MODIFY `id` int(10) UNSIGNED NOT NULL AUTO_INCREMENT, AUTO_INCREMENT=16;

--
-- AUTO_INCREMENT for table `mahasiswa`
--
ALTER TABLE `mahasiswa`
  MODIFY `id_mahasiswa` int(11) NOT NULL AUTO_INCREMENT, AUTO_INCREMENT=5;

--
-- AUTO_INCREMENT for table `mark`
--
ALTER TABLE `mark`
  MODIFY `mark_id` int(11) NOT NULL AUTO_INCREMENT, AUTO_INCREMENT=8;

--
-- AUTO_INCREMENT for table `material`
--
ALTER TABLE `material`
  MODIFY `material_id` int(11) NOT NULL AUTO_INCREMENT, AUTO_INCREMENT=2;

--
-- AUTO_INCREMENT for table `matkul`
--
ALTER TABLE `matkul`
  MODIFY `id_matkul` int(11) NOT NULL AUTO_INCREMENT, AUTO_INCREMENT=10;

--
-- AUTO_INCREMENT for table `meeting_link`
--
ALTER TABLE `meeting_link`
  MODIFY `id` int(11) NOT NULL AUTO_INCREMENT, AUTO_INCREMENT=16;

--
-- AUTO_INCREMENT for table `m_ujian`
--
ALTER TABLE `m_ujian`
  MODIFY `id_ujian` int(11) NOT NULL AUTO_INCREMENT, AUTO_INCREMENT=10;

--
-- AUTO_INCREMENT for table `noticeboard`
--
ALTER TABLE `noticeboard`
  MODIFY `noticeboard_id` int(11) NOT NULL AUTO_INCREMENT, AUTO_INCREMENT=5;

--
-- AUTO_INCREMENT for table `parent`
--
ALTER TABLE `parent`
  MODIFY `parent_id` int(11) NOT NULL AUTO_INCREMENT, AUTO_INCREMENT=5;

--
-- AUTO_INCREMENT for table `payment`
--
ALTER TABLE `payment`
  MODIFY `payment_id` int(11) NOT NULL AUTO_INCREMENT, AUTO_INCREMENT=11;

--
-- AUTO_INCREMENT for table `quiz_answer`
--
ALTER TABLE `quiz_answer`
  MODIFY `id` int(11) NOT NULL AUTO_INCREMENT, AUTO_INCREMENT=75;

--
-- AUTO_INCREMENT for table `quiz_details`
--
ALTER TABLE `quiz_details`
  MODIFY `quiz_id` int(11) NOT NULL AUTO_INCREMENT, AUTO_INCREMENT=16;

--
-- AUTO_INCREMENT for table `quiz_enquiry`
--
ALTER TABLE `quiz_enquiry`
  MODIFY `user_id` int(11) NOT NULL AUTO_INCREMENT, AUTO_INCREMENT=2;

--
-- AUTO_INCREMENT for table `quiz_questions`
--
ALTER TABLE `quiz_questions`
  MODIFY `id` int(11) NOT NULL AUTO_INCREMENT, AUTO_INCREMENT=102;

--
-- AUTO_INCREMENT for table `recorded_lecture`
--
ALTER TABLE `recorded_lecture`
  MODIFY `id` int(11) NOT NULL AUTO_INCREMENT, AUTO_INCREMENT=4;

--
-- AUTO_INCREMENT for table `results`
--
ALTER TABLE `results`
  MODIFY `id` int(11) NOT NULL AUTO_INCREMENT, AUTO_INCREMENT=12;

--
-- AUTO_INCREMENT for table `section`
--
ALTER TABLE `section`
  MODIFY `section_id` int(11) NOT NULL AUTO_INCREMENT, AUTO_INCREMENT=6;

--
-- AUTO_INCREMENT for table `settings`
--
ALTER TABLE `settings`
  MODIFY `settings_id` int(11) NOT NULL AUTO_INCREMENT, AUTO_INCREMENT=124;

--
-- AUTO_INCREMENT for table `sms_settings`
--
ALTER TABLE `sms_settings`
  MODIFY `sms_setting_id` int(11) NOT NULL AUTO_INCREMENT, AUTO_INCREMENT=16;

--
-- AUTO_INCREMENT for table `social_category`
--
ALTER TABLE `social_category`
  MODIFY `social_category_id` int(11) NOT NULL AUTO_INCREMENT, AUTO_INCREMENT=5;

--
-- AUTO_INCREMENT for table `student`
--
ALTER TABLE `student`
  MODIFY `student_id` int(11) NOT NULL AUTO_INCREMENT, AUTO_INCREMENT=47;

--
-- AUTO_INCREMENT for table `student_category`
--
ALTER TABLE `student_category`
  MODIFY `student_category_id` int(11) NOT NULL AUTO_INCREMENT, AUTO_INCREMENT=3;

--
-- AUTO_INCREMENT for table `subject`
--
ALTER TABLE `subject`
  MODIFY `subject_id` int(11) NOT NULL AUTO_INCREMENT, AUTO_INCREMENT=7;

--
-- AUTO_INCREMENT for table `tb_soal`
--
ALTER TABLE `tb_soal`
  MODIFY `id_soal` int(11) NOT NULL AUTO_INCREMENT, AUTO_INCREMENT=31;

--
-- AUTO_INCREMENT for table `teacher`
--
ALTER TABLE `teacher`
  MODIFY `teacher_id` int(11) NOT NULL AUTO_INCREMENT, AUTO_INCREMENT=4;

--
-- AUTO_INCREMENT for table `testimonial`
--
ALTER TABLE `testimonial`
  MODIFY `id` int(11) NOT NULL AUTO_INCREMENT, AUTO_INCREMENT=5;

--
-- AUTO_INCREMENT for table `transport`
--
ALTER TABLE `transport`
  MODIFY `transport_id` int(11) NOT NULL AUTO_INCREMENT, AUTO_INCREMENT=2;

--
-- AUTO_INCREMENT for table `transport_route`
--
ALTER TABLE `transport_route`
  MODIFY `transport_route_id` int(11) NOT NULL AUTO_INCREMENT, AUTO_INCREMENT=4;

--
-- AUTO_INCREMENT for table `users`
--
ALTER TABLE `users`
  MODIFY `user_id` int(11) NOT NULL AUTO_INCREMENT, AUTO_INCREMENT=9;

--
-- AUTO_INCREMENT for table `vehicle`
--
ALTER TABLE `vehicle`
  MODIFY `vehicle_id` int(11) NOT NULL AUTO_INCREMENT, AUTO_INCREMENT=3;

--
-- AUTO_INCREMENT for table `winners`
--
ALTER TABLE `winners`
  MODIFY `id` int(11) NOT NULL AUTO_INCREMENT, AUTO_INCREMENT=10;
COMMIT;

/*!40101 SET CHARACTER_SET_CLIENT=@OLD_CHARACTER_SET_CLIENT */;
/*!40101 SET CHARACTER_SET_RESULTS=@OLD_CHARACTER_SET_RESULTS */;
/*!40101 SET COLLATION_CONNECTION=@OLD_COLLATION_CONNECTION */;
